course_code,subject,title,units_min,units_max,term,section_num,component,max_enrolled,curr_enrolled,building,days,start_time,end_time,start_date,end_date,school,level_num,level,section_id,is_anchor
10N,CS,Computer Play: An Unconventional Introduction to CS and EE,4,4,2025-2026 Spring,1,ISF,16,10,Gilbert Biological Science 117,Friday,1:30:00 PM,2:50:00 PM,"Mar 30, 2026","Jun 3, 2026",engineering,10,seminar,CS-10N-ISF-01,True
10N,CS,Computer Play: An Unconventional Introduction to CS and EE,4,4,2025-2026 Spring,1,ISF,16,10,STLC 105,"Monday,Wednesday",1:30:00 PM,2:20:00 PM,"Mar 30, 2026","Jun 3, 2026",engineering,10,seminar,CS-10N-ISF-01,True
21SI,CS,AI for Social Good,2,2,2025-2026 Spring,1,ACT,20,11,Lathrop 190,Wednesday,5:30:00 PM,6:20:00 PM,"Mar 30, 2026","Jun 3, 2026",engineering,21,seminar,CS-21SI-ACT-01,True
24,CS,"Minds and Machines (LINGUIST 35, PHIL 99, PSYCH 35, SYMSYS 1, SYMSYS 200)",4,4,2025-2026 Spring,1,LEC,150,0,320-105,"Tuesday,Thursday",1:30:00 PM,2:50:00 PM,"Mar 30, 2026","Jun 3, 2026",engineering,24,intro,CS-24-LEC-01,True
25,CS,Transformers United V6 (SYMSYS 25),1,1,2025-2026 Spring,1,ACT,190,100,Skilling Auditorium,Thursday,4:30:00 PM,5:50:00 PM,"Mar 30, 2026","Jun 3, 2026",engineering,25,seminar,CS-25-ACT-01,True
31N,CS,Counterfactuals: The Science of What Ifs?,3,3,2025-2026 Spring,1,ISF,16,8,90-92Q,"Monday,Wednesday",1:30:00 PM,2:50:00 PM,"Mar 30, 2026","Jun 3, 2026",engineering,31,seminar,CS-31N-ISF-01,True
47N,CS,Datathletics: Diving into Data Analytics and Stanford Sports,3,3,2025-2026 Spring,1,ISF,20,19,STLC 118,"Tuesday,Thursday",1:30:00 PM,2:50:00 PM,"Mar 30, 2026","Jun 3, 2026",engineering,47,seminar,CS-47N-ISF-01,True
52,CS,CS + Social Good Studio: Implementing Social Good Projects,2,2,2025-2026 Spring,1,LEC,30,28,CODAB90,"Tuesday,Thursday",4:30:00 PM,5:50:00 PM,"Mar 30, 2026","Jun 3, 2026",engineering,52,intro,CS-52-LEC-01,True
53N,CS,How Can Generative AI Help Us Learn? (DESIGN 183N),3,3,2025-2026 Spring,1,ISF,24,23,160-124,"Tuesday,Thursday",10:30:00 AM,11:50:00 AM,"Mar 30, 2026","Jun 3, 2026",engineering,53,seminar,CS-53N-ISF-01,True
103,CS,Mathematical Foundations of Computing,3,5,2025-2026 Spring,1,LEC,999,181,CODAB80,"Monday,Wednesday,Friday",3:00:00 PM,4:20:00 PM,"Mar 30, 2026","Jun 3, 2026",engineering,103,intro,CS-103-LEC-01,True
104,CS,Introduction to Essential Software Systems and Tools,3,3,2025-2026 Spring,1,LEC,80,22,McCullough 115,"Monday,Wednesday,Friday",3:00:00 PM,4:20:00 PM,"Mar 30, 2026","Jun 3, 2026",engineering,104,intro,CS-104-LEC-01,True
106A,CS,Programming Methodology,3,5,2025-2026 Spring,56,DIS,15,0,110-114,Friday,3:30:00 PM,4:20:00 PM,"Mar 30, 2026","Jun 3, 2026",engineering,106,intro,CS-106A-DIS-56,False
106A,CS,Programming Methodology,3,5,2025-2026 Spring,58,DIS,15,0,STLC 104,Friday,3:30:00 PM,4:20:00 PM,"Mar 30, 2026","Jun 3, 2026",engineering,106,intro,CS-106A-DIS-58,False
106A,CS,Programming Methodology,3,5,2025-2026 Spring,53,DIS,15,0,STLC 118,Friday,2:30:00 PM,3:20:00 PM,"Mar 30, 2026","Jun 3, 2026",engineering,106,intro,CS-106A-DIS-53,False
106A,CS,Programming Methodology,3,5,2025-2026 Spring,46,DIS,15,0,160-129,Friday,12:30:00 PM,1:20:00 PM,"Mar 30, 2026","Jun 3, 2026",engineering,106,intro,CS-106A-DIS-46,False
106A,CS,Programming Methodology,3,5,2025-2026 Spring,37,DIS,15,0,STLC 105,Friday,9:30:00 AM,10:20:00 AM,"Mar 30, 2026","Jun 3, 2026",engineering,106,intro,CS-106A-DIS-37,False
106A,CS,Programming Methodology,3,5,2025-2026 Spring,33,DIS,15,0,ANKO 008,Thursday,7:30:00 PM,8:20:00 PM,"Mar 30, 2026","Jun 3, 2026",engineering,106,intro,CS-106A-DIS-33,False
106A,CS,Programming Methodology,3,5,2025-2026 Spring,27,DIS,15,0,ANKO 008,Thursday,5:30:00 PM,6:20:00 PM,"Mar 30, 2026","Jun 3, 2026",engineering,106,intro,CS-106A-DIS-27,False
106A,CS,Programming Methodology,3,5,2025-2026 Spring,26,DIS,15,0,Lathrop 017,Thursday,5:30:00 PM,6:20:00 PM,"Mar 30, 2026","Jun 3, 2026",engineering,106,intro,CS-106A-DIS-26,False
106A,CS,Programming Methodology,3,5,2025-2026 Spring,54,DIS,15,0,460-334,Friday,2:30:00 PM,3:20:00 PM,"Mar 30, 2026","Jun 3, 2026",engineering,106,intro,CS-106A-DIS-54,False
106A,CS,Programming Methodology,3,5,2025-2026 Spring,52,DIS,15,0,110-114,Friday,2:30:00 PM,3:20:00 PM,"Mar 30, 2026","Jun 3, 2026",engineering,106,intro,CS-106A-DIS-52,False
106A,CS,Programming Methodology,3,5,2025-2026 Spring,19,DIS,15,0,Thornton 210,Thursday,10:30:00 AM,11:20:00 AM,"Mar 30, 2026","Jun 3, 2026",engineering,106,intro,CS-106A-DIS-19,False
106A,CS,Programming Methodology,3,5,2025-2026 Spring,29,DIS,15,0,260-011,Thursday,5:30:00 PM,6:20:00 PM,"Mar 30, 2026","Jun 3, 2026",engineering,106,intro,CS-106A-DIS-29,False
106A,CS,Programming Methodology,3,5,2025-2026 Spring,51,DIS,15,0,250-108,Friday,2:30:00 PM,3:20:00 PM,"Mar 30, 2026","Jun 3, 2026",engineering,106,intro,CS-106A-DIS-51,False
106A,CS,Programming Methodology,3,5,2025-2026 Spring,28,DIS,15,1,Thornton 208,Thursday,5:30:00 PM,6:20:00 PM,"Mar 30, 2026","Jun 3, 2026",engineering,106,intro,CS-106A-DIS-28,False
106A,CS,Programming Methodology,3,5,2025-2026 Spring,47,DIS,15,3,Lathrop 017,Friday,12:30:00 PM,1:20:00 PM,"Mar 30, 2026","Jun 3, 2026",engineering,106,intro,CS-106A-DIS-47,False
106A,CS,Programming Methodology,3,5,2025-2026 Spring,48,DIS,15,4,STLC 104,Friday,12:30:00 PM,1:20:00 PM,"Mar 30, 2026","Jun 3, 2026",engineering,106,intro,CS-106A-DIS-48,False
106A,CS,Programming Methodology,3,5,2025-2026 Spring,50,DIS,15,0,Encina West 108,Friday,2:30:00 PM,3:20:00 PM,"Mar 30, 2026","Jun 3, 2026",engineering,106,intro,CS-106A-DIS-50,False
106A,CS,Programming Methodology,3,5,2025-2026 Spring,49,DIS,15,1,Thornton 209,Friday,2:30:00 PM,3:20:00 PM,"Mar 30, 2026","Jun 3, 2026",engineering,106,intro,CS-106A-DIS-49,False
106A,CS,Programming Methodology,3,5,2025-2026 Spring,31,DIS,15,1,50-51P,Thursday,6:30:00 PM,7:20:00 PM,"Mar 30, 2026","Jun 3, 2026",engineering,106,intro,CS-106A-DIS-31,False
106A,CS,Programming Methodology,3,5,2025-2026 Spring,59,DIS,15,3,Lathrop 015,Friday,3:30:00 PM,4:20:00 PM,"Mar 30, 2026","Jun 3, 2026",engineering,106,intro,CS-106A-DIS-59,False
106A,CS,Programming Methodology,3,5,2025-2026 Spring,23,DIS,15,1,460-301,Thursday,4:30:00 PM,5:20:00 PM,"Mar 30, 2026","Jun 3, 2026",engineering,106,intro,CS-106A-DIS-23,False
106A,CS,Programming Methodology,3,5,2025-2026 Spring,39,DIS,15,3,200-201,Friday,10:30:00 AM,11:20:00 AM,"Mar 30, 2026","Jun 3, 2026",engineering,106,intro,CS-106A-DIS-39,False
106A,CS,Programming Methodology,3,5,2025-2026 Spring,45,DIS,15,5,160-326,Friday,12:30:00 PM,1:20:00 PM,"Mar 30, 2026","Jun 3, 2026",engineering,106,intro,CS-106A-DIS-45,False
106A,CS,Programming Methodology,3,5,2025-2026 Spring,35,DIS,15,2,Departmental Room,Friday,8:30:00 AM,9:20:00 AM,"Mar 30, 2026","Jun 3, 2026",engineering,106,intro,CS-106A-DIS-35,False
106A,CS,Programming Methodology,3,5,2025-2026 Spring,12,DIS,15,7,Departmental Room,Wednesday,6:30:00 PM,7:20:00 PM,"Mar 30, 2026","Jun 3, 2026",engineering,106,intro,CS-106A-DIS-12,False
106A,CS,Programming Methodology,3,5,2025-2026 Spring,18,DIS,15,0,Departmental Room,Thursday,10:30:00 AM,11:20:00 AM,"Mar 30, 2026","Jun 3, 2026",engineering,106,intro,CS-106A-DIS-18,False
106A,CS,Programming Methodology,3,5,2025-2026 Spring,44,DIS,15,1,110-101,Friday,11:30:00 AM,12:20:00 PM,"Mar 30, 2026","Jun 3, 2026",engineering,106,intro,CS-106A-DIS-44,False
106A,CS,Programming Methodology,3,5,2025-2026 Spring,57,DIS,15,1,"Knight Building, Room K18",Friday,3:30:00 PM,4:20:00 PM,"Mar 30, 2026","Jun 3, 2026",engineering,106,intro,CS-106A-DIS-57,False
106A,CS,Programming Methodology,3,5,2025-2026 Spring,36,DIS,15,1,Lathrop 017,Friday,9:30:00 AM,10:20:00 AM,"Mar 30, 2026","Jun 3, 2026",engineering,106,intro,CS-106A-DIS-36,False
106A,CS,Programming Methodology,3,5,2025-2026 Spring,34,DIS,15,1,STLC 105,Thursday,7:30:00 PM,8:20:00 PM,"Mar 30, 2026","Jun 3, 2026",engineering,106,intro,CS-106A-DIS-34,False
106A,CS,Programming Methodology,3,5,2025-2026 Spring,32,DIS,15,4,Lathrop 017,Thursday,7:30:00 PM,8:20:00 PM,"Mar 30, 2026","Jun 3, 2026",engineering,106,intro,CS-106A-DIS-32,False
106A,CS,Programming Methodology,3,5,2025-2026 Spring,41,DIS,15,1,STLC 118,Friday,10:30:00 AM,11:20:00 AM,"Mar 30, 2026","Jun 3, 2026",engineering,106,intro,CS-106A-DIS-41,False
106A,CS,Programming Methodology,3,5,2025-2026 Spring,22,DIS,15,9,460-429,Thursday,4:30:00 PM,5:20:00 PM,"Mar 30, 2026","Jun 3, 2026",engineering,106,intro,CS-106A-DIS-22,False
106A,CS,Programming Methodology,3,5,2025-2026 Spring,30,DIS,15,4,Thornton 208,Thursday,6:30:00 PM,7:20:00 PM,"Mar 30, 2026","Jun 3, 2026",engineering,106,intro,CS-106A-DIS-30,False
106A,CS,Programming Methodology,3,5,2025-2026 Spring,20,DIS,15,4,Encina Center 464,Thursday,10:30:00 AM,11:20:00 AM,"Mar 30, 2026","Jun 3, 2026",engineering,106,intro,CS-106A-DIS-20,False
106A,CS,Programming Methodology,3,5,2025-2026 Spring,40,DIS,15,1,50-51B,Friday,10:30:00 AM,11:20:00 AM,"Mar 30, 2026","Jun 3, 2026",engineering,106,intro,CS-106A-DIS-40,False
106A,CS,Programming Methodology,3,5,2025-2026 Spring,14,DIS,15,5,460-301,Thursday,9:30:00 AM,10:20:00 AM,"Mar 30, 2026","Jun 3, 2026",engineering,106,intro,CS-106A-DIS-14,False
106A,CS,Programming Methodology,3,5,2025-2026 Spring,60,DIS,15,1,ANKO 008,Friday,3:30:00 PM,4:20:00 PM,"Mar 30, 2026","Jun 3, 2026",engineering,106,intro,CS-106A-DIS-60,False
106A,CS,Programming Methodology,3,5,2025-2026 Spring,17,DIS,15,6,McMurtry Art Building 360,Thursday,10:30:00 AM,11:20:00 AM,"Mar 30, 2026","Jun 3, 2026",engineering,106,intro,CS-106A-DIS-17,False
106A,CS,Programming Methodology,3,5,2025-2026 Spring,11,DIS,15,11,460-334,Wednesday,6:30:00 PM,7:20:00 PM,"Mar 30, 2026","Jun 3, 2026",engineering,106,intro,CS-106A-DIS-11,False
106A,CS,Programming Methodology,3,5,2025-2026 Spring,16,DIS,15,13,Lathrop 296,Thursday,10:30:00 AM,11:20:00 AM,"Mar 30, 2026","Jun 3, 2026",engineering,106,intro,CS-106A-DIS-16,False
106A,CS,Programming Methodology,3,5,2025-2026 Spring,21,DIS,15,12,200-015,Thursday,4:30:00 PM,5:20:00 PM,"Mar 30, 2026","Jun 3, 2026",engineering,106,intro,CS-106A-DIS-21,False
106A,CS,Programming Methodology,3,5,2025-2026 Spring,38,DIS,15,5,Gilbert Biological Science 117,Friday,10:30:00 AM,11:20:00 AM,"Mar 30, 2026","Jun 3, 2026",engineering,106,intro,CS-106A-DIS-38,False
106A,CS,Programming Methodology,3,5,2025-2026 Spring,43,DIS,15,3,460-301,Friday,11:30:00 AM,12:20:00 PM,"Mar 30, 2026","Jun 3, 2026",engineering,106,intro,CS-106A-DIS-43,False
106A,CS,Programming Methodology,3,5,2025-2026 Spring,15,DIS,15,1,Thornton 208,Thursday,9:30:00 AM,10:20:00 AM,"Mar 30, 2026","Jun 3, 2026",engineering,106,intro,CS-106A-DIS-15,False
106A,CS,Programming Methodology,3,5,2025-2026 Spring,1,LEC,999,191,Hewlett Teaching Center 200,"Monday,Wednesday,Friday",2:30:00 PM,3:20:00 PM,"Mar 30, 2026","Jun 3, 2026",engineering,106,intro,CS-106A-LEC-01,True
106A,CS,Programming Methodology,3,5,2025-2026 Spring,42,DIS,15,8,20-21B,Friday,11:30:00 AM,12:20:00 PM,"Mar 30, 2026","Jun 3, 2026",engineering,106,intro,CS-106A-DIS-42,False
106A,CS,Programming Methodology,3,5,2025-2026 Spring,24,DIS,15,2,110-114,Thursday,4:30:00 PM,5:20:00 PM,"Mar 30, 2026","Jun 3, 2026",engineering,106,intro,CS-106A-DIS-24,False
106A,CS,Programming Methodology,3,5,2025-2026 Spring,25,DIS,15,7,Departmental Room,Thursday,5:30:00 PM,6:20:00 PM,"Mar 30, 2026","Jun 3, 2026",engineering,106,intro,CS-106A-DIS-25,False
106A,CS,Programming Methodology,3,5,2025-2026 Spring,13,DIS,15,4,STLC 105,Thursday,8:30:00 AM,9:20:00 AM,"Mar 30, 2026","Jun 3, 2026",engineering,106,intro,CS-106A-DIS-13,False
106A,CS,Programming Methodology,3,5,2025-2026 Spring,55,DIS,15,9,Lathrop 017,Friday,3:30:00 PM,4:20:00 PM,"Mar 30, 2026","Jun 3, 2026",engineering,106,intro,CS-106A-DIS-55,False
106B,CS,Programming Abstractions,3,5,2025-2026 Spring,58,DIS,15,0,160-129,Friday,3:30:00 PM,4:20:00 PM,"Mar 30, 2026","Jun 3, 2026",engineering,106,intro,CS-106B-DIS-58,False
106B,CS,Programming Abstractions,3,5,2025-2026 Spring,27,DIS,15,0,200-015,Thursday,5:30:00 PM,6:20:00 PM,"Mar 30, 2026","Jun 3, 2026",engineering,106,intro,CS-106B-DIS-27,False
106B,CS,Programming Abstractions,3,5,2025-2026 Spring,53,DIS,15,0,STLC 104,Friday,2:30:00 PM,3:20:00 PM,"Mar 30, 2026","Jun 3, 2026",engineering,106,intro,CS-106B-DIS-53,False
106B,CS,Programming Abstractions,3,5,2025-2026 Spring,44,DIS,15,0,STLC 118,Friday,11:30:00 AM,12:20:00 PM,"Mar 30, 2026","Jun 3, 2026",engineering,106,intro,CS-106B-DIS-44,False
106B,CS,Programming Abstractions,3,5,2025-2026 Spring,42,DIS,15,0,STLC 104,Friday,11:30:00 AM,12:20:00 PM,"Mar 30, 2026","Jun 3, 2026",engineering,106,intro,CS-106B-DIS-42,False
106B,CS,Programming Abstractions,3,5,2025-2026 Spring,31,DIS,15,0,STLC 118,Thursday,7:30:00 PM,8:20:00 PM,"Mar 30, 2026","Jun 3, 2026",engineering,106,intro,CS-106B-DIS-31,False
106B,CS,Programming Abstractions,3,5,2025-2026 Spring,52,DIS,15,0,Thornton 207,Friday,2:30:00 PM,3:20:00 PM,"Mar 30, 2026","Jun 3, 2026",engineering,106,intro,CS-106B-DIS-52,False
106B,CS,Programming Abstractions,3,5,2025-2026 Spring,26,DIS,15,0,Departmental Room,Thursday,5:30:00 PM,6:20:00 PM,"Mar 30, 2026","Jun 3, 2026",engineering,106,intro,CS-106B-DIS-26,False
106B,CS,Programming Abstractions,3,5,2025-2026 Spring,23,DIS,15,2,STLC 118,Thursday,4:30:00 PM,5:20:00 PM,"Mar 30, 2026","Jun 3, 2026",engineering,106,intro,CS-106B-DIS-23,False
106B,CS,Programming Abstractions,3,5,2025-2026 Spring,36,DIS,15,2,Lathrop 015,Friday,9:30:00 AM,10:20:00 AM,"Mar 30, 2026","Jun 3, 2026",engineering,106,intro,CS-106B-DIS-36,False
106B,CS,Programming Abstractions,3,5,2025-2026 Spring,55,DIS,15,2,STLC 105,Friday,2:30:00 PM,3:20:00 PM,"Mar 30, 2026","Jun 3, 2026",engineering,106,intro,CS-106B-DIS-55,False
106B,CS,Programming Abstractions,3,5,2025-2026 Spring,28,DIS,15,1,ANKO 008,Thursday,6:30:00 PM,7:20:00 PM,"Mar 30, 2026","Jun 3, 2026",engineering,106,intro,CS-106B-DIS-28,False
106B,CS,Programming Abstractions,3,5,2025-2026 Spring,29,DIS,15,3,Lathrop 017,Thursday,6:30:00 PM,7:20:00 PM,"Mar 30, 2026","Jun 3, 2026",engineering,106,intro,CS-106B-DIS-29,False
106B,CS,Programming Abstractions,3,5,2025-2026 Spring,9,DIS,15,0,200-015,Wednesday,5:30:00 PM,6:20:00 PM,"Mar 30, 2026","Jun 3, 2026",engineering,106,intro,CS-106B-DIS-09,False
106B,CS,Programming Abstractions,3,5,2025-2026 Spring,21,DIS,15,3,STLC 104,Thursday,4:30:00 PM,5:20:00 PM,"Mar 30, 2026","Jun 3, 2026",engineering,106,intro,CS-106B-DIS-21,False
106B,CS,Programming Abstractions,3,5,2025-2026 Spring,41,DIS,15,2,STLC 119,Friday,11:30:00 AM,12:20:00 PM,"Mar 30, 2026","Jun 3, 2026",engineering,106,intro,CS-106B-DIS-41,False
106B,CS,Programming Abstractions,3,5,2025-2026 Spring,49,DIS,15,5,160-329,Friday,12:30:00 PM,1:20:00 PM,"Mar 30, 2026","Jun 3, 2026",engineering,106,intro,CS-106B-DIS-49,False
106B,CS,Programming Abstractions,3,5,2025-2026 Spring,59,DIS,15,3,STLC 119,Friday,3:30:00 PM,4:20:00 PM,"Mar 30, 2026","Jun 3, 2026",engineering,106,intro,CS-106B-DIS-59,False
106B,CS,Programming Abstractions,3,5,2025-2026 Spring,57,DIS,15,0,Departmental Room,Friday,3:30:00 PM,4:20:00 PM,"Mar 30, 2026","Jun 3, 2026",engineering,106,intro,CS-106B-DIS-57,False
106B,CS,Programming Abstractions,3,5,2025-2026 Spring,51,DIS,15,0,STLC 119,Friday,2:30:00 PM,3:20:00 PM,"Mar 30, 2026","Jun 3, 2026",engineering,106,intro,CS-106B-DIS-51,False
106B,CS,Programming Abstractions,3,5,2025-2026 Spring,48,DIS,15,2,110-101,Friday,12:30:00 PM,1:20:00 PM,"Mar 30, 2026","Jun 3, 2026",engineering,106,intro,CS-106B-DIS-48,False
106B,CS,Programming Abstractions,3,5,2025-2026 Spring,22,DIS,15,1,260-011,Thursday,4:30:00 PM,5:20:00 PM,"Mar 30, 2026","Jun 3, 2026",engineering,106,intro,CS-106B-DIS-22,False
106B,CS,Programming Abstractions,3,5,2025-2026 Spring,13,DIS,15,1,Gilbert Biological Science 117,Thursday,8:30:00 AM,9:20:00 AM,"Mar 30, 2026","Jun 3, 2026",engineering,106,intro,CS-106B-DIS-13,False
106B,CS,Programming Abstractions,3,5,2025-2026 Spring,40,DIS,15,1,460-301,Friday,10:30:00 AM,11:20:00 AM,"Mar 30, 2026","Jun 3, 2026",engineering,106,intro,CS-106B-DIS-40,False
106B,CS,Programming Abstractions,3,5,2025-2026 Spring,25,DIS,15,1,Lathrop 015,Thursday,5:30:00 PM,6:20:00 PM,"Mar 30, 2026","Jun 3, 2026",engineering,106,intro,CS-106B-DIS-25,False
106B,CS,Programming Abstractions,3,5,2025-2026 Spring,11,DIS,15,2,ANKO 008,Wednesday,6:30:00 PM,7:20:00 PM,"Mar 30, 2026","Jun 3, 2026",engineering,106,intro,CS-106B-DIS-11,False
106B,CS,Programming Abstractions,3,5,2025-2026 Spring,12,DIS,15,1,460-301,Wednesday,6:30:00 PM,7:20:00 PM,"Mar 30, 2026","Jun 3, 2026",engineering,106,intro,CS-106B-DIS-12,False
106B,CS,Programming Abstractions,3,5,2025-2026 Spring,18,DIS,15,4,Departmental Room,Thursday,10:30:00 AM,11:20:00 AM,"Mar 30, 2026","Jun 3, 2026",engineering,106,intro,CS-106B-DIS-18,False
106B,CS,Programming Abstractions,3,5,2025-2026 Spring,37,DIS,15,8,STLC 119,Friday,10:30:00 AM,11:20:00 AM,"Mar 30, 2026","Jun 3, 2026",engineering,106,intro,CS-106B-DIS-37,False
106B,CS,Programming Abstractions,3,5,2025-2026 Spring,54,DIS,15,0,160-129,Friday,2:30:00 PM,3:20:00 PM,"Mar 30, 2026","Jun 3, 2026",engineering,106,intro,CS-106B-DIS-54,False
106B,CS,Programming Abstractions,3,5,2025-2026 Spring,35,DIS,15,0,STLC 104,Friday,9:30:00 AM,10:20:00 AM,"Mar 30, 2026","Jun 3, 2026",engineering,106,intro,CS-106B-DIS-35,False
106B,CS,Programming Abstractions,3,5,2025-2026 Spring,20,DIS,15,3,260-002,Thursday,4:30:00 PM,5:20:00 PM,"Mar 30, 2026","Jun 3, 2026",engineering,106,intro,CS-106B-DIS-20,False
106B,CS,Programming Abstractions,3,5,2025-2026 Spring,56,DIS,15,0,STLC 105,Friday,3:30:00 PM,4:20:00 PM,"Mar 30, 2026","Jun 3, 2026",engineering,106,intro,CS-106B-DIS-56,False
106B,CS,Programming Abstractions,3,5,2025-2026 Spring,17,DIS,15,7,Encina West 101,Thursday,10:30:00 AM,11:20:00 AM,"Mar 30, 2026","Jun 3, 2026",engineering,106,intro,CS-106B-DIS-17,False
106B,CS,Programming Abstractions,3,5,2025-2026 Spring,43,DIS,15,1,260-004,Friday,11:30:00 AM,12:20:00 PM,"Mar 30, 2026","Jun 3, 2026",engineering,106,intro,CS-106B-DIS-43,False
106B,CS,Programming Abstractions,3,5,2025-2026 Spring,8,DIS,15,5,200-201,Wednesday,5:30:00 PM,6:20:00 PM,"Mar 30, 2026","Jun 3, 2026",engineering,106,intro,CS-106B-DIS-08,False
106B,CS,Programming Abstractions,3,5,2025-2026 Spring,38,DIS,15,1,260-004,Friday,10:30:00 AM,11:20:00 AM,"Mar 30, 2026","Jun 3, 2026",engineering,106,intro,CS-106B-DIS-38,False
106B,CS,Programming Abstractions,3,5,2025-2026 Spring,6,DIS,15,7,200-015,Wednesday,4:30:00 PM,5:20:00 PM,"Mar 30, 2026","Jun 3, 2026",engineering,106,intro,CS-106B-DIS-06,False
106B,CS,Programming Abstractions,3,5,2025-2026 Spring,46,DIS,15,3,STLC 119,Friday,12:30:00 PM,1:20:00 PM,"Mar 30, 2026","Jun 3, 2026",engineering,106,intro,CS-106B-DIS-46,False
106B,CS,Programming Abstractions,3,5,2025-2026 Spring,30,DIS,15,1,Departmental Room,Thursday,6:30:00 PM,7:20:00 PM,"Mar 30, 2026","Jun 3, 2026",engineering,106,intro,CS-106B-DIS-30,False
106B,CS,Programming Abstractions,3,5,2025-2026 Spring,10,DIS,15,2,240-110,Wednesday,5:30:00 PM,6:20:00 PM,"Mar 30, 2026","Jun 3, 2026",engineering,106,intro,CS-106B-DIS-10,False
106B,CS,Programming Abstractions,3,5,2025-2026 Spring,19,DIS,15,11,STLC 119,Thursday,4:30:00 PM,5:20:00 PM,"Mar 30, 2026","Jun 3, 2026",engineering,106,intro,CS-106B-DIS-19,False
106B,CS,Programming Abstractions,3,5,2025-2026 Spring,32,DIS,15,2,STLC 104,Thursday,7:30:00 PM,8:20:00 PM,"Mar 30, 2026","Jun 3, 2026",engineering,106,intro,CS-106B-DIS-32,False
106B,CS,Programming Abstractions,3,5,2025-2026 Spring,50,DIS,15,6,Lathrop 015,Friday,2:30:00 PM,3:20:00 PM,"Mar 30, 2026","Jun 3, 2026",engineering,106,intro,CS-106B-DIS-50,False
106B,CS,Programming Abstractions,3,5,2025-2026 Spring,47,DIS,15,2,160-328,Friday,12:30:00 PM,1:20:00 PM,"Mar 30, 2026","Jun 3, 2026",engineering,106,intro,CS-106B-DIS-47,False
106B,CS,Programming Abstractions,3,5,2025-2026 Spring,7,DIS,15,7,50-52E,Wednesday,4:30:00 PM,5:20:00 PM,"Mar 30, 2026","Jun 3, 2026",engineering,106,intro,CS-106B-DIS-07,False
106B,CS,Programming Abstractions,3,5,2025-2026 Spring,15,DIS,15,5,460-334,Thursday,9:30:00 AM,10:20:00 AM,"Mar 30, 2026","Jun 3, 2026",engineering,106,intro,CS-106B-DIS-15,False
106B,CS,Programming Abstractions,3,5,2025-2026 Spring,39,DIS,15,0,110-101,Friday,10:30:00 AM,11:20:00 AM,"Mar 30, 2026","Jun 3, 2026",engineering,106,intro,CS-106B-DIS-39,False
106B,CS,Programming Abstractions,3,5,2025-2026 Spring,14,DIS,15,9,Gilbert Biological Science 117,Thursday,9:30:00 AM,10:20:00 AM,"Mar 30, 2026","Jun 3, 2026",engineering,106,intro,CS-106B-DIS-14,False
106B,CS,Programming Abstractions,3,5,2025-2026 Spring,16,DIS,15,11,STLC 105,Thursday,10:30:00 AM,11:20:00 AM,"Mar 30, 2026","Jun 3, 2026",engineering,106,intro,CS-106B-DIS-16,False
106B,CS,Programming Abstractions,3,5,2025-2026 Spring,2,DIS,15,15,Departmental Room,Wednesday,2:30:00 PM,3:20:00 PM,"Mar 30, 2026","Jun 3, 2026",engineering,106,intro,CS-106B-DIS-02,False
106B,CS,Programming Abstractions,3,5,2025-2026 Spring,4,DIS,15,10,460-429,Wednesday,3:30:00 PM,4:20:00 PM,"Mar 30, 2026","Jun 3, 2026",engineering,106,intro,CS-106B-DIS-04,False
106B,CS,Programming Abstractions,3,5,2025-2026 Spring,45,DIS,15,7,110-114,Friday,12:30:00 PM,1:20:00 PM,"Mar 30, 2026","Jun 3, 2026",engineering,106,intro,CS-106B-DIS-45,False
106B,CS,Programming Abstractions,3,5,2025-2026 Spring,33,DIS,15,1,Gilbert Biological Science 117,Friday,8:30:00 AM,9:20:00 AM,"Mar 30, 2026","Jun 3, 2026",engineering,106,intro,CS-106B-DIS-33,False
106B,CS,Programming Abstractions,3,5,2025-2026 Spring,34,DIS,15,2,Gilbert Biological Science 117,Friday,9:30:00 AM,10:20:00 AM,"Mar 30, 2026","Jun 3, 2026",engineering,106,intro,CS-106B-DIS-34,False
106B,CS,Programming Abstractions,3,5,2025-2026 Spring,24,DIS,15,1,460-301,Thursday,5:30:00 PM,6:20:00 PM,"Mar 30, 2026","Jun 3, 2026",engineering,106,intro,CS-106B-DIS-24,False
106B,CS,Programming Abstractions,3,5,2025-2026 Spring,3,DIS,15,13,Departmental Room,Wednesday,3:30:00 PM,4:20:00 PM,"Mar 30, 2026","Jun 3, 2026",engineering,106,intro,CS-106B-DIS-03,False
106B,CS,Programming Abstractions,3,5,2025-2026 Spring,5,DIS,15,13,Departmental Room,Wednesday,4:30:00 PM,5:20:00 PM,"Mar 30, 2026","Jun 3, 2026",engineering,106,intro,CS-106B-DIS-05,False
106B,CS,Programming Abstractions,3,5,2025-2026 Spring,61,DIS,15,4,STLC 118,Friday,3:30:00 PM,4:20:00 PM,"Mar 30, 2026","Jun 3, 2026",engineering,106,intro,CS-106B-DIS-61,False
106B,CS,Programming Abstractions,3,5,2025-2026 Spring,60,DIS,15,1,Gates100,Friday,3:30:00 PM,4:20:00 PM,"Mar 30, 2026","Jun 3, 2026",engineering,106,intro,CS-106B-DIS-60,False
106B,CS,Programming Abstractions,3,5,2025-2026 Spring,1,LEC,999,264,Hewlett Teaching Center 200,"Monday,Wednesday,Friday",1:30:00 PM,2:20:00 PM,"Mar 30, 2026","Jun 3, 2026",engineering,106,intro,CS-106B-LEC-01,True
106E,CS,Exploring Computing,3,3,2025-2026 Spring,1,LEC,95,58,260-113,"Monday,Wednesday,Friday",12:30:00 PM,1:20:00 PM,"Mar 30, 2026","Jun 3, 2026",engineering,106,intro,CS-106E-LEC-01,True
106EA,CS,Exploring Artificial Intelligence,3,3,2025-2026 Spring,1,LEC,140,60,CODAB60,"Monday,Wednesday",3:00:00 PM,4:20:00 PM,"Mar 30, 2026","Jun 3, 2026",engineering,106,intro,CS-106EA-LEC-01,True
106L,CS,Standard C++ Programming Laboratory,1,1,2025-2026 Spring,1,LAB,60,25,Thornton 110,"Tuesday,Thursday",3:00:00 PM,4:20:00 PM,"Mar 30, 2026","Jun 3, 2026",engineering,106,intro,CS-106L-LAB-01,True
107,CS,Computer Organization and Systems,3,5,2025-2026 Spring,4,LBS,24,0,160-326,Wednesday,4:30:00 PM,5:50:00 PM,"Mar 30, 2026","Jun 3, 2026",engineering,107,intro,CS-107-LBS-04,False
107,CS,Computer Organization and Systems,3,5,2025-2026 Spring,6,LBS,21,0,Gates100,Thursday,1:30:00 PM,2:50:00 PM,"Mar 30, 2026","Jun 3, 2026",engineering,107,intro,CS-107-LBS-06,False
107,CS,Computer Organization and Systems,3,5,2025-2026 Spring,7,LBS,21,0,Littlefield 104,Thursday,3:00:00 PM,4:50:00 PM,"Mar 30, 2026","Jun 3, 2026",engineering,107,intro,CS-107-LBS-07,False
107,CS,Computer Organization and Systems,3,5,2025-2026 Spring,9,LBS,18,0,250-201,Friday,9:30:00 AM,10:50:00 AM,"Mar 30, 2026","Jun 3, 2026",engineering,107,intro,CS-107-LBS-09,False
107,CS,Computer Organization and Systems,3,5,2025-2026 Spring,8,LBS,16,0,Thornton 209,Thursday,4:30:00 PM,5:50:00 PM,"Mar 30, 2026","Jun 3, 2026",engineering,107,intro,CS-107-LBS-08,False
107,CS,Computer Organization and Systems,3,5,2025-2026 Spring,3,LBS,19,1,Encina Center 464,Wednesday,3:30:00 PM,4:50:00 PM,"Mar 30, 2026","Jun 3, 2026",engineering,107,intro,CS-107-LBS-03,False
107,CS,Computer Organization and Systems,3,5,2025-2026 Spring,11,LBS,20,0,,,,,,,engineering,107,intro,CS-107-LBS-11,False
107,CS,Computer Organization and Systems,3,5,2025-2026 Spring,5,LBS,16,4,50-51B,Thursday,10:30:00 AM,11:50:00 AM,"Mar 30, 2026","Jun 3, 2026",engineering,107,intro,CS-107-LBS-05,False
107,CS,Computer Organization and Systems,3,5,2025-2026 Spring,2,LBS,23,1,Encina West 202,Wednesday,1:30:00 PM,2:50:00 PM,"Mar 30, 2026","Jun 3, 2026",engineering,107,intro,CS-107-LBS-02,False
107,CS,Computer Organization and Systems,3,5,2025-2026 Spring,10,LBS,18,1,540-103,Friday,1:30:00 PM,2:50:00 PM,"Mar 30, 2026","Jun 3, 2026",engineering,107,intro,CS-107-LBS-10,False
107,CS,Computer Organization and Systems,3,5,2025-2026 Spring,1,LEC,300,157,CODAB80,"Monday,Wednesday,Friday",11:30:00 AM,12:20:00 PM,"Mar 30, 2026","Jun 3, 2026",engineering,107,intro,CS-107-LEC-01,True
107E,CS,Computer Systems from the Ground Up,3,5,2025-2026 Spring,1,LEC,40,39,Gates B12,"Monday,Friday",10:30:00 AM,12:20:00 PM,"Mar 30, 2026","Jun 3, 2026",engineering,107,intro,CS-107E-LEC-01,True
109,CS,Introduction to Probability for Computer Scientists,3,5,2025-2026 Spring,6,DIS,22,0,Thornton 211,Thursday,2:30:00 PM,3:20:00 PM,"Mar 30, 2026","Jun 3, 2026",engineering,109,intro,CS-109-DIS-06,False
109,CS,Introduction to Probability for Computer Scientists,3,5,2025-2026 Spring,8,DIS,20,0,Lathrop 298,Thursday,4:30:00 PM,5:20:00 PM,"Mar 30, 2026","Jun 3, 2026",engineering,109,intro,CS-109-DIS-08,False
109,CS,Introduction to Probability for Computer Scientists,3,5,2025-2026 Spring,10,DIS,24,1,160-319,Friday,10:30:00 AM,11:20:00 AM,"Mar 30, 2026","Jun 3, 2026",engineering,109,intro,CS-109-DIS-10,False
109,CS,Introduction to Probability for Computer Scientists,3,5,2025-2026 Spring,4,DIS,24,1,160-326,Thursday,12:30:00 PM,1:20:00 PM,"Mar 30, 2026","Jun 3, 2026",engineering,109,intro,CS-109-DIS-04,False
109,CS,Introduction to Probability for Computer Scientists,3,5,2025-2026 Spring,12,DIS,20,0,200-219,Friday,12:30:00 PM,1:20:00 PM,"Mar 30, 2026","Jun 3, 2026",engineering,109,intro,CS-109-DIS-12,False
109,CS,Introduction to Probability for Computer Scientists,3,5,2025-2026 Spring,5,DIS,22,3,50-52H,Thursday,1:30:00 PM,2:20:00 PM,"Mar 30, 2026","Jun 3, 2026",engineering,109,intro,CS-109-DIS-05,False
109,CS,Introduction to Probability for Computer Scientists,3,5,2025-2026 Spring,13,DIS,18,0,250-201,Friday,12:30:00 PM,1:20:00 PM,"Mar 30, 2026","Jun 3, 2026",engineering,109,intro,CS-109-DIS-13,False
109,CS,Introduction to Probability for Computer Scientists,3,5,2025-2026 Spring,7,DIS,22,1,Thornton 211,Thursday,3:30:00 PM,4:20:00 PM,"Mar 30, 2026","Jun 3, 2026",engineering,109,intro,CS-109-DIS-07,False
109,CS,Introduction to Probability for Computer Scientists,3,5,2025-2026 Spring,2,DIS,18,3,540-103,Thursday,10:30:00 AM,11:20:00 AM,"Mar 30, 2026","Jun 3, 2026",engineering,109,intro,CS-109-DIS-02,False
109,CS,Introduction to Probability for Computer Scientists,3,5,2025-2026 Spring,11,DIS,24,2,160-319,Friday,11:30:00 AM,12:20:00 PM,"Mar 30, 2026","Jun 3, 2026",engineering,109,intro,CS-109-DIS-11,False
109,CS,Introduction to Probability for Computer Scientists,3,5,2025-2026 Spring,3,DIS,40,2,McMurtry Art Building 350,Thursday,11:30:00 AM,12:20:00 PM,"Mar 30, 2026","Jun 3, 2026",engineering,109,intro,CS-109-DIS-03,False
109,CS,Introduction to Probability for Computer Scientists,3,5,2025-2026 Spring,1,LEC,350,204,NVIDIA Auditorium,"Monday,Wednesday,Friday",1:30:00 PM,2:50:00 PM,"Mar 30, 2026","Jun 3, 2026",engineering,109,intro,CS-109-LEC-01,True
109,CS,Introduction to Probability for Computer Scientists,3,5,2025-2026 Spring,9,DIS,21,1,Littlefield 104,Thursday,6:30:00 PM,7:20:00 PM,"Mar 30, 2026","Jun 3, 2026",engineering,109,intro,CS-109-DIS-09,False
111,CS,Operating Systems Principles,3,5,2025-2026 Spring,3,DIS,15,0,Departmental Room,Friday,10:30:00 AM,11:20:00 AM,"Mar 30, 2026","Jun 3, 2026",engineering,111,intro,CS-111-DIS-03,False
111,CS,Operating Systems Principles,3,5,2025-2026 Spring,8,DIS,15,0,Departmental Room,Monday,10:30:00 AM,11:20:00 AM,"Mar 30, 2026","Jun 3, 2026",engineering,111,intro,CS-111-DIS-08,False
111,CS,Operating Systems Principles,3,5,2025-2026 Spring,10,DIS,28,0,60-108,Monday,10:30:00 AM,11:20:00 AM,"Mar 30, 2026","Jun 3, 2026",engineering,111,intro,CS-111-DIS-10,False
111,CS,Operating Systems Principles,3,5,2025-2026 Spring,11,DIS,21,0,Gates100,Monday,1:30:00 PM,2:20:00 PM,"Mar 30, 2026","Jun 3, 2026",engineering,111,intro,CS-111-DIS-11,False
111,CS,Operating Systems Principles,3,5,2025-2026 Spring,12,DIS,24,0,160-120,Monday,1:30:00 PM,2:20:00 PM,"Mar 30, 2026","Jun 3, 2026",engineering,111,intro,CS-111-DIS-12,False
111,CS,Operating Systems Principles,3,5,2025-2026 Spring,13,DIS,18,0,250-108,Monday,3:30:00 PM,4:20:00 PM,"Mar 30, 2026","Jun 3, 2026",engineering,111,intro,CS-111-DIS-13,False
111,CS,Operating Systems Principles,3,5,2025-2026 Spring,14,DIS,20,0,Lathrop 292,Monday,4:30:00 PM,5:20:00 PM,"Mar 30, 2026","Jun 3, 2026",engineering,111,intro,CS-111-DIS-14,False
111,CS,Operating Systems Principles,3,5,2025-2026 Spring,15,DIS,22,0,50-52H,Monday,5:30:00 PM,6:20:00 PM,"Mar 30, 2026","Jun 3, 2026",engineering,111,intro,CS-111-DIS-15,False
111,CS,Operating Systems Principles,3,5,2025-2026 Spring,6,DIS,22,0,160-323,Friday,2:30:00 PM,3:20:00 PM,"Mar 30, 2026","Jun 3, 2026",engineering,111,intro,CS-111-DIS-06,False
111,CS,Operating Systems Principles,3,5,2025-2026 Spring,7,DIS,28,0,300-303,Friday,3:30:00 PM,4:20:00 PM,"Mar 30, 2026","Jun 3, 2026",engineering,111,intro,CS-111-DIS-07,False
111,CS,Operating Systems Principles,3,5,2025-2026 Spring,9,DIS,12,0,Thornton 209,Monday,10:30:00 AM,11:20:00 AM,"Mar 30, 2026","Jun 3, 2026",engineering,111,intro,CS-111-DIS-09,False
111,CS,Operating Systems Principles,3,5,2025-2026 Spring,4,DIS,23,3,Encina West 202,Friday,1:30:00 PM,2:20:00 PM,"Mar 30, 2026","Jun 3, 2026",engineering,111,intro,CS-111-DIS-04,False
111,CS,Operating Systems Principles,3,5,2025-2026 Spring,5,DIS,24,2,160-323,Friday,1:30:00 PM,2:20:00 PM,"Mar 30, 2026","Jun 3, 2026",engineering,111,intro,CS-111-DIS-05,False
111,CS,Operating Systems Principles,3,5,2025-2026 Spring,2,DIS,15,1,Departmental Room,Friday,10:30:00 AM,11:20:00 AM,"Mar 30, 2026","Jun 3, 2026",engineering,111,intro,CS-111-DIS-02,False
111,CS,Operating Systems Principles,3,5,2025-2026 Spring,1,LEC,350,174,NVIDIA Auditorium,"Monday,Wednesday,Friday",11:30:00 AM,12:20:00 PM,"Mar 30, 2026","Jun 3, 2026",engineering,111,intro,CS-111-LEC-01,True
112,CS,Operating systems kernel implementation project,3,3,2025-2026 Spring,1,LEC,999,40,Gates B1,"Monday,Wednesday",3:00:00 PM,4:20:00 PM,"Mar 30, 2026","Jun 3, 2026",engineering,112,intro,CS-112-LEC-01,True
131,CS,Computer Vision: Foundations and Applications,3,4,2025-2026 Spring,1,LEC,188,124,Hewlett Teaching Center 201,"Monday,Wednesday",3:00:00 PM,4:20:00 PM,"Mar 30, 2026","Jun 3, 2026",engineering,131,intro,CS-131-LEC-01,True
132,CS,"AI as Technology Accelerator (INTLPOL 332, POLISCI 55)",2,2,2025-2026 Spring,1,SEM,30,0,,,,,,,engineering,132,intro,CS-132-SEM-01,True
143,CS,Compilers,3,4,2025-2026 Spring,1,LEC,999,87,Gates B1,"Tuesday,Thursday",10:30:00 AM,11:50:00 AM,"Mar 30, 2026","Jun 3, 2026",engineering,143,intro,CS-143-LEC-01,True
146J,CS,Full-Stack Web Programming,3,3,2025-2026 Spring,1,LEC,100,55,CODAB80,"Tuesday,Thursday",1:30:00 PM,2:50:00 PM,"Mar 30, 2026","Jun 3, 2026",engineering,146,intro,CS-146J-LEC-01,True
151,CS,Logic Programming,3,3,2025-2026 Spring,1,LEC,43,25,Littlefield 107,"Tuesday,Thursday",1:30:00 PM,2:50:00 PM,"Mar 30, 2026","Jun 3, 2026",engineering,151,intro,CS-151-LEC-01,True
152,CS,"Trust and Safety (COMM 122, INTLPOL 267)",3,3,2025-2026 Spring,4,DIS,28,16,STLC 104,Wednesday,11:30:00 AM,12:20:00 PM,"Mar 30, 2026","Jun 3, 2026",engineering,152,intro,CS-152-DIS-04,False
152,CS,"Trust and Safety (COMM 122, INTLPOL 267)",3,3,2025-2026 Spring,3,DIS,28,23,Lathrop 190,Monday,4:30:00 PM,5:20:00 PM,"Mar 30, 2026","Jun 3, 2026",engineering,152,intro,CS-152-DIS-03,False
152,CS,"Trust and Safety (COMM 122, INTLPOL 267)",3,3,2025-2026 Spring,5,DIS,28,19,300-303,Wednesday,6:30:00 PM,7:20:00 PM,"Mar 30, 2026","Jun 3, 2026",engineering,152,intro,CS-152-DIS-05,False
152,CS,"Trust and Safety (COMM 122, INTLPOL 267)",3,3,2025-2026 Spring,2,DIS,48,24,320-109,Monday,10:30:00 AM,11:20:00 AM,"Mar 30, 2026","Jun 3, 2026",engineering,152,intro,CS-152-DIS-02,False
152,CS,"Trust and Safety (COMM 122, INTLPOL 267)",3,3,2025-2026 Spring,1,LEC,150,95,420-041,"Tuesday,Thursday",3:00:00 PM,4:20:00 PM,"Mar 30, 2026","Jun 3, 2026",engineering,152,intro,CS-152-LEC-01,True
152,CS,"Trust and Safety (COMM 122, INTLPOL 267)",3,3,2025-2026 Spring,6,DIS,28,13,60-108,Friday,10:30:00 AM,11:20:00 AM,"Mar 30, 2026","Jun 3, 2026",engineering,152,intro,CS-152-DIS-06,False
153,CS,Frontier Systems,3,3,2025-2026 Spring,1,LEC,500,415,Hewlett Teaching Center 200,"Tuesday,Thursday",12:00:00 PM,1:20:00 PM,"Mar 30, 2026","Jun 3, 2026",engineering,153,intro,CS-153-LEC-01,True
155,CS,Computer and Network Security,3,3,2025-2026 Spring,1,LEC,200,96,Bishop Auditorium,"Monday,Wednesday",1:30:00 PM,2:50:00 PM,"Mar 30, 2026","Jun 3, 2026",engineering,155,intro,CS-155-LEC-01,True
155,CS,Computer and Network Security,3,3,2025-2026 Spring,2,DIS,50,17,Hewlett Teaching Center 102,Friday,11:30:00 AM,12:20:00 PM,"Mar 30, 2026","Jun 3, 2026",engineering,155,intro,CS-155-DIS-02,False
161,CS,Design and Analysis of Algorithms,3,5,2025-2026 Spring,7,DIS,24,0,Thornton 211,Wednesday,6:30:00 PM,7:20:00 PM,"Mar 30, 2026","Jun 3, 2026",engineering,161,intro,CS-161-DIS-07,False
161,CS,Design and Analysis of Algorithms,3,5,2025-2026 Spring,19,DIS,40,0,380-380D,Friday,11:30:00 AM,12:20:00 PM,"Mar 30, 2026","Jun 3, 2026",engineering,161,intro,CS-161-DIS-19,False
161,CS,Design and Analysis of Algorithms,3,5,2025-2026 Spring,13,DIS,24,0,McMurtry Art Building 360,Thursday,2:30:00 PM,3:20:00 PM,"Mar 30, 2026","Jun 3, 2026",engineering,161,intro,CS-161-DIS-13,False
161,CS,Design and Analysis of Algorithms,3,5,2025-2026 Spring,8,DIS,24,0,,,,,,,engineering,161,intro,CS-161-DIS-08,False
161,CS,Design and Analysis of Algorithms,3,5,2025-2026 Spring,9,DIS,35,0,,,,,,,engineering,161,intro,CS-161-DIS-09,False
161,CS,Design and Analysis of Algorithms,3,5,2025-2026 Spring,17,DIS,28,0,,,,,,,engineering,161,intro,CS-161-DIS-17,False
161,CS,Design and Analysis of Algorithms,3,5,2025-2026 Spring,16,DIS,28,0,,,,,,,engineering,161,intro,CS-161-DIS-16,False
161,CS,Design and Analysis of Algorithms,3,5,2025-2026 Spring,2,DIS,40,0,,,,,,,engineering,161,intro,CS-161-DIS-02,False
161,CS,Design and Analysis of Algorithms,3,5,2025-2026 Spring,3,DIS,40,0,,,,,,,engineering,161,intro,CS-161-DIS-03,False
161,CS,Design and Analysis of Algorithms,3,5,2025-2026 Spring,4,DIS,33,0,,,,,,,engineering,161,intro,CS-161-DIS-04,False
161,CS,Design and Analysis of Algorithms,3,5,2025-2026 Spring,5,DIS,33,0,,,,,,,engineering,161,intro,CS-161-DIS-05,False
161,CS,Design and Analysis of Algorithms,3,5,2025-2026 Spring,14,DIS,40,3,540-108,Thursday,3:30:00 PM,4:20:00 PM,"Mar 30, 2026","Jun 3, 2026",engineering,161,intro,CS-161-DIS-14,False
161,CS,Design and Analysis of Algorithms,3,5,2025-2026 Spring,15,DIS,40,1,540-108,Thursday,4:30:00 PM,5:20:00 PM,"Mar 30, 2026","Jun 3, 2026",engineering,161,intro,CS-161-DIS-15,False
161,CS,Design and Analysis of Algorithms,3,5,2025-2026 Spring,12,DIS,24,1,McMurtry Art Building 360,Thursday,1:30:00 PM,2:20:00 PM,"Mar 30, 2026","Jun 3, 2026",engineering,161,intro,CS-161-DIS-12,False
161,CS,Design and Analysis of Algorithms,3,5,2025-2026 Spring,11,DIS,24,1,160-314,Thursday,9:30:00 AM,10:20:00 AM,"Mar 30, 2026","Jun 3, 2026",engineering,161,intro,CS-161-DIS-11,False
161,CS,Design and Analysis of Algorithms,3,5,2025-2026 Spring,10,DIS,24,2,160-314,Thursday,8:30:00 AM,9:20:00 AM,"Mar 30, 2026","Jun 3, 2026",engineering,161,intro,CS-161-DIS-10,False
161,CS,Design and Analysis of Algorithms,3,5,2025-2026 Spring,6,DIS,24,2,Thornton 211,Wednesday,5:30:00 PM,6:20:00 PM,"Mar 30, 2026","Jun 3, 2026",engineering,161,intro,CS-161-DIS-06,False
161,CS,Design and Analysis of Algorithms,3,5,2025-2026 Spring,18,DIS,40,2,380-380D,Friday,10:30:00 AM,11:20:00 AM,"Mar 30, 2026","Jun 3, 2026",engineering,161,intro,CS-161-DIS-18,False
161,CS,Design and Analysis of Algorithms,3,5,2025-2026 Spring,1,LEC,999,106,Packrd101,"Monday,Wednesday,Friday",1:30:00 PM,2:50:00 PM,"Mar 30, 2026","Jun 3, 2026",engineering,161,intro,CS-161-LEC-01,True
166,CS,Advanced Data Structures,3,4,2025-2026 Spring,1,LEC,100,54,STLC 114,"Tuesday,Thursday",1:30:00 PM,2:50:00 PM,"Mar 30, 2026","Jun 3, 2026",engineering,166,intro,CS-166-LEC-01,True
186,CS,How to Make a Moral Agent (PHIL 86),3,3,2025-2026 Spring,1,SEM,35,24,Lathrop 180,"Wednesday,Friday",1:30:00 PM,2:50:00 PM,"Mar 30, 2026","Jun 3, 2026",engineering,186,intro,CS-186-SEM-01,True
194,CS,Software Project,3,3,2025-2026 Spring,1,LEC,250,19,CODAB80,"Monday,Wednesday,Friday",12:30:00 PM,1:20:00 PM,"Mar 30, 2026","Jun 3, 2026",engineering,194,intro,CS-194-LEC-01,True
194W,CS,Software Project (WIM),3,3,2025-2026 Spring,1,LEC,252,122,Departmental Room,"Monday,Wednesday,Friday",12:30:00 PM,1:20:00 PM,"Mar 30, 2026","Jun 3, 2026",engineering,194,intro,CS-194W-LEC-01,True
197,CS,Computer Science Research,3,4,2025-2026 Spring,2,LBS,20,9,Green Earth Sciences150,Tuesday,10:30:00 AM,11:50:00 AM,"Mar 30, 2026","Jun 3, 2026",engineering,197,intro,CS-197-LBS-02,False
197,CS,Computer Science Research,3,4,2025-2026 Spring,1,LEC,50,17,CODAB90,Thursday,10:30:00 AM,11:20:00 AM,"Mar 30, 2026","Jun 3, 2026",engineering,197,intro,CS-197-LEC-01,True
197C,CS,Computer Science Research: CURIS Internship Onramp,3,3,2025-2026 Spring,1,LEC,55,1,Departmental Room,Thursday,10:30:00 AM,11:20:00 AM,"Mar 30, 2026","Jun 3, 2026",engineering,197,intro,CS-197C-LEC-01,True
198,CS,Teaching Computer Science,3,4,2025-2026 Spring,3,DIS,15,0,Departmental Room,,,,"Mar 30, 2026","Jun 3, 2026",engineering,198,intro,CS-198-DIS-03,False
198,CS,Teaching Computer Science,3,4,2025-2026 Spring,4,DIS,15,1,Departmental Room,,,,"Mar 30, 2026","Jun 3, 2026",engineering,198,intro,CS-198-DIS-04,False
198,CS,Teaching Computer Science,3,4,2025-2026 Spring,7,DIS,15,1,Departmental Room,,,,"Mar 30, 2026","Jun 3, 2026",engineering,198,intro,CS-198-DIS-07,False
198,CS,Teaching Computer Science,3,4,2025-2026 Spring,6,DIS,15,0,Departmental Room,,,,"Mar 30, 2026","Jun 3, 2026",engineering,198,intro,CS-198-DIS-06,False
198,CS,Teaching Computer Science,3,4,2025-2026 Spring,5,DIS,15,1,Departmental Room,,,,"Mar 30, 2026","Jun 3, 2026",engineering,198,intro,CS-198-DIS-05,False
198,CS,Teaching Computer Science,3,4,2025-2026 Spring,2,DIS,15,5,Departmental Room,,,,"Mar 30, 2026","Jun 3, 2026",engineering,198,intro,CS-198-DIS-02,False
198,CS,Teaching Computer Science,3,4,2025-2026 Spring,1,LEC,50,8,CODAB90,Monday,7:30:00 PM,8:50:00 PM,"Mar 30, 2026","Jun 3, 2026",engineering,198,intro,CS-198-LEC-01,True
198B,CS,Additional Topics in Teaching Computer Science,1,1,2025-2026 Spring,1,LEC,30,16,160-127,Monday,6:30:00 PM,7:50:00 PM,"Mar 30, 2026","Jun 3, 2026",engineering,198,intro,CS-198B-LEC-01,True
210B,CS,Industry Innovation Lab,3,4,2025-2026 Spring,1,LEC,50,44,McMurtry Art Building Oshman,"Tuesday,Thursday",1:30:00 PM,2:50:00 PM,"Mar 30, 2026","Jun 3, 2026",engineering,210,mid,CS-210B-LEC-01,True
212,CS,Operating Systems and Systems Programming,3,5,2025-2026 Spring,1,LEC,999,17,Gates B1,"Monday,Wednesday",3:00:00 PM,4:20:00 PM,"Mar 30, 2026","Jun 3, 2026",engineering,212,mid,CS-212-LEC-01,True
220,CS,"Researching, Presenting and Publishing Work in AI & Education (EDUC 481)",2,4,2025-2026 Spring,1,SEM,24,2,ANKO 106,"Wednesday,Friday",12:30:00 PM,1:50:00 PM,"Mar 30, 2026","Jun 3, 2026",engineering,220,mid,CS-220-SEM-01,True
221,CS,Artificial Intelligence: Principles and Techniques,3,4,2025-2026 Spring,1,LEC,500,246,Hewlett Teaching Center 200,"Monday,Wednesday",10:30:00 AM,12:20:00 PM,"Mar 30, 2026","Jun 3, 2026",engineering,221,mid,CS-221-LEC-01,True
221M,CS,Mechanistic Interpretability,3,3,2025-2026 Spring,1,LEC,30,38,McMurtry Art Building Oshman,"Monday,Wednesday",2:30:00 PM,4:20:00 PM,"Mar 30, 2026","Jun 3, 2026",engineering,221,mid,CS-221M-LEC-01,True
224R,CS,Deep Reinforcement Learning,3,3,2025-2026 Spring,1,LEC,999,555,NVIDIA Auditorium,"Wednesday,Friday",9:30:00 AM,10:50:00 AM,"Mar 30, 2026","Jun 3, 2026",engineering,224,mid,CS-224R-LEC-01,True
225A,CS,Experimental Robotics,3,3,2025-2026 Spring,1,LEC,50,34,Gates B12,"Tuesday,Thursday",3:00:00 PM,4:20:00 PM,"Mar 30, 2026","Jun 3, 2026",engineering,225,mid,CS-225A-LEC-01,True
227B,CS,General Game Playing,3,3,2025-2026 Spring,1,LEC,105,87,Departmental Room,Wednesday,4:30:00 PM,6:20:00 PM,"Mar 30, 2026","Jun 3, 2026",engineering,227,mid,CS-227B-LEC-01,True
229,CS,Machine Learning (STATS 229),3,4,2025-2026 Spring,1,LEC,999,249,NVIDIA Auditorium,"Monday,Wednesday",3:00:00 PM,4:20:00 PM,"Mar 30, 2026","Jun 3, 2026",engineering,229,mid,CS-229-LEC-01,True
231N,CS,Deep Learning for Computer Vision,3,4,2025-2026 Spring,1,LEC,650,510,NVIDIA Auditorium,"Tuesday,Thursday",12:00:00 PM,1:20:00 PM,"Mar 30, 2026","Jun 3, 2026",engineering,231,mid,CS-231N-LEC-01,True
233,CS,Geometric and Topological Data Analysis (CME 251),3,3,2025-2026 Spring,1,LEC,120,26,CODAB90,"Monday,Wednesday",3:00:00 PM,4:20:00 PM,"Mar 30, 2026","Jun 3, 2026",engineering,233,mid,CS-233-LEC-01,True
235,CS,"Computational Methods for Biomedical Image Analysis and Interpretation (BMDS 260, BMP 260, RAD 260)",3,3,2025-2026 Spring,1,LEC,70,25,Beckman Center B060,"Monday,Wednesday",10:30:00 AM,11:50:00 AM,"Mar 30, 2026","Jun 3, 2026",engineering,235,mid,CS-235-LEC-01,True
240LX,CS,"Advanced Systems Laboratory, Accelerated",3,3,2025-2026 Spring,2,LBS,60,46,Y2E2 111,"Tuesday,Thursday",7:30:00 PM,10:20:00 PM,"Mar 30, 2026","Jun 3, 2026",engineering,240,mid,CS-240LX-LBS-02,False
240LX,CS,"Advanced Systems Laboratory, Accelerated",3,3,2025-2026 Spring,1,LEC,90,50,Y2E2 111,"Tuesday,Thursday",5:30:00 PM,7:20:00 PM,"Mar 30, 2026","Jun 3, 2026",engineering,240,mid,CS-240LX-LEC-01,True
247A,CS,Design for Artificial Intelligence (SYMSYS 195A),3,4,2025-2026 Spring,1,LEC,36,23,320-109,"Wednesday,Friday",1:30:00 PM,4:20:00 PM,"Mar 30, 2026","Jun 3, 2026",engineering,247,mid,CS-247A-LEC-01,True
247G,CS,Design for Play (SYMSYS 195G),3,4,2025-2026 Spring,1,LEC,140,53,CODAB60,"Tuesday,Thursday",1:30:00 PM,4:20:00 PM,"Mar 30, 2026","Jun 3, 2026",engineering,247,mid,CS-247G-LEC-01,True
254B,CS,Computational Complexity II,3,3,2025-2026 Spring,1,LEC,49,25,Hewlett Teaching Center 103,"Monday,Wednesday",3:00:00 PM,4:20:00 PM,"Mar 30, 2026","Jun 3, 2026",engineering,254,mid,CS-254B-LEC-01,True
259Q,CS,Quantum Computing,3,3,2025-2026 Spring,1,LEC,252,113,NVIDIA Auditorium,"Tuesday,Thursday",3:00:00 PM,4:20:00 PM,"Mar 30, 2026","Jun 3, 2026",engineering,259,mid,CS-259Q-LEC-01,True
270,CS,Modeling Biomedical Systems (BMDS 210),3,3,2025-2026 Spring,1,LEC,16,7,Thornton 102,"Monday,Wednesday",1:30:00 PM,2:50:00 PM,"Mar 30, 2026","Jun 3, 2026",engineering,270,mid,CS-270-LEC-01,True
272,CS,"Introduction to Biomedical Informatics Research Methodology (BIOE 212, BMDS 212, GENE 212)",3,5,2025-2026 Spring,1,LEC,50,0,"Alway Building, Room M112","Tuesday,Thursday",12:00:00 PM,1:20:00 PM,"Mar 30, 2026","Jun 3, 2026",engineering,272,mid,CS-272-LEC-01,True
272H,CS,"Methods for Reproducible Population Health and Clinical Research (BMDS 244, EPI 203, HRP 203)",2,2,2025-2026 Spring,1,LEC,18,0,Encina Commons 119,Tuesday,3:00:00 PM,4:20:00 PM,"Mar 30, 2026","Jun 3, 2026",engineering,272,mid,CS-272H-LEC-01,True
273B,CS,"Deep Learning in Genomics and Biomedicine (BMDS 273, GENE 236)",3,3,2025-2026 Spring,1,LEC,120,49,"Alway Building, Room M106","Monday,Wednesday",3:00:00 PM,4:20:00 PM,"Mar 30, 2026","Jun 3, 2026",engineering,273,mid,CS-273B-LEC-01,True
273C,CS,"Cloud Computing for Biology and Healthcare (BMDS 222, GENE 222)",3,3,2025-2026 Spring,1,LEC,70,32,"Alway Building, Room M106","Tuesday,Thursday",4:30:00 PM,6:20:00 PM,"Mar 30, 2026","Jun 3, 2026",engineering,273,mid,CS-273C-LEC-01,True
273D,CS,Generalization and Causality in Biohealth (STATS 354),1,3,2025-2026 Spring,1,LEC,37,4,380-380F,"Monday,Wednesday",10:30:00 AM,11:50:00 AM,"Mar 30, 2026","Jun 3, 2026",engineering,273,mid,CS-273D-LEC-01,True
273D,CS,Generalization and Causality in Biohealth (STATS 354),1,3,2025-2026 Spring,2,LEC,37,4,380-380F,"Monday,Wednesday",10:30:00 AM,11:50:00 AM,"Mar 30, 2026","Jun 3, 2026",engineering,273,mid,CS-273D-LEC-02,True
278,CS,"Social Computing (SOC 174, SOC 274)",3,4,2025-2026 Spring,7,DIS,18,3,50-52H,Thursday,2:30:00 PM,3:20:00 PM,"Mar 30, 2026","Jun 3, 2026",engineering,278,mid,CS-278-DIS-07,False
278,CS,"Social Computing (SOC 174, SOC 274)",3,4,2025-2026 Spring,4,DIS,20,3,160-332,Thursday,5:30:00 PM,6:20:00 PM,"Mar 30, 2026","Jun 3, 2026",engineering,278,mid,CS-278-DIS-04,False
278,CS,"Social Computing (SOC 174, SOC 274)",3,4,2025-2026 Spring,11,DIS,21,0,Lathrop 015,Thursday,4:30:00 PM,5:20:00 PM,"Mar 30, 2026","Jun 3, 2026",engineering,278,mid,CS-278-DIS-11,False
278,CS,"Social Computing (SOC 174, SOC 274)",3,4,2025-2026 Spring,10,DIS,18,0,Encina Center 464,Thursday,4:30:00 PM,5:20:00 PM,"Mar 30, 2026","Jun 3, 2026",engineering,278,mid,CS-278-DIS-10,False
278,CS,"Social Computing (SOC 174, SOC 274)",3,4,2025-2026 Spring,8,DIS,18,0,,,,,,,engineering,278,mid,CS-278-DIS-08,False
278,CS,"Social Computing (SOC 174, SOC 274)",3,4,2025-2026 Spring,5,DIS,18,0,,,,,,,engineering,278,mid,CS-278-DIS-05,False
278,CS,"Social Computing (SOC 174, SOC 274)",3,4,2025-2026 Spring,6,DIS,18,0,,,,,,,engineering,278,mid,CS-278-DIS-06,False
278,CS,"Social Computing (SOC 174, SOC 274)",3,4,2025-2026 Spring,3,DIS,20,0,,,,,,,engineering,278,mid,CS-278-DIS-03,False
278,CS,"Social Computing (SOC 174, SOC 274)",3,4,2025-2026 Spring,2,DIS,20,0,,,,,,,engineering,278,mid,CS-278-DIS-02,False
278,CS,"Social Computing (SOC 174, SOC 274)",3,4,2025-2026 Spring,13,DIS,21,2,Littlefield 104,Friday,11:30:00 AM,12:20:00 PM,"Mar 30, 2026","Jun 3, 2026",engineering,278,mid,CS-278-DIS-13,False
278,CS,"Social Computing (SOC 174, SOC 274)",3,4,2025-2026 Spring,9,DIS,20,0,160-328,Thursday,3:30:00 PM,4:20:00 PM,"Mar 30, 2026","Jun 3, 2026",engineering,278,mid,CS-278-DIS-09,False
278,CS,"Social Computing (SOC 174, SOC 274)",3,4,2025-2026 Spring,14,DIS,34,0,,,,,,,engineering,278,mid,CS-278-DIS-14,False
278,CS,"Social Computing (SOC 174, SOC 274)",3,4,2025-2026 Spring,12,DIS,21,0,Gates100,Friday,11:30:00 AM,12:20:00 PM,"Mar 30, 2026","Jun 3, 2026",engineering,278,mid,CS-278-DIS-12,False
278,CS,"Social Computing (SOC 174, SOC 274)",3,4,2025-2026 Spring,1,LEC,999,115,NVIDIA Auditorium,"Tuesday,Thursday",10:30:00 AM,11:50:00 AM,"Mar 30, 2026","Jun 3, 2026",engineering,278,mid,CS-278-LEC-01,True
278,CS,"Social Computing (SOC 174, SOC 274)",3,4,2025-2026 Spring,15,DIS,24,0,200-013,Friday,11:30:00 AM,12:20:00 PM,"Mar 30, 2026","Jun 3, 2026",engineering,278,mid,CS-278-DIS-15,False
281,CS,Ethics of Artificial Intelligence,3,4,2025-2026 Spring,1,LEC,75,87,Turing Auditorium,"Monday,Wednesday",1:30:00 PM,2:50:00 PM,"Mar 30, 2026","Jun 3, 2026",engineering,281,mid,CS-281-LEC-01,True
282,CS,Computer Systems Architecture (EE 282),3,3,2025-2026 Spring,1,LEC,18,9,Shriram 104,"Monday,Wednesday",3:00:00 PM,4:20:00 PM,"Mar 30, 2026","Jun 3, 2026",engineering,282,mid,CS-282-LEC-01,True
321M,CS,AI Measurement Science,3,3,2025-2026 Spring,1,LEC,250,84,CODAB60,"Monday,Wednesday",11:30:00 AM,12:50:00 PM,"Mar 30, 2026","Jun 3, 2026",engineering,321,advanced,CS-321M-LEC-01,True
323,CS,The AI Awakening: Implications for the Economy and Society,3,4,2025-2026 Spring,1,LEC,90,52,Departmental Room,Tuesday,4:30:00 PM,5:50:00 PM,"Mar 30, 2026","Jun 3, 2026",engineering,323,advanced,CS-323-LEC-01,True
336,CS,Language Modeling from Scratch,3,5,2025-2026 Spring,1,LEC,100,88,Skilling Auditorium,"Monday,Wednesday",3:00:00 PM,4:20:00 PM,"Mar 30, 2026","Jun 3, 2026",engineering,336,advanced,CS-336-LEC-01,True
338,CS,Aligning Superintelligence (MS&E 338),3,3,2025-2026 Spring,1,LEC,50,36,370-370,"Monday,Wednesday",3:00:00 PM,4:20:00 PM,"Mar 30, 2026","Jun 3, 2026",engineering,338,advanced,CS-338-LEC-01,True
347,CS,Human-Computer Interaction: Foundations and Frontiers,3,4,2025-2026 Spring,8,DIS,23,0,Encina West 202,Friday,9:30:00 AM,10:20:00 AM,"Mar 30, 2026","Jun 3, 2026",engineering,347,advanced,CS-347-DIS-08,False
347,CS,Human-Computer Interaction: Foundations and Frontiers,3,4,2025-2026 Spring,7,DIS,20,0,200-219,Thursday,12:30:00 PM,1:20:00 PM,"Mar 30, 2026","Jun 3, 2026",engineering,347,advanced,CS-347-DIS-07,False
347,CS,Human-Computer Interaction: Foundations and Frontiers,3,4,2025-2026 Spring,4,DIS,24,0,160-319,Wednesday,5:30:00 PM,6:20:00 PM,"Mar 30, 2026","Jun 3, 2026",engineering,347,advanced,CS-347-DIS-04,False
347,CS,Human-Computer Interaction: Foundations and Frontiers,3,4,2025-2026 Spring,6,DIS,20,0,200-219,Thursday,11:30:00 AM,12:20:00 PM,"Mar 30, 2026","Jun 3, 2026",engineering,347,advanced,CS-347-DIS-06,False
347,CS,Human-Computer Interaction: Foundations and Frontiers,3,4,2025-2026 Spring,3,DIS,23,1,160-319,Wednesday,4:30:00 PM,5:20:00 PM,"Mar 30, 2026","Jun 3, 2026",engineering,347,advanced,CS-347-DIS-03,False
347,CS,Human-Computer Interaction: Foundations and Frontiers,3,4,2025-2026 Spring,2,DIS,22,3,160-319,Wednesday,3:30:00 PM,4:20:00 PM,"Mar 30, 2026","Jun 3, 2026",engineering,347,advanced,CS-347-DIS-02,False
347,CS,Human-Computer Interaction: Foundations and Frontiers,3,4,2025-2026 Spring,5,DIS,20,0,200-219,Thursday,10:30:00 AM,11:20:00 AM,"Mar 30, 2026","Jun 3, 2026",engineering,347,advanced,CS-347-DIS-05,False
347,CS,Human-Computer Interaction: Foundations and Frontiers,3,4,2025-2026 Spring,10,DIS,23,0,Encina West 202,Friday,11:30:00 AM,12:20:00 PM,"Mar 30, 2026","Jun 3, 2026",engineering,347,advanced,CS-347-DIS-10,False
347,CS,Human-Computer Interaction: Foundations and Frontiers,3,4,2025-2026 Spring,9,DIS,23,1,Encina West 202,Friday,10:30:00 AM,11:20:00 AM,"Mar 30, 2026","Jun 3, 2026",engineering,347,advanced,CS-347-DIS-09,False
347,CS,Human-Computer Interaction: Foundations and Frontiers,3,4,2025-2026 Spring,1,LEC,200,79,Lathrop 282,"Monday,Wednesday",10:30:00 AM,12:20:00 PM,"Mar 30, 2026","Jun 3, 2026",engineering,347,advanced,CS-347-LEC-01,True
348K,CS,Visual Computing Systems,3,4,2025-2026 Spring,1,LEC,64,48,Lathrop 016,"Tuesday,Thursday",10:30:00 AM,11:50:00 AM,"Mar 30, 2026","Jun 3, 2026",engineering,348,advanced,CS-348K-LEC-01,True
349D,CS,Compound AI Systems,3,3,2025-2026 Spring,1,SEM,36,34,160-124,"Monday,Wednesday",1:30:00 PM,2:50:00 PM,"Mar 30, 2026","Jun 3, 2026",engineering,349,advanced,CS-349D-SEM-01,True
349F,CS,Fabric Architectures For AI Systems,2,2,2025-2026 Spring,1,LEC,50,19,Gates B12,"Monday,Wednesday",3:00:00 PM,4:20:00 PM,"Mar 30, 2026","Jun 3, 2026",engineering,349,advanced,CS-349F-LEC-01,True
355,CS,Advanced Topics in Cryptography,3,3,2025-2026 Spring,1,LEC,71,34,200-203,"Monday,Wednesday",1:30:00 PM,2:50:00 PM,"Mar 30, 2026","Jun 3, 2026",engineering,355,advanced,CS-355-LEC-01,True
360,CS,Simplicity and Complexity in Economic Theory (ECON 284),3,5,2025-2026 Spring,1,LEC,30,5,GSB Patterson 101,Tuesday,9:30:00 AM,12:20:00 PM,"Mar 30, 2026","Jun 3, 2026",engineering,360,advanced,CS-360-LEC-01,True
361,CS,"Engineering Design Optimization (AA 222, CME 222)",3,4,2025-2026 Spring,1,LEC,999,79,NVIDIA Auditorium,"Tuesday,Thursday",9:00:00 AM,10:20:00 AM,"Mar 30, 2026","Jun 3, 2026",engineering,361,advanced,CS-361-LEC-01,True
377P,CS,"Read, Write, Play",1,3,2025-2026 Spring,1,LEC,15,17,McMurtry Art Building 360,Friday,1:30:00 PM,2:50:00 PM,"Mar 30, 2026","Jun 3, 2026",engineering,377,advanced,CS-377P-LEC-01,True
377U,CS,Understanding Users,3,4,2025-2026 Spring,1,LEC,40,28,McMurtry Art Building 350,Tuesday,6:00:00 PM,8:50:00 PM,"Mar 30, 2026","Jun 3, 2026",engineering,377,advanced,CS-377U-LEC-01,True
407,CS,Lytics Seminar (EDUC 407),1,4,2025-2026 Spring,1,SEM,25,7,ANKO 106,Wednesday,3:30:00 PM,6:20:00 PM,"Mar 30, 2026","Jun 3, 2026",engineering,407,advanced,CS-407-SEM-01,True
432,CS,Computer Vision for Education and Social Science Research (EDUC 463),3,3,2025-2026 Spring,1,LEC,10,0,,,,,,,engineering,432,advanced,CS-432-LEC-01,True
448Z,CS,Physically Based Animation and Sound,3,4,2025-2026 Spring,1,LEC,999,21,Gates B3,"Tuesday,Thursday",4:30:00 PM,5:50:00 PM,"Mar 30, 2026","Jun 3, 2026",engineering,448,advanced,CS-448Z-LEC-01,True
486,CS,Advanced Large Language Models Research Seminar,3,3,2025-2026 Spring,1,SEM,15,4,Gates100,"Monday,Wednesday",4:30:00 PM,5:50:00 PM,"Mar 30, 2026","Jun 3, 2026",engineering,486,advanced,CS-486-SEM-01,True
547,CS,Human-Computer Interaction Seminar,1,1,2025-2026 Spring,1,SEM,999,85,Gates B3,Friday,11:30:00 AM,12:50:00 PM,"Mar 30, 2026","Jun 3, 2026",engineering,547,advanced,CS-547-SEM-01,True
101B,EE,Circuits II,4,4,2025-2026 Spring,1,LEC,140,66,CODAB60,"Tuesday,Thursday",12:00:00 PM,1:20:00 PM,"Mar 30, 2026","Jun 3, 2026",engineering,101,intro,EE-101B-LEC-01,True
102B,EE,Signals and Systems II,4,4,2025-2026 Spring,2,LBS,100,35,,,,,,,engineering,102,intro,EE-102B-LBS-02,False
102B,EE,Signals and Systems II,4,4,2025-2026 Spring,1,LEC,100,48,Shriram 104,"Monday,Wednesday",1:30:00 PM,2:50:00 PM,"Mar 30, 2026","Jun 3, 2026",engineering,102,intro,EE-102B-LEC-01,True
109,EE,Digital Systems Design Lab,4,4,2025-2026 Spring,2,LBS,30,17,,,,,,,engineering,109,intro,EE-109-LBS-02,False
109,EE,Digital Systems Design Lab,4,4,2025-2026 Spring,1,LEC,35,18,Sequoia Hall 200,"Monday,Wednesday",10:30:00 AM,11:20:00 AM,"Mar 30, 2026","Jun 3, 2026",engineering,109,intro,EE-109-LEC-01,True
116,EE,Semiconductor Devices for Energy and Electronics,3,3,2025-2026 Spring,1,LEC,45,32,Hewlett Teaching Center 103,"Tuesday,Thursday",4:30:00 PM,5:50:00 PM,"Mar 30, 2026","Jun 3, 2026",engineering,116,intro,EE-116-LEC-01,True
119,EE,3D+ Imaging Sensors (EE 219),3,4,2025-2026 Spring,1,LEC,80,19,380-380Y,Monday,3:30:00 PM,5:20:00 PM,"Mar 30, 2026","Jun 3, 2026",engineering,119,intro,EE-119-LEC-01,True
120,EE,"Bioelectronics (EE 220, MATSCI 220)",3,4,2025-2026 Spring,1,LEC,30,5,Gates B12,"Tuesday,Thursday",9:00:00 AM,10:20:00 AM,"Mar 30, 2026","Jun 3, 2026",engineering,120,intro,EE-120-LEC-01,True
142,EE,Engineering Electromagnetics,3,3,2025-2026 Spring,1,LEC,45,26,Hewlett Teaching Center Rm 101,"Monday,Wednesday",11:30:00 AM,12:50:00 PM,"Mar 30, 2026","Jun 3, 2026",engineering,142,intro,EE-142-LEC-01,True
156,EE,Board Level Design (EE 256),3,4,2025-2026 Spring,1,LEC,25,14,Departmental Room,"Tuesday,Thursday",10:30:00 AM,11:50:00 AM,"Mar 30, 2026","Jun 3, 2026",engineering,156,intro,EE-156-LEC-01,True
207,EE,Neuromorphics: Brains in Silicon (BIOE 313),3,3,2025-2026 Spring,1,LEC,43,13,Littlefield 107,"Tuesday,Thursday",9:00:00 AM,10:20:00 AM,"Mar 30, 2026","Jun 3, 2026",engineering,207,mid,EE-207-LEC-01,True
219,EE,3D+ Imaging Sensors (EE 119),3,4,2025-2026 Spring,1,LEC,80,43,380-380Y,Monday,3:30:00 PM,5:20:00 PM,"Mar 30, 2026","Jun 3, 2026",engineering,219,mid,EE-219-LEC-01,True
219,EE,3D+ Imaging Sensors (EE 119),3,4,2025-2026 Spring,2,LBS,60,36,,,,,,,engineering,219,mid,EE-219-LBS-02,False
220,EE,"Bioelectronics (EE 120, MATSCI 220)",3,4,2025-2026 Spring,1,LEC,30,15,Gates B12,"Tuesday,Thursday",9:00:00 AM,10:20:00 AM,"Mar 30, 2026","Jun 3, 2026",engineering,220,mid,EE-220-LEC-01,True
224,EE,Quantum Control and Engineering,3,3,2025-2026 Spring,1,LEC,50,29,200-205,"Tuesday,Thursday",3:00:00 PM,4:20:00 PM,"Mar 30, 2026","Jun 3, 2026",engineering,224,mid,EE-224-LEC-01,True
236C,EE,Lasers,3,3,2025-2026 Spring,1,LEC,24,15,160-321,"Tuesday,Thursday",10:30:00 AM,11:50:00 AM,"Mar 30, 2026","Jun 3, 2026",engineering,236,mid,EE-236C-LEC-01,True
237,EE,Solar Energy Conversion,3,3,2025-2026 Spring,1,LEC,63,39,60-109,"Monday,Wednesday,Friday",9:30:00 AM,10:20:00 AM,"Mar 30, 2026","Jun 3, 2026",engineering,237,mid,EE-237-LEC-01,True
237L,EE,Solar Energy Conversion Laboratory,2,2,2025-2026 Spring,1,LAB,7,6,60-109,Monday,10:30:00 AM,11:20:00 AM,"Mar 30, 2026","Jun 3, 2026",engineering,237,mid,EE-237L-LAB-01,True
244,EE,Hardware Accelerators for Machine Learning (CS 217),3,4,2025-2026 Spring,1,LEC,30,0,,,,,,,engineering,244,mid,EE-244-LEC-01,True
256,EE,Board Level Design (EE 156),3,4,2025-2026 Spring,2,LBS,999,0,,,,,,,engineering,256,mid,EE-256-LBS-02,False
256,EE,Board Level Design (EE 156),3,4,2025-2026 Spring,1,LEC,25,15,Departmental Room,"Tuesday,Thursday",10:30:00 AM,11:50:00 AM,"Mar 30, 2026","Jun 3, 2026",engineering,256,mid,EE-256-LEC-01,True
267,EE,Virtual Reality,3,4,2025-2026 Spring,2,LBS,999,19,,,,,,,engineering,267,mid,EE-267-LBS-02,False
267,EE,Virtual Reality,3,4,2025-2026 Spring,1,LEC,17,23,Gates B12,"Tuesday,Thursday",10:30:00 AM,11:50:00 AM,"Mar 30, 2026","Jun 3, 2026",engineering,267,mid,EE-267-LEC-01,True
267W,EE,Virtual Reality (WIM),5,5,2025-2026 Spring,2,LBS,999,9,,,,,,,engineering,267,mid,EE-267W-LBS-02,False
267W,EE,Virtual Reality (WIM),5,5,2025-2026 Spring,1,LEC,12,9,Gates B12,"Tuesday,Thursday",10:30:00 AM,11:50:00 AM,"Mar 30, 2026","Jun 3, 2026",engineering,267,mid,EE-267W-LEC-01,True
273,EE,Digital Systems Engineering,3,3,2025-2026 Spring,1,LEC,53,34,Skilling Auditorium,"Tuesday,Thursday",12:00:00 PM,1:20:00 PM,"Mar 30, 2026","Jun 3, 2026",engineering,273,mid,EE-273-LEC-01,True
278,EE,Probability and Statistical Inference,3,3,2025-2026 Spring,1,LEC,50,13,Gates B3,"Tuesday,Thursday",12:00:00 PM,1:20:00 PM,"Mar 30, 2026","Jun 3, 2026",engineering,278,mid,EE-278-LEC-01,True
282,EE,Computer Systems Architecture (CS 282),3,3,2025-2026 Spring,1,LEC,120,70,Shriram 104,"Monday,Wednesday",3:00:00 PM,4:20:00 PM,"Mar 30, 2026","Jun 3, 2026",engineering,282,mid,EE-282-LEC-01,True
284A,EE,Introduction to Internet of Things,3,3,2025-2026 Spring,1,LEC,40,30,Huang Engineering Center 18,"Tuesday,Thursday",3:00:00 PM,4:20:00 PM,"Mar 30, 2026","Jun 3, 2026",engineering,284,mid,EE-284A-LEC-01,True
292A,EE,Electronic Design Automation (EDA) and Machine Learning Hardware,3,3,2025-2026 Spring,2,LBS,30,16,,,,,,,engineering,292,mid,EE-292A-LBS-02,False
292A,EE,Electronic Design Automation (EDA) and Machine Learning Hardware,3,3,2025-2026 Spring,1,LEC,40,28,420-040,"Tuesday,Thursday",10:30:00 AM,11:50:00 AM,"Mar 30, 2026","Jun 3, 2026",engineering,292,mid,EE-292A-LEC-01,True
292B,EE,AI-Boosted Digital System Design,1,1,2025-2026 Spring,1,SEM,50,0,,,,,,,engineering,292,mid,EE-292B-SEM-01,True
292C,EE,Chemical Vapor Deposition and Epitaxy for Integrated Circuits and Nanostructures,1,1,2025-2026 Spring,1,LEC,24,16,200-013,Tuesday,1:30:00 PM,2:50:00 PM,"Mar 30, 2026","Jun 3, 2026",engineering,292,mid,EE-292C-LEC-01,True
292E,EE,Seminar Series for Image Systems Engineering,1,1,2025-2026 Spring,1,SEM,30,23,Packrd101,Wednesday,4:30:00 PM,5:50:00 PM,"Mar 30, 2026","Jun 3, 2026",engineering,292,mid,EE-292E-SEM-01,True
292G,EE,"Piezoelectric MEMS for Sensing, RF, and Power Management",3,3,2025-2026 Spring,1,LEC,30,5,Lathrop 016,"Monday,Wednesday",10:30:00 AM,11:50:00 AM,"Mar 30, 2026","Jun 3, 2026",engineering,292,mid,EE-292G-LEC-01,True
292I,EE,Insanely Great Products: How do they get built?,1,1,2025-2026 Spring,1,SEM,72,63,Packrd101,Monday,4:30:00 PM,5:50:00 PM,"Mar 30, 2026","Jun 3, 2026",engineering,292,mid,EE-292I-SEM-01,True
292J,EE,Designing for Authenticity,3,3,2025-2026 Spring,1,LEC,30,8,160-124,Friday,1:30:00 PM,4:20:00 PM,"Mar 30, 2026","Jun 3, 2026",engineering,292,mid,EE-292J-LEC-01,True
292K,EE,Insanely Great Products: Building YOU!,1,1,2025-2026 Spring,1,SEM,33,21,Littlefield 103,Tuesday,4:30:00 PM,5:50:00 PM,"Mar 30, 2026","Jun 3, 2026",engineering,292,mid,EE-292K-SEM-01,True
292T,EE,SmartGrids and Advanced Power Systems Seminar (CEE 272T),1,2,2025-2026 Spring,1,SEM,999,7,Y2E2 292A,Thursday,1:30:00 PM,2:50:00 PM,"Mar 30, 2026","Jun 3, 2026",engineering,292,mid,EE-292T-SEM-01,True
303,EE,Autonomous Implantable Systems,3,3,2025-2026 Spring,1,LEC,54,34,Packrd101,"Tuesday,Thursday",1:30:00 PM,2:50:00 PM,"Mar 30, 2026","Jun 3, 2026",engineering,303,advanced,EE-303-LEC-01,True
308,EE,Advanced Circuit Techniques,3,3,2025-2026 Spring,1,LEC,26,16,Hewlett Teaching Center 103,"Monday,Wednesday",1:30:00 PM,2:50:00 PM,"Mar 30, 2026","Jun 3, 2026",engineering,308,advanced,EE-308-LEC-01,True
310,EE,"SystemX: Ubiquitous Sensing, Computing and Communication Seminar",1,1,2025-2026 Spring,1,SEM,40,17,320-105,Thursday,4:30:00 PM,5:50:00 PM,"Mar 30, 2026","Jun 3, 2026",engineering,310,advanced,EE-310-SEM-01,True
314A,EE,RF Integrated Circuit Design,3,3,2025-2026 Spring,1,LEC,61,10,Turing Auditorium,"Tuesday,Thursday",3:00:00 PM,4:20:00 PM,"Mar 30, 2026","Jun 3, 2026",engineering,314,advanced,EE-314A-LEC-01,True
334,EE,Micro and Nano Optical Device Design,3,3,2025-2026 Spring,1,LEC,15,5,Gilbert Biological Science 117,"Tuesday,Thursday",1:30:00 PM,2:50:00 PM,"Mar 30, 2026","Jun 3, 2026",engineering,334,advanced,EE-334-LEC-01,True
340,EE,Quantum Photonics,3,3,2025-2026 Spring,1,LEC,56,20,200-203,"Monday,Wednesday",10:30:00 AM,11:50:00 AM,"Mar 30, 2026","Jun 3, 2026",engineering,340,advanced,EE-340-LEC-01,True
363,EE,Linear Dynamical Systems,3,3,2025-2026 Spring,1,LEC,140,5,CODAB60,"Tuesday,Thursday",10:30:00 AM,11:50:00 AM,"Mar 30, 2026","Jun 3, 2026",engineering,363,advanced,EE-363-LEC-01,True
364B,EE,Convex Optimization II (CME 364B),3,3,2025-2026 Spring,1,LEC,100,38,CODAB90,"Monday,Wednesday",1:30:00 PM,2:50:00 PM,"Mar 30, 2026","Jun 3, 2026",engineering,364,advanced,EE-364B-LEC-01,True
369A,EE,Medical Imaging Systems I (BMP 269A),3,3,2025-2026 Spring,1,LEC,28,12,Lathrop 190,"Tuesday,Thursday",3:00:00 PM,4:20:00 PM,"Mar 30, 2026","Jun 3, 2026",engineering,369,advanced,EE-369A-LEC-01,True
372,EE,Design Projects in VLSI Systems II,3,5,2025-2026 Spring,1,LEC,20,23,Turing Auditorium,"Tuesday,Thursday",1:30:00 PM,2:50:00 PM,"Mar 30, 2026","Jun 3, 2026",engineering,372,advanced,EE-372-LEC-01,True
379B,EE,Advanced Data Transmission Design,3,3,2025-2026 Spring,1,LEC,15,6,Huang Engineering Center 18,"Monday,Wednesday",10:30:00 AM,11:50:00 AM,"Mar 30, 2026","Jun 3, 2026",engineering,379,advanced,EE-379B-LEC-01,True
384S,EE,Performance Engineering of Computer Systems & Networks,3,3,2025-2026 Spring,1,LEC,30,22,Turing Auditorium,"Monday,Wednesday",4:30:00 PM,5:50:00 PM,"Mar 30, 2026","Jun 3, 2026",engineering,384,advanced,EE-384S-LEC-01,True
392C,EE,Differentiated Memory Systems,3,3,2025-2026 Spring,1,SEM,25,14,100-101K,"Monday,Wednesday",1:30:00 PM,2:50:00 PM,"Mar 30, 2026","Jun 3, 2026",engineering,392,advanced,EE-392C-SEM-01,True
402T,EE,"Entrepreneurship in Asian High Tech Industries (EALC 402T, EASTASN 402T)",1,1,2025-2026 Spring,1,LEC,100,16,Bishop Auditorium,Tuesday,4:30:00 PM,5:50:00 PM,"Mar 30, 2026","Jun 3, 2026",engineering,402,advanced,EE-402T-LEC-01,True
20,MATH,Calculus,3,3,2025-2026 Spring,1,LEC,80,36,380-380C,"Monday,Wednesday,Friday",10:30:00 AM,11:20:00 AM,"Mar 30, 2026","Jun 3, 2026",hs_natural,20,intro,MATH-20-LEC-01,True
20,MATH,Calculus,3,3,2025-2026 Spring,2,LEC,90,71,380-380C,"Monday,Wednesday,Friday",11:30:00 AM,12:20:00 PM,"Mar 30, 2026","Jun 3, 2026",hs_natural,20,intro,MATH-20-LEC-02,True
20ACE,MATH,"Calculus, ACE",1,1,2025-2026 Spring,2,SEM,22,10,Thornton 210,Wednesday,3:30:00 PM,5:20:00 PM,"Mar 30, 2026","Jun 3, 2026",hs_natural,20,seminar,MATH-20ACE-SEM-02,True
20ACE,MATH,"Calculus, ACE",1,1,2025-2026 Spring,1,SEM,24,16,Lathrop 296,Monday,3:30:00 PM,5:20:00 PM,"Mar 30, 2026","Jun 3, 2026",hs_natural,20,seminar,MATH-20ACE-SEM-01,True
21,MATH,Calculus,4,4,2025-2026 Spring,4,DIS,34,31,Lathrop 016,Tuesday,9:30:00 AM,10:20:00 AM,"Mar 30, 2026","Jun 3, 2026",hs_natural,21,seminar,MATH-21-DIS-04,False
21,MATH,Calculus,4,4,2025-2026 Spring,9,DIS,33,9,200-305,Tuesday,2:30:00 PM,3:20:00 PM,"Mar 30, 2026","Jun 3, 2026",hs_natural,21,seminar,MATH-21-DIS-09,False
21,MATH,Calculus,4,4,2025-2026 Spring,8,DIS,34,27,200-305,Tuesday,1:30:00 PM,2:20:00 PM,"Mar 30, 2026","Jun 3, 2026",hs_natural,21,seminar,MATH-21-DIS-08,False
21,MATH,Calculus,4,4,2025-2026 Spring,11,DIS,33,14,380-380W,Tuesday,10:30:00 AM,11:20:00 AM,"Mar 30, 2026","Jun 3, 2026",hs_natural,21,seminar,MATH-21-DIS-11,False
21,MATH,Calculus,4,4,2025-2026 Spring,6,DIS,34,29,Lathrop 014,Tuesday,11:30:00 AM,12:20:00 PM,"Mar 30, 2026","Jun 3, 2026",hs_natural,21,seminar,MATH-21-DIS-06,False
21,MATH,Calculus,4,4,2025-2026 Spring,5,DIS,34,32,320-220,Tuesday,10:30:00 AM,11:20:00 AM,"Mar 30, 2026","Jun 3, 2026",hs_natural,21,seminar,MATH-21-DIS-05,False
21,MATH,Calculus,4,4,2025-2026 Spring,13,DIS,34,16,ANKO 109,Tuesday,1:30:00 PM,2:20:00 PM,"Mar 30, 2026","Jun 3, 2026",hs_natural,21,seminar,MATH-21-DIS-13,False
21,MATH,Calculus,4,4,2025-2026 Spring,7,DIS,34,31,Lathrop 014,Tuesday,12:30:00 PM,1:20:00 PM,"Mar 30, 2026","Jun 3, 2026",hs_natural,21,seminar,MATH-21-DIS-07,False
21,MATH,Calculus,4,4,2025-2026 Spring,1,LEC,90,74,380-380C,"Monday,Wednesday,Friday",9:30:00 AM,10:20:00 AM,"Mar 30, 2026","Jun 3, 2026",hs_natural,21,intro,MATH-21-LEC-01,True
21,MATH,Calculus,4,4,2025-2026 Spring,2,LEC,90,80,380-380C,"Monday,Wednesday,Friday",12:30:00 PM,1:20:00 PM,"Mar 30, 2026","Jun 3, 2026",hs_natural,21,intro,MATH-21-LEC-02,True
21,MATH,Calculus,4,4,2025-2026 Spring,3,LEC,90,35,380-380C,"Monday,Wednesday,Friday",1:30:00 PM,2:20:00 PM,"Mar 30, 2026","Jun 3, 2026",hs_natural,21,intro,MATH-21-LEC-03,True
21ACE,MATH,"Calculus, ACE",1,1,2025-2026 Spring,1,SEM,30,11,McMurtry Art Building 350,Thursday,4:30:00 PM,6:20:00 PM,"Mar 30, 2026","Jun 3, 2026",hs_natural,21,seminar,MATH-21ACE-SEM-01,True
21ACE,MATH,"Calculus, ACE",1,1,2025-2026 Spring,2,SEM,21,7,Lathrop 015,Thursday,1:30:00 PM,3:20:00 PM,"Mar 30, 2026","Jun 3, 2026",hs_natural,21,seminar,MATH-21ACE-SEM-02,True
51,MATH,"Linear Algebra, Multivariable Calculus, and Modern Applications",5,5,2025-2026 Spring,10,DIS,30,17,380-380W,"Tuesday,Thursday",11:30:00 AM,12:20:00 PM,"Mar 30, 2026","Jun 3, 2026",hs_natural,51,seminar,MATH-51-DIS-10,False
51,MATH,"Linear Algebra, Multivariable Calculus, and Modern Applications",5,5,2025-2026 Spring,7,DIS,30,25,60-109,"Tuesday,Thursday",12:30:00 PM,1:20:00 PM,"Mar 30, 2026","Jun 3, 2026",hs_natural,51,seminar,MATH-51-DIS-07,False
51,MATH,"Linear Algebra, Multivariable Calculus, and Modern Applications",5,5,2025-2026 Spring,5,DIS,30,29,60-109,"Tuesday,Thursday",10:30:00 AM,11:20:00 AM,"Mar 30, 2026","Jun 3, 2026",hs_natural,51,seminar,MATH-51-DIS-05,False
51,MATH,"Linear Algebra, Multivariable Calculus, and Modern Applications",5,5,2025-2026 Spring,13,DIS,30,11,200-203,"Tuesday,Thursday",10:30:00 AM,11:20:00 AM,"Mar 30, 2026","Jun 3, 2026",hs_natural,51,seminar,MATH-51-DIS-13,False
51,MATH,"Linear Algebra, Multivariable Calculus, and Modern Applications",5,5,2025-2026 Spring,11,DIS,30,15,380-380F,"Tuesday,Thursday",12:30:00 PM,1:20:00 PM,"Mar 30, 2026","Jun 3, 2026",hs_natural,51,seminar,MATH-51-DIS-11,False
51,MATH,"Linear Algebra, Multivariable Calculus, and Modern Applications",5,5,2025-2026 Spring,12,DIS,30,21,380-380F,"Tuesday,Thursday",1:30:00 PM,2:20:00 PM,"Mar 30, 2026","Jun 3, 2026",hs_natural,51,seminar,MATH-51-DIS-12,False
51,MATH,"Linear Algebra, Multivariable Calculus, and Modern Applications",5,5,2025-2026 Spring,8,DIS,30,27,300-300,"Tuesday,Thursday",1:30:00 PM,2:20:00 PM,"Mar 30, 2026","Jun 3, 2026",hs_natural,51,seminar,MATH-51-DIS-08,False
51,MATH,"Linear Algebra, Multivariable Calculus, and Modern Applications",5,5,2025-2026 Spring,9,DIS,30,14,Econ 140,"Tuesday,Thursday",10:30:00 AM,11:20:00 AM,"Mar 30, 2026","Jun 3, 2026",hs_natural,51,seminar,MATH-51-DIS-09,False
51,MATH,"Linear Algebra, Multivariable Calculus, and Modern Applications",5,5,2025-2026 Spring,6,DIS,30,25,60-109,"Tuesday,Thursday",11:30:00 AM,12:20:00 PM,"Mar 30, 2026","Jun 3, 2026",hs_natural,51,seminar,MATH-51-DIS-06,False
51,MATH,"Linear Algebra, Multivariable Calculus, and Modern Applications",5,5,2025-2026 Spring,4,DIS,30,22,200-203,"Tuesday,Thursday",9:30:00 AM,10:20:00 AM,"Mar 30, 2026","Jun 3, 2026",hs_natural,51,seminar,MATH-51-DIS-04,False
51,MATH,"Linear Algebra, Multivariable Calculus, and Modern Applications",5,5,2025-2026 Spring,3,LEC,100,69,320-105,"Monday,Wednesday,Friday",12:30:00 PM,1:20:00 PM,"Mar 30, 2026","Jun 3, 2026",hs_natural,51,intro,MATH-51-LEC-03,True
51,MATH,"Linear Algebra, Multivariable Calculus, and Modern Applications",5,5,2025-2026 Spring,2,LEC,100,59,320-105,"Monday,Wednesday,Friday",11:30:00 AM,12:20:00 PM,"Mar 30, 2026","Jun 3, 2026",hs_natural,51,intro,MATH-51-LEC-02,True
51,MATH,"Linear Algebra, Multivariable Calculus, and Modern Applications",5,5,2025-2026 Spring,1,LEC,100,82,Gates B1,"Monday,Wednesday,Friday",10:30:00 AM,11:20:00 AM,"Mar 30, 2026","Jun 3, 2026",hs_natural,51,intro,MATH-51-LEC-01,True
51ACE,MATH,"Linear Algebra, Multivariable Calculus, and Modern Applications, ACE",1,1,2025-2026 Spring,1,SEM,30,13,Lathrop 014,Monday,4:30:00 PM,6:20:00 PM,"Mar 30, 2026","Jun 3, 2026",hs_natural,51,seminar,MATH-51ACE-SEM-01,True
51ACE,MATH,"Linear Algebra, Multivariable Calculus, and Modern Applications, ACE",1,1,2025-2026 Spring,2,SEM,24,7,Lathrop 296,Wednesday,6:00:00 PM,7:50:00 PM,"Mar 30, 2026","Jun 3, 2026",hs_natural,51,seminar,MATH-51ACE-SEM-02,True
52,MATH,Integral Calculus of Several Variables,5,5,2025-2026 Spring,2,DIS,45,24,Sequoia Hall 200,"Tuesday,Thursday",11:30:00 AM,12:20:00 PM,"Mar 30, 2026","Jun 3, 2026",hs_natural,52,seminar,MATH-52-DIS-02,False
52,MATH,Integral Calculus of Several Variables,5,5,2025-2026 Spring,3,DIS,45,33,Sequoia Hall 200,"Tuesday,Thursday",12:30:00 PM,1:20:00 PM,"Mar 30, 2026","Jun 3, 2026",hs_natural,52,seminar,MATH-52-DIS-03,False
52,MATH,Integral Calculus of Several Variables,5,5,2025-2026 Spring,1,LEC,120,57,370-370,"Monday,Wednesday,Friday",9:30:00 AM,10:20:00 AM,"Mar 30, 2026","Jun 3, 2026",hs_natural,52,intro,MATH-52-LEC-01,True
53,MATH,"Differential Equations with Linear Algebra, Fourier Methods, and Modern Applications",5,5,2025-2026 Spring,3,DIS,28,30,ANKO 109,"Tuesday,Thursday",9:30:00 AM,10:20:00 AM,"Mar 30, 2026","Jun 3, 2026",hs_natural,53,seminar,MATH-53-DIS-03,False
53,MATH,"Differential Equations with Linear Algebra, Fourier Methods, and Modern Applications",5,5,2025-2026 Spring,13,DIS,25,23,Lathrop 018,"Tuesday,Thursday",9:30:00 AM,10:20:00 AM,"Mar 30, 2026","Jun 3, 2026",hs_natural,53,seminar,MATH-53-DIS-13,False
53,MATH,"Differential Equations with Linear Algebra, Fourier Methods, and Modern Applications",5,5,2025-2026 Spring,5,DIS,28,27,380-380C,"Tuesday,Thursday",11:30:00 AM,12:20:00 PM,"Mar 30, 2026","Jun 3, 2026",hs_natural,53,seminar,MATH-53-DIS-05,False
53,MATH,"Differential Equations with Linear Algebra, Fourier Methods, and Modern Applications",5,5,2025-2026 Spring,12,DIS,25,25,530-127,"Tuesday,Thursday",1:30:00 PM,2:20:00 PM,"Mar 30, 2026","Jun 3, 2026",hs_natural,53,seminar,MATH-53-DIS-12,False
53,MATH,"Differential Equations with Linear Algebra, Fourier Methods, and Modern Applications",5,5,2025-2026 Spring,10,DIS,25,18,CODAB90,"Tuesday,Thursday",11:30:00 AM,12:20:00 PM,"Mar 30, 2026","Jun 3, 2026",hs_natural,53,seminar,MATH-53-DIS-10,False
53,MATH,"Differential Equations with Linear Algebra, Fourier Methods, and Modern Applications",5,5,2025-2026 Spring,16,DIS,25,24,Shriram 104,"Tuesday,Thursday",12:30:00 PM,1:20:00 PM,"Mar 30, 2026","Jun 3, 2026",hs_natural,53,seminar,MATH-53-DIS-16,False
53,MATH,"Differential Equations with Linear Algebra, Fourier Methods, and Modern Applications",5,5,2025-2026 Spring,15,DIS,25,18,200-203,"Tuesday,Thursday",11:30:00 AM,12:20:00 PM,"Mar 30, 2026","Jun 3, 2026",hs_natural,53,seminar,MATH-53-DIS-15,False
53,MATH,"Differential Equations with Linear Algebra, Fourier Methods, and Modern Applications",5,5,2025-2026 Spring,6,DIS,29,29,380-380C,"Tuesday,Thursday",12:30:00 PM,1:20:00 PM,"Mar 30, 2026","Jun 3, 2026",hs_natural,53,seminar,MATH-53-DIS-06,False
53,MATH,"Differential Equations with Linear Algebra, Fourier Methods, and Modern Applications",5,5,2025-2026 Spring,7,DIS,29,28,380-380Y,"Tuesday,Thursday",1:30:00 PM,2:20:00 PM,"Mar 30, 2026","Jun 3, 2026",hs_natural,53,seminar,MATH-53-DIS-07,False
53,MATH,"Differential Equations with Linear Algebra, Fourier Methods, and Modern Applications",5,5,2025-2026 Spring,11,DIS,25,24,200-303,"Tuesday,Thursday",12:30:00 PM,1:20:00 PM,"Mar 30, 2026","Jun 3, 2026",hs_natural,53,seminar,MATH-53-DIS-11,False
53,MATH,"Differential Equations with Linear Algebra, Fourier Methods, and Modern Applications",5,5,2025-2026 Spring,4,DIS,28,27,ANKO 109,"Tuesday,Thursday",10:30:00 AM,11:20:00 AM,"Mar 30, 2026","Jun 3, 2026",hs_natural,53,seminar,MATH-53-DIS-04,False
53,MATH,"Differential Equations with Linear Algebra, Fourier Methods, and Modern Applications",5,5,2025-2026 Spring,9,DIS,25,23,380-380X,"Tuesday,Thursday",10:30:00 AM,11:20:00 AM,"Mar 30, 2026","Jun 3, 2026",hs_natural,53,seminar,MATH-53-DIS-09,False
53,MATH,"Differential Equations with Linear Algebra, Fourier Methods, and Modern Applications",5,5,2025-2026 Spring,1,LEC,200,185,420-040,"Monday,Wednesday,Friday",9:30:00 AM,10:20:00 AM,"Mar 30, 2026","Jun 3, 2026",hs_natural,53,intro,MATH-53-LEC-01,True
53,MATH,"Differential Equations with Linear Algebra, Fourier Methods, and Modern Applications",5,5,2025-2026 Spring,2,LEC,167,150,420-041,"Monday,Wednesday,Friday",11:30:00 AM,12:20:00 PM,"Mar 30, 2026","Jun 3, 2026",hs_natural,53,intro,MATH-53-LEC-02,True
53,MATH,"Differential Equations with Linear Algebra, Fourier Methods, and Modern Applications",5,5,2025-2026 Spring,8,DIS,25,17,200-305,"Tuesday,Thursday",9:30:00 AM,10:20:00 AM,"Mar 30, 2026","Jun 3, 2026",hs_natural,53,seminar,MATH-53-DIS-08,False
53,MATH,"Differential Equations with Linear Algebra, Fourier Methods, and Modern Applications",5,5,2025-2026 Spring,14,DIS,25,22,200-305,"Tuesday,Thursday",10:30:00 AM,11:20:00 AM,"Mar 30, 2026","Jun 3, 2026",hs_natural,53,seminar,MATH-53-DIS-14,False
56,MATH,Proofs and Modern Mathematics,4,4,2025-2026 Spring,1,LEC,80,24,380-380Y,"Tuesday,Thursday",10:30:00 AM,11:50:00 AM,"Mar 30, 2026","Jun 3, 2026",hs_natural,56,intro,MATH-56-LEC-01,True
63CM,MATH,Modern Mathematics: Continuous Methods,5,5,2025-2026 Spring,1,LEC,49,28,380-380F,"Monday,Tuesday,Wednesday,Thursday,Friday",9:30:00 AM,10:20:00 AM,"Mar 30, 2026","Jun 3, 2026",hs_natural,63,intro,MATH-63CM-LEC-01,True
63DM,MATH,Modern Mathematics: Discrete Methods,5,5,2025-2026 Spring,1,LEC,69,38,380-380X,"Monday,Tuesday,Wednesday,Thursday,Friday",9:30:00 AM,10:20:00 AM,"Mar 30, 2026","Jun 3, 2026",hs_natural,63,intro,MATH-63DM-LEC-01,True
77Q,MATH,Probability and gambling,3,3,2025-2026 Spring,1,ISS,18,17,380-381U,Wednesday,1:30:00 PM,3:20:00 PM,"Mar 30, 2026","Jun 3, 2026",hs_natural,77,seminar,MATH-77Q-ISS-01,True
87Q,MATH,"Mathematics of Knots, Braids, Links, and Tangles",3,3,2025-2026 Spring,1,ISS,16,14,380-381T,Wednesday,2:30:00 PM,4:20:00 PM,"Mar 30, 2026","Jun 3, 2026",hs_natural,87,seminar,MATH-87Q-ISS-01,True
104,MATH,Applied Matrix Theory,4,4,2025-2026 Spring,1,LEC,137,85,370-370,"Monday,Wednesday,Friday",1:30:00 PM,2:20:00 PM,"Mar 30, 2026","Jun 3, 2026",hs_natural,104,intro,MATH-104-LEC-01,True
106,MATH,Functions of a Complex Variable,4,4,2025-2026 Spring,1,LEC,65,35,380-380C,"Tuesday,Thursday",9:00:00 AM,10:20:00 AM,"Mar 30, 2026","Jun 3, 2026",hs_natural,106,intro,MATH-106-LEC-01,True
108,MATH,Introduction to Combinatorics and Its Applications,4,4,2025-2026 Spring,1,LEC,65,21,380-380X,"Tuesday,Thursday",1:30:00 PM,2:50:00 PM,"Mar 30, 2026","Jun 3, 2026",hs_natural,108,intro,MATH-108-LEC-01,True
113,MATH,Linear Algebra and Matrix Theory,4,4,2025-2026 Spring,1,LEC,80,59,380-380Y,"Tuesday,Thursday",12:00:00 PM,1:20:00 PM,"Mar 30, 2026","Jun 3, 2026",hs_natural,113,intro,MATH-113-LEC-01,True
115,MATH,Functions of a Real Variable,4,4,2025-2026 Spring,1,LEC,137,58,370-370,"Monday,Wednesday,Friday",11:30:00 AM,12:20:00 PM,"Mar 30, 2026","Jun 3, 2026",hs_natural,115,intro,MATH-115-LEC-01,True
120,MATH,Groups and Rings,4,4,2025-2026 Spring,1,LEC,60,42,380-380C,"Tuesday,Thursday",1:30:00 PM,2:50:00 PM,"Mar 30, 2026","Jun 3, 2026",hs_natural,120,intro,MATH-120-LEC-01,True
122,MATH,Modules and Group Representations,4,4,2025-2026 Spring,1,LEC,69,17,380-380X,"Monday,Wednesday,Friday",10:30:00 AM,11:20:00 AM,"Mar 30, 2026","Jun 3, 2026",hs_natural,122,intro,MATH-122-LEC-01,True
147,MATH,Differential Topology,4,4,2025-2026 Spring,1,LEC,137,22,370-370,"Tuesday,Thursday",9:00:00 AM,10:20:00 AM,"Mar 30, 2026","Jun 3, 2026",hs_natural,147,intro,MATH-147-LEC-01,True
158,MATH,Probability and Stochastic Differential Equations for Applications (CME 298),4,4,2025-2026 Spring,1,LEC,137,43,370-370,"Tuesday,Thursday",10:30:00 AM,11:50:00 AM,"Mar 30, 2026","Jun 3, 2026",hs_natural,158,intro,MATH-158-LEC-01,True
159,MATH,Discrete Probabilistic Methods,4,4,2025-2026 Spring,1,LEC,45,35,380-380Y,"Tuesday,Thursday",9:00:00 AM,10:20:00 AM,"Mar 30, 2026","Jun 3, 2026",hs_natural,159,intro,MATH-159-LEC-01,True
171,MATH,Fundamental Concepts of Analysis,4,4,2025-2026 Spring,1,LEC,52,37,380-380W,"Monday,Wednesday,Friday",12:30:00 PM,1:20:00 PM,"Mar 30, 2026","Jun 3, 2026",hs_natural,171,intro,MATH-171-LEC-01,True
172,MATH,Lebesgue Integration and Fourier Analysis,4,4,2025-2026 Spring,1,LEC,15,7,380-380W,"Tuesday,Thursday",1:30:00 PM,2:50:00 PM,"Mar 30, 2026","Jun 3, 2026",hs_natural,172,intro,MATH-172-LEC-01,True
198,MATH,Practical Training,1,1,2025-2026 Spring,1,PRA,5,6,,,,,"Mar 30, 2026","Jun 3, 2026",hs_natural,198,intro,MATH-198-PRA-01,True
205C,MATH,Topics in Harmonic Analysis,3,3,2025-2026 Spring,1,LEC,16,8,380-381T,"Tuesday,Thursday",10:30:00 AM,11:50:00 AM,"Mar 30, 2026","Jun 3, 2026",hs_natural,205,mid,MATH-205C-LEC-01,True
210C,MATH,Lie Theory,3,3,2025-2026 Spring,1,LEC,16,6,380-381T,"Tuesday,Thursday",1:30:00 PM,2:50:00 PM,"Mar 30, 2026","Jun 3, 2026",hs_natural,210,mid,MATH-210C-LEC-01,True
215C,MATH,Differential Geometry,3,3,2025-2026 Spring,1,LEC,25,10,380-380D,"Tuesday,Thursday",12:00:00 PM,1:20:00 PM,"Mar 30, 2026","Jun 3, 2026",hs_natural,215,mid,MATH-215C-LEC-01,True
228,MATH,"Stochastic Methods in Engineering (CME 308, MS&E 324)",3,3,2025-2026 Spring,1,LEC,80,2,200-034,"Monday,Wednesday,Friday",9:30:00 AM,11:20:00 AM,"Mar 30, 2026","Jun 3, 2026",hs_natural,228,mid,MATH-228-LEC-01,True
230C,MATH,Theory of Probability III (STATS 310C),3,3,2025-2026 Spring,1,LEC,40,1,Sequoia Hall 200,"Tuesday,Thursday",9:00:00 AM,10:20:00 AM,"Mar 30, 2026","Jun 3, 2026",hs_natural,230,mid,MATH-230C-LEC-01,True
232,MATH,Topics in Probability,3,3,2025-2026 Spring,1,LEC,52,5,380-380W,"Tuesday,Thursday",9:00:00 AM,10:20:00 AM,"Mar 30, 2026","Jun 3, 2026",hs_natural,232,mid,MATH-232-LEC-01,True
235,MATH,Modern Markov Chains (STATS 318),3,3,2025-2026 Spring,1,LEC,30,9,Sequoia Hall 200,"Monday,Wednesday",1:30:00 PM,2:50:00 PM,"Mar 30, 2026","Jun 3, 2026",hs_natural,235,mid,MATH-235-LEC-01,True
237,MATH,Stochastic Calculus,3,3,2025-2026 Spring,1,LEC,30,0,,,,,,,hs_natural,237,mid,MATH-237-LEC-01,True
245C,MATH,Topics in Algebraic Geometry,3,3,2025-2026 Spring,1,LEC,18,8,380-381U,"Tuesday,Thursday",9:00:00 AM,10:20:00 AM,"Mar 30, 2026","Jun 3, 2026",hs_natural,245,mid,MATH-245C-LEC-01,True
249C,MATH,Topics in Number Theory,3,3,2025-2026 Spring,1,LEC,16,7,380-381T,"Tuesday,Thursday",9:00:00 AM,10:20:00 AM,"Mar 30, 2026","Jun 3, 2026",hs_natural,249,mid,MATH-249C-LEC-01,True
272,MATH,Topics in Partial Differential Equations,3,3,2025-2026 Spring,1,LEC,42,9,380-380D,"Monday,Wednesday",10:30:00 AM,11:50:00 AM,"Mar 30, 2026","Jun 3, 2026",hs_natural,272,mid,MATH-272-LEC-01,True
282C,MATH,Fiber Bundles and Cobordism,3,3,2025-2026 Spring,1,LEC,16,10,380-380X,"Monday,Wednesday",1:30:00 PM,2:50:00 PM,"Mar 30, 2026","Jun 3, 2026",hs_natural,282,mid,MATH-282C-LEC-01,True
283C,MATH,Topics in Topology,3,3,2025-2026 Spring,1,LEC,16,6,380-381T,"Monday,Wednesday,Friday",12:30:00 PM,1:20:00 PM,"Mar 30, 2026","Jun 3, 2026",hs_natural,283,mid,MATH-283C-LEC-01,True
298,MATH,Graduate Practical Training,1,1,2025-2026 Spring,1,PRA,30,1,,,,,"Mar 30, 2026","Jun 3, 2026",hs_natural,298,mid,MATH-298-PRA-01,True
60,STATS,Introduction to Statistical Methods: Precalculus (PSYCH 10),5,5,2025-2026 Spring,6,DIS,40,5,Lathrop 014,Thursday,2:30:00 PM,3:20:00 PM,"Mar 30, 2026","Jun 3, 2026",hs_natural,60,seminar,STATS-60-DIS-06,False
60,STATS,Introduction to Statistical Methods: Precalculus (PSYCH 10),5,5,2025-2026 Spring,4,DIS,40,29,Lathrop 016,Thursday,3:30:00 PM,4:20:00 PM,"Mar 30, 2026","Jun 3, 2026",hs_natural,60,seminar,STATS-60-DIS-04,False
60,STATS,Introduction to Statistical Methods: Precalculus (PSYCH 10),5,5,2025-2026 Spring,2,DIS,38,26,Lathrop 180,Thursday,9:30:00 AM,10:20:00 AM,"Mar 30, 2026","Jun 3, 2026",hs_natural,60,seminar,STATS-60-DIS-02,False
60,STATS,Introduction to Statistical Methods: Precalculus (PSYCH 10),5,5,2025-2026 Spring,3,DIS,40,24,380-380W,Thursday,10:30:00 AM,11:20:00 AM,"Mar 30, 2026","Jun 3, 2026",hs_natural,60,seminar,STATS-60-DIS-03,False
60,STATS,Introduction to Statistical Methods: Precalculus (PSYCH 10),5,5,2025-2026 Spring,5,DIS,40,20,Hewlett Teaching Center Rm 101,Thursday,4:30:00 PM,5:20:00 PM,"Mar 30, 2026","Jun 3, 2026",hs_natural,60,seminar,STATS-60-DIS-05,False
60,STATS,Introduction to Statistical Methods: Precalculus (PSYCH 10),5,5,2025-2026 Spring,1,LEC,175,116,Hewlett Teaching Center 201,"Monday,Wednesday,Friday",1:30:00 PM,2:50:00 PM,"Mar 30, 2026","Jun 3, 2026",hs_natural,60,intro,STATS-60-LEC-01,True
117,STATS,Introduction to Probability Theory,3,4,2025-2026 Spring,6,DIS,25,20,Lathrop 014,Thursday,4:30:00 PM,5:20:00 PM,"Mar 30, 2026","Jun 3, 2026",hs_natural,117,intro,STATS-117-DIS-06,False
117,STATS,Introduction to Probability Theory,3,4,2025-2026 Spring,5,DIS,20,16,Gates100,Thursday,3:30:00 PM,4:20:00 PM,"Mar 30, 2026","Jun 3, 2026",hs_natural,117,intro,STATS-117-DIS-05,False
117,STATS,Introduction to Probability Theory,3,4,2025-2026 Spring,3,DIS,20,16,Gates100,Thursday,10:30:00 AM,11:20:00 AM,"Mar 30, 2026","Jun 3, 2026",hs_natural,117,intro,STATS-117-DIS-03,False
117,STATS,Introduction to Probability Theory,3,4,2025-2026 Spring,4,DIS,24,12,Green Earth Sciences150,Thursday,10:30:00 AM,11:20:00 AM,"Mar 30, 2026","Jun 3, 2026",hs_natural,117,intro,STATS-117-DIS-04,False
117,STATS,Introduction to Probability Theory,3,4,2025-2026 Spring,2,LEC,100,23,Shriram 104,"Monday,Wednesday,Friday",9:30:00 AM,10:20:00 AM,"Mar 30, 2026","Jun 3, 2026",hs_natural,117,intro,STATS-117-LEC-02,True
117,STATS,Introduction to Probability Theory,3,4,2025-2026 Spring,1,LEC,100,64,Shriram 104,"Monday,Wednesday,Friday",9:30:00 AM,10:20:00 AM,"Mar 30, 2026","Jun 3, 2026",hs_natural,117,intro,STATS-117-LEC-01,True
141,STATS,Introduction to Statistics for Biology (BIO 141),5,5,2025-2026 Spring,2,DIS,45,15,Hewlett Teaching Center 102,Thursday,9:30:00 AM,10:20:00 AM,"Mar 30, 2026","Jun 3, 2026",hs_natural,141,intro,STATS-141-DIS-02,False
141,STATS,Introduction to Statistics for Biology (BIO 141),5,5,2025-2026 Spring,4,DIS,28,6,STLC 104,Thursday,2:30:00 PM,3:20:00 PM,"Mar 30, 2026","Jun 3, 2026",hs_natural,141,intro,STATS-141-DIS-04,False
141,STATS,Introduction to Statistics for Biology (BIO 141),5,5,2025-2026 Spring,1,LEC,75,25,CODAB90,"Monday,Wednesday,Friday",9:30:00 AM,10:50:00 AM,"Mar 30, 2026","Jun 3, 2026",hs_natural,141,intro,STATS-141-LEC-01,True
200Q,STATS,Philosophical Foundations of Statistics (DATASCI 200Q),4,4,2025-2026 Spring,1,ISS,14,14,360-361A,"Monday,Wednesday",1:30:00 PM,2:50:00 PM,"Mar 30, 2026","Jun 3, 2026",hs_natural,200,mid,STATS-200Q-ISS-01,True
203,STATS,Regression Models and Analysis of Variance,3,3,2025-2026 Spring,1,LEC,100,59,Thornton 102,"Monday,Wednesday",4:30:00 PM,5:50:00 PM,"Mar 30, 2026","Jun 3, 2026",hs_natural,203,mid,STATS-203-LEC-01,True
207,STATS,Time Series Analysis (STATS 307),3,3,2025-2026 Spring,1,LEC,100,31,300-300,"Tuesday,Thursday",9:00:00 AM,10:20:00 AM,"Mar 30, 2026","Jun 3, 2026",hs_natural,207,mid,STATS-207-LEC-01,True
218,STATS,Introduction to Stochastic Processes II,3,3,2025-2026 Spring,1,LEC,50,21,60-109,"Tuesday,Thursday",4:30:00 PM,5:50:00 PM,"Mar 30, 2026","Jun 3, 2026",hs_natural,218,mid,STATS-218-LEC-01,True
229,STATS,Machine Learning (CS 229),3,4,2025-2026 Spring,2,DIS,999,3,,,,,,,hs_natural,229,mid,STATS-229-DIS-02,False
229,STATS,Machine Learning (CS 229),3,4,2025-2026 Spring,1,LEC,999,5,NVIDIA Auditorium,"Monday,Wednesday",3:00:00 PM,4:20:00 PM,"Mar 30, 2026","Jun 3, 2026",hs_natural,229,mid,STATS-229-LEC-01,True
242,STATS,NeuroTech Training Seminar (NSUR 239),1,1,2025-2026 Spring,1,SEM,28,0,,,,,,,hs_natural,242,mid,STATS-242-SEM-01,True
260C,STATS,Workshop in Biomedical Data Science (BMDS 280C),1,2,2025-2026 Spring,1,WKS,30,4,"Li Ka Shing Center, room 130",Thursday,1:30:00 PM,2:50:00 PM,"Mar 30, 2026","Jun 3, 2026",hs_natural,260,mid,STATS-260C-WKS-01,True
262,STATS,"Intermediate Biostatistics: Regression, Prediction, Survival Analysis (EPI 262)",3,3,2025-2026 Spring,1,LEC,63,11,"Alway Building, Room M106",Wednesday,11:30:00 AM,1:20:00 PM,"Mar 30, 2026","Jun 3, 2026",hs_natural,262,mid,STATS-262-LEC-01,True
262,STATS,"Intermediate Biostatistics: Regression, Prediction, Survival Analysis (EPI 262)",3,3,2025-2026 Spring,1,LEC,63,11,Remote,Monday,11:30:00 AM,1:20:00 PM,"Mar 30, 2026","Jun 3, 2026",hs_natural,262,mid,STATS-262-LEC-01,True
270,STATS,Bayesian Statistics (STATS 370),3,3,2025-2026 Spring,1,LEC,45,9,Hewlett Teaching Center Rm 101,"Tuesday,Thursday",3:00:00 PM,4:20:00 PM,"Mar 30, 2026","Jun 3, 2026",hs_natural,270,mid,STATS-270-LEC-01,True
292,STATS,Statistical Models of Text and Language,3,3,2025-2026 Spring,1,LEC,45,29,320-109,"Tuesday,Thursday",1:30:00 PM,2:50:00 PM,"Mar 30, 2026","Jun 3, 2026",hs_natural,292,mid,STATS-292-LEC-01,True
300C,STATS,Theory of Statistics III,3,3,2025-2026 Spring,1,LEC,40,21,Sequoia Hall 200,"Tuesday,Thursday",1:30:00 PM,2:50:00 PM,"Mar 30, 2026","Jun 3, 2026",hs_natural,300,advanced,STATS-300C-LEC-01,True
305C,STATS,Applied Statistics III,3,3,2025-2026 Spring,1,LEC,40,21,60-109,"Monday,Wednesday",1:30:00 PM,2:50:00 PM,"Mar 30, 2026","Jun 3, 2026",hs_natural,305,advanced,STATS-305C-LEC-01,True
307,STATS,Time Series Analysis (STATS 207),3,3,2025-2026 Spring,1,LEC,100,16,300-300,"Tuesday,Thursday",9:00:00 AM,10:20:00 AM,"Mar 30, 2026","Jun 3, 2026",hs_natural,307,advanced,STATS-307-LEC-01,True
310C,STATS,Theory of Probability III (MATH 230C),3,3,2025-2026 Spring,1,LEC,30,13,Sequoia Hall 200,"Tuesday,Thursday",9:00:00 AM,10:20:00 AM,"Mar 30, 2026","Jun 3, 2026",hs_natural,310,advanced,STATS-310C-LEC-01,True
318,STATS,Modern Markov Chains (MATH 235),3,3,2025-2026 Spring,1,LEC,30,5,Sequoia Hall 200,"Monday,Wednesday",1:30:00 PM,2:50:00 PM,"Mar 30, 2026","Jun 3, 2026",hs_natural,318,advanced,STATS-318-LEC-01,True
354,STATS,Generalization and Causality in Biohealth (CS 273D),1,3,2025-2026 Spring,1,LEC,37,9,380-380F,"Monday,Wednesday",10:30:00 AM,11:50:00 AM,"Mar 30, 2026","Jun 3, 2026",hs_natural,354,advanced,STATS-354-LEC-01,True
354,STATS,Generalization and Causality in Biohealth (CS 273D),1,3,2025-2026 Spring,2,LEC,25,7,380-380F,"Monday,Wednesday",10:30:00 AM,11:50:00 AM,"Mar 30, 2026","Jun 3, 2026",hs_natural,354,advanced,STATS-354-LEC-02,True
357,STATS,Reliability and Validity in Artificial Intelligence (MS&E 330),3,3,2025-2026 Spring,1,LEC,50,23,McCullough 122,"Monday,Wednesday",9:30:00 AM,10:50:00 AM,"Mar 30, 2026","Jun 3, 2026",hs_natural,357,advanced,STATS-357-LEC-01,True
361,STATS,Causal Inference,3,3,2025-2026 Spring,1,LEC,60,19,200-030,"Monday,Wednesday",3:00:00 PM,4:20:00 PM,"Mar 30, 2026","Jun 3, 2026",hs_natural,361,advanced,STATS-361-LEC-01,True
362,STATS,Topic: Monte Carlo,3,3,2025-2026 Spring,1,LEC,35,6,McCullough 126,"Monday,Wednesday",3:00:00 PM,4:20:00 PM,"Mar 30, 2026","Jun 3, 2026",hs_natural,362,advanced,STATS-362-LEC-01,True
370,STATS,Bayesian Statistics (STATS 270),3,3,2025-2026 Spring,1,LEC,999,7,Hewlett Teaching Center Rm 101,"Tuesday,Thursday",3:00:00 PM,4:20:00 PM,"Mar 30, 2026","Jun 3, 2026",hs_natural,370,advanced,STATS-370-LEC-01,True
390,STATS,Consulting Workshop,1,1,2025-2026 Spring,1,WKS,40,10,Sequoia Hall 200,Friday,12:30:00 PM,1:20:00 PM,"Mar 30, 2026","Jun 3, 2026",hs_natural,390,advanced,STATS-390-WKS-01,True
14N,PHYSICS,Quantum Information: Visions and Emerging Technologies,3,3,2025-2026 Spring,1,ISF,16,16,160-314,"Monday,Wednesday",1:30:00 PM,2:50:00 PM,"Mar 30, 2026","Jun 3, 2026",hs_natural,14,seminar,PHYSICS-14N-ISF-01,True
16,PHYSICS,The Origin and Development of the Cosmos,3,3,2025-2026 Spring,1,LEC,45,11,Hewlett Teaching Center Rm 101,"Tuesday,Thursday",1:30:00 PM,2:50:00 PM,"Mar 30, 2026","Jun 3, 2026",hs_natural,16,intro,PHYSICS-16-LEC-01,True
16,PHYSICS,The Origin and Development of the Cosmos,3,3,2025-2026 Spring,2,DIS,45,11,,Thursday,5:30:00 PM,6:20:00 PM,"Mar 30, 2026","Jun 3, 2026",hs_natural,16,seminar,PHYSICS-16-DIS-02,False
25,PHYSICS,Modern Physics,4,4,2025-2026 Spring,9,DIS,16,10,Departmental Room,Thursday,3:00:00 PM,4:20:00 PM,"Mar 30, 2026","Jun 3, 2026",hs_natural,25,seminar,PHYSICS-25-DIS-09,False
25,PHYSICS,Modern Physics,4,4,2025-2026 Spring,8,DIS,16,12,Departmental Room,Thursday,1:30:00 PM,2:50:00 PM,"Mar 30, 2026","Jun 3, 2026",hs_natural,25,seminar,PHYSICS-25-DIS-08,False
25,PHYSICS,Modern Physics,4,4,2025-2026 Spring,7,DIS,16,13,Departmental Room,Thursday,12:00:00 PM,1:20:00 PM,"Mar 30, 2026","Jun 3, 2026",hs_natural,25,seminar,PHYSICS-25-DIS-07,False
25,PHYSICS,Modern Physics,4,4,2025-2026 Spring,2,DIS,16,16,Departmental Room,Wednesday,11:30:00 AM,12:50:00 PM,"Mar 30, 2026","Jun 3, 2026",hs_natural,25,seminar,PHYSICS-25-DIS-02,False
25,PHYSICS,Modern Physics,4,4,2025-2026 Spring,3,DIS,16,16,Departmental Room,Wednesday,1:30:00 PM,2:50:00 PM,"Mar 30, 2026","Jun 3, 2026",hs_natural,25,seminar,PHYSICS-25-DIS-03,False
25,PHYSICS,Modern Physics,4,4,2025-2026 Spring,1,LEC,144,109,STLC 114,"Monday,Wednesday",9:00:00 AM,10:20:00 AM,"Mar 30, 2026","Jun 3, 2026",hs_natural,25,intro,PHYSICS-25-LEC-01,True
25,PHYSICS,Modern Physics,4,4,2025-2026 Spring,4,DIS,16,13,Departmental Room,Wednesday,1:30:00 PM,2:50:00 PM,"Mar 30, 2026","Jun 3, 2026",hs_natural,25,seminar,PHYSICS-25-DIS-04,False
25,PHYSICS,Modern Physics,4,4,2025-2026 Spring,5,DIS,16,13,Departmental Room,Wednesday,3:00:00 PM,4:20:00 PM,"Mar 30, 2026","Jun 3, 2026",hs_natural,25,seminar,PHYSICS-25-DIS-05,False
25,PHYSICS,Modern Physics,4,4,2025-2026 Spring,6,DIS,16,16,Departmental Room,Thursday,10:30:00 AM,11:50:00 AM,"Mar 30, 2026","Jun 3, 2026",hs_natural,25,seminar,PHYSICS-25-DIS-06,False
26,PHYSICS,Modern Physics Laboratory,1,1,2025-2026 Spring,1,LAB,112,104,,,,,"Mar 30, 2026","Jun 3, 2026",hs_natural,26,intro,PHYSICS-26-LAB-01,True
26,PHYSICS,Modern Physics Laboratory,1,1,2025-2026 Spring,8,LBS,16,14,Departmental Room,Monday,6:30:00 PM,8:20:00 PM,"Mar 30, 2026","Jun 3, 2026",hs_natural,26,seminar,PHYSICS-26-LBS-08,False
26,PHYSICS,Modern Physics Laboratory,1,1,2025-2026 Spring,7,LBS,16,14,Departmental Room,Tuesday,1:30:00 PM,3:20:00 PM,"Mar 30, 2026","Jun 3, 2026",hs_natural,26,seminar,PHYSICS-26-LBS-07,False
26,PHYSICS,Modern Physics Laboratory,1,1,2025-2026 Spring,6,LBS,16,15,Departmental Room,Tuesday,11:30:00 AM,1:20:00 PM,"Mar 30, 2026","Jun 3, 2026",hs_natural,26,seminar,PHYSICS-26-LBS-06,False
26,PHYSICS,Modern Physics Laboratory,1,1,2025-2026 Spring,4,LBS,16,15,Departmental Room,Monday,3:30:00 PM,5:20:00 PM,"Mar 30, 2026","Jun 3, 2026",hs_natural,26,seminar,PHYSICS-26-LBS-04,False
26,PHYSICS,Modern Physics Laboratory,1,1,2025-2026 Spring,3,LBS,16,16,Departmental Room,Monday,1:30:00 PM,3:20:00 PM,"Mar 30, 2026","Jun 3, 2026",hs_natural,26,seminar,PHYSICS-26-LBS-03,False
26,PHYSICS,Modern Physics Laboratory,1,1,2025-2026 Spring,2,LBS,17,17,Departmental Room,Monday,11:30:00 AM,1:20:00 PM,"Mar 30, 2026","Jun 3, 2026",hs_natural,26,seminar,PHYSICS-26-LBS-02,False
26,PHYSICS,Modern Physics Laboratory,1,1,2025-2026 Spring,5,LBS,16,13,Departmental Room,Tuesday,9:30:00 AM,11:20:00 AM,"Mar 30, 2026","Jun 3, 2026",hs_natural,26,seminar,PHYSICS-26-LBS-05,False
43,PHYSICS,Electricity and Magnetism,4,4,2025-2026 Spring,5,DIS,16,7,Departmental Room,Thursday,12:00:00 PM,1:20:00 PM,"Mar 30, 2026","Jun 3, 2026",hs_natural,43,seminar,PHYSICS-43-DIS-05,False
43,PHYSICS,Electricity and Magnetism,4,4,2025-2026 Spring,1,LEC,112,77,Lathrop 282,"Tuesday,Thursday",9:00:00 AM,10:20:00 AM,"Mar 30, 2026","Jun 3, 2026",hs_natural,43,intro,PHYSICS-43-LEC-01,True
43,PHYSICS,Electricity and Magnetism,4,4,2025-2026 Spring,16,DIS,16,10,160-326,Thursday,3:00:00 PM,4:20:00 PM,"Mar 30, 2026","Jun 3, 2026",hs_natural,43,seminar,PHYSICS-43-DIS-16,False
43,PHYSICS,Electricity and Magnetism,4,4,2025-2026 Spring,15,DIS,16,11,160-329,Thursday,1:30:00 PM,2:50:00 PM,"Mar 30, 2026","Jun 3, 2026",hs_natural,43,seminar,PHYSICS-43-DIS-15,False
43,PHYSICS,Electricity and Magnetism,4,4,2025-2026 Spring,13,DIS,16,15,Departmental Room,Thursday,12:00:00 PM,1:20:00 PM,"Mar 30, 2026","Jun 3, 2026",hs_natural,43,seminar,PHYSICS-43-DIS-13,False
43,PHYSICS,Electricity and Magnetism,4,4,2025-2026 Spring,12,DIS,16,14,Departmental Room,Friday,1:30:00 PM,2:50:00 PM,"Mar 30, 2026","Jun 3, 2026",hs_natural,43,seminar,PHYSICS-43-DIS-12,False
43,PHYSICS,Electricity and Magnetism,4,4,2025-2026 Spring,11,DIS,16,13,Departmental Room,Friday,11:30:00 AM,12:50:00 PM,"Mar 30, 2026","Jun 3, 2026",hs_natural,43,seminar,PHYSICS-43-DIS-11,False
43,PHYSICS,Electricity and Magnetism,4,4,2025-2026 Spring,10,DIS,16,12,Departmental Room,Friday,9:30:00 AM,10:50:00 AM,"Mar 30, 2026","Jun 3, 2026",hs_natural,43,seminar,PHYSICS-43-DIS-10,False
43,PHYSICS,Electricity and Magnetism,4,4,2025-2026 Spring,9,DIS,16,7,160-319,Thursday,3:00:00 PM,4:20:00 PM,"Mar 30, 2026","Jun 3, 2026",hs_natural,43,seminar,PHYSICS-43-DIS-09,False
43,PHYSICS,Electricity and Magnetism,4,4,2025-2026 Spring,7,DIS,16,15,Departmental Room,Thursday,1:30:00 PM,2:50:00 PM,"Mar 30, 2026","Jun 3, 2026",hs_natural,43,seminar,PHYSICS-43-DIS-07,False
43,PHYSICS,Electricity and Magnetism,4,4,2025-2026 Spring,21,DIS,16,11,Departmental Room,Friday,1:30:00 PM,2:50:00 PM,"Mar 30, 2026","Jun 3, 2026",hs_natural,43,seminar,PHYSICS-43-DIS-21,False
43,PHYSICS,Electricity and Magnetism,4,4,2025-2026 Spring,19,DIS,16,11,Departmental Room,Friday,11:30:00 AM,12:50:00 PM,"Mar 30, 2026","Jun 3, 2026",hs_natural,43,seminar,PHYSICS-43-DIS-19,False
43,PHYSICS,Electricity and Magnetism,4,4,2025-2026 Spring,20,DIS,16,2,Departmental Room,Friday,11:30:00 AM,12:50:00 PM,"Mar 30, 2026","Jun 3, 2026",hs_natural,43,seminar,PHYSICS-43-DIS-20,False
43,PHYSICS,Electricity and Magnetism,4,4,2025-2026 Spring,17,DIS,16,2,Departmental Room,Thursday,3:00:00 PM,4:20:00 PM,"Mar 30, 2026","Jun 3, 2026",hs_natural,43,seminar,PHYSICS-43-DIS-17,False
43,PHYSICS,Electricity and Magnetism,4,4,2025-2026 Spring,18,DIS,16,10,Departmental Room,Friday,9:30:00 AM,10:50:00 AM,"Mar 30, 2026","Jun 3, 2026",hs_natural,43,seminar,PHYSICS-43-DIS-18,False
43,PHYSICS,Electricity and Magnetism,4,4,2025-2026 Spring,4,DIS,16,9,Departmental Room,Thursday,10:30:00 AM,11:50:00 AM,"Mar 30, 2026","Jun 3, 2026",hs_natural,43,seminar,PHYSICS-43-DIS-04,False
43,PHYSICS,Electricity and Magnetism,4,4,2025-2026 Spring,2,LEC,144,86,Lathrop 282,"Tuesday,Thursday",10:30:00 AM,11:50:00 AM,"Mar 30, 2026","Jun 3, 2026",hs_natural,43,intro,PHYSICS-43-LEC-02,True
43,PHYSICS,Electricity and Magnetism,4,4,2025-2026 Spring,14,DIS,16,14,Departmental Room,Thursday,1:30:00 PM,2:50:00 PM,"Mar 30, 2026","Jun 3, 2026",hs_natural,43,seminar,PHYSICS-43-DIS-14,False
43S,PHYSICS,STEMentors in Physics 43,1,1,2025-2026 Spring,9,LEC,10,1,Thornton 209,Wednesday,5:30:00 PM,6:20:00 PM,"Mar 30, 2026","Jun 3, 2026",hs_natural,43,intro,PHYSICS-43S-LEC-09,True
43S,PHYSICS,STEMentors in Physics 43,1,1,2025-2026 Spring,6,LEC,10,1,Thornton 210,Wednesday,11:30:00 AM,12:20:00 PM,"Mar 30, 2026","Jun 3, 2026",hs_natural,43,intro,PHYSICS-43S-LEC-06,True
43S,PHYSICS,STEMentors in Physics 43,1,1,2025-2026 Spring,5,LEC,10,2,Thornton 209,Wednesday,1:30:00 PM,2:20:00 PM,"Mar 30, 2026","Jun 3, 2026",hs_natural,43,intro,PHYSICS-43S-LEC-05,True
43S,PHYSICS,STEMentors in Physics 43,1,1,2025-2026 Spring,11,LEC,10,2,160-120,Wednesday,9:30:00 AM,10:20:00 AM,"Mar 30, 2026","Jun 3, 2026",hs_natural,43,intro,PHYSICS-43S-LEC-11,True
43S,PHYSICS,STEMentors in Physics 43,1,1,2025-2026 Spring,2,LEC,10,3,Thornton 209,Wednesday,10:30:00 AM,11:20:00 AM,"Mar 30, 2026","Jun 3, 2026",hs_natural,43,intro,PHYSICS-43S-LEC-02,True
43S,PHYSICS,STEMentors in Physics 43,1,1,2025-2026 Spring,3,LEC,10,5,Thornton 209,Wednesday,11:30:00 AM,12:20:00 PM,"Mar 30, 2026","Jun 3, 2026",hs_natural,43,intro,PHYSICS-43S-LEC-03,True
43S,PHYSICS,STEMentors in Physics 43,1,1,2025-2026 Spring,8,LEC,10,5,Thornton 209,Wednesday,4:30:00 PM,5:20:00 PM,"Mar 30, 2026","Jun 3, 2026",hs_natural,43,intro,PHYSICS-43S-LEC-08,True
43S,PHYSICS,STEMentors in Physics 43,1,1,2025-2026 Spring,7,LEC,10,1,Thornton 209,Wednesday,3:30:00 PM,4:20:00 PM,"Mar 30, 2026","Jun 3, 2026",hs_natural,43,intro,PHYSICS-43S-LEC-07,True
43S,PHYSICS,STEMentors in Physics 43,1,1,2025-2026 Spring,4,LEC,10,4,Thornton 207,Wednesday,12:30:00 PM,1:20:00 PM,"Mar 30, 2026","Jun 3, 2026",hs_natural,43,intro,PHYSICS-43S-LEC-04,True
43S,PHYSICS,STEMentors in Physics 43,1,1,2025-2026 Spring,10,LEC,10,1,Thornton 208,Wednesday,4:30:00 PM,5:20:00 PM,"Mar 30, 2026","Jun 3, 2026",hs_natural,43,intro,PHYSICS-43S-LEC-10,True
43S,PHYSICS,STEMentors in Physics 43,1,1,2025-2026 Spring,1,LEC,10,5,Thornton 208,Wednesday,9:30:00 AM,10:20:00 AM,"Mar 30, 2026","Jun 3, 2026",hs_natural,43,intro,PHYSICS-43S-LEC-01,True
44,PHYSICS,Electricity and Magnetism Lab,1,1,2025-2026 Spring,1,LAB,80,39,,,,,"Mar 30, 2026","Jun 3, 2026",hs_natural,44,intro,PHYSICS-44-LAB-01,True
44,PHYSICS,Electricity and Magnetism Lab,1,1,2025-2026 Spring,4,LBS,16,5,Departmental Room,Wednesday,1:30:00 PM,3:20:00 PM,"Mar 30, 2026","Jun 3, 2026",hs_natural,44,seminar,PHYSICS-44-LBS-04,False
44,PHYSICS,Electricity and Magnetism Lab,1,1,2025-2026 Spring,5,LBS,16,10,Departmental Room,Thursday,1:30:00 PM,3:20:00 PM,"Mar 30, 2026","Jun 3, 2026",hs_natural,44,seminar,PHYSICS-44-LBS-05,False
44,PHYSICS,Electricity and Magnetism Lab,1,1,2025-2026 Spring,6,LBS,16,9,Departmental Room,Thursday,3:30:00 PM,5:20:00 PM,"Mar 30, 2026","Jun 3, 2026",hs_natural,44,seminar,PHYSICS-44-LBS-06,False
44,PHYSICS,Electricity and Magnetism Lab,1,1,2025-2026 Spring,2,LBS,16,7,Departmental Room,Wednesday,9:30:00 AM,11:20:00 AM,"Mar 30, 2026","Jun 3, 2026",hs_natural,44,seminar,PHYSICS-44-LBS-02,False
44,PHYSICS,Electricity and Magnetism Lab,1,1,2025-2026 Spring,3,LBS,16,8,Departmental Room,Wednesday,11:30:00 AM,1:20:00 PM,"Mar 30, 2026","Jun 3, 2026",hs_natural,44,seminar,PHYSICS-44-LBS-03,False
81,PHYSICS,Electricity and Magnetism Using Special Relativity and Vector Calculus,4,4,2025-2026 Spring,1,LEC,120,78,Lathrop 018,"Monday,Wednesday,Friday",3:00:00 PM,4:20:00 PM,"Mar 30, 2026","Jun 3, 2026",hs_natural,81,intro,PHYSICS-81-LEC-01,True
81L,PHYSICS,Introduction to Experimental Practice,2,2,2025-2026 Spring,5,LBS,16,15,Departmental Room,"Tuesday,Thursday",1:30:00 PM,3:20:00 PM,"Mar 30, 2026","Jun 3, 2026",hs_natural,81,seminar,PHYSICS-81L-LBS-05,False
81L,PHYSICS,Introduction to Experimental Practice,2,2,2025-2026 Spring,3,LBS,16,12,Departmental Room,"Monday,Wednesday",11:30:00 AM,1:20:00 PM,"Mar 30, 2026","Jun 3, 2026",hs_natural,81,seminar,PHYSICS-81L-LBS-03,False
81L,PHYSICS,Introduction to Experimental Practice,2,2,2025-2026 Spring,4,LBS,16,16,Departmental Room,"Tuesday,Thursday",11:30:00 AM,1:20:00 PM,"Mar 30, 2026","Jun 3, 2026",hs_natural,81,seminar,PHYSICS-81L-LBS-04,False
81L,PHYSICS,Introduction to Experimental Practice,2,2,2025-2026 Spring,2,LBS,16,8,Departmental Room,"Monday,Wednesday",9:30:00 AM,11:20:00 AM,"Mar 30, 2026","Jun 3, 2026",hs_natural,81,seminar,PHYSICS-81L-LBS-02,False
81L,PHYSICS,Introduction to Experimental Practice,2,2,2025-2026 Spring,1,LAB,64,51,,,,,"Mar 30, 2026","Jun 3, 2026",hs_natural,81,intro,PHYSICS-81L-LAB-01,True
100,PHYSICS,Introduction to Observational Astrophysics,4,4,2025-2026 Spring,3,LBS,20,2,Lathrop 294,Friday,11:30:00 AM,1:20:00 PM,"Mar 30, 2026","Jun 3, 2026",hs_natural,100,intro,PHYSICS-100-LBS-03,False
100,PHYSICS,Introduction to Observational Astrophysics,4,4,2025-2026 Spring,2,LBS,20,11,Departmental Room,Wednesday,8:00:00 PM,11:59:00 PM,"Mar 30, 2026","Jun 3, 2026",hs_natural,100,intro,PHYSICS-100-LBS-02,False
100,PHYSICS,Introduction to Observational Astrophysics,4,4,2025-2026 Spring,1,LEC,20,13,STLC 104,"Monday,Wednesday",5:30:00 PM,6:20:00 PM,"Mar 30, 2026","Jun 3, 2026",hs_natural,100,intro,PHYSICS-100-LEC-01,True
108,PHYSICS,Advanced Physics Laboratory: Project,5,5,2025-2026 Spring,1,LAB,20,5,STLC 105,Friday,10:30:00 AM,12:20:00 PM,"Mar 30, 2026","Jun 3, 2026",hs_natural,108,intro,PHYSICS-108-LAB-01,True
112,PHYSICS,Mathematical Methods for Physics,4,4,2025-2026 Spring,1,LEC,40,8,Hewlett Teaching Center Rm 101,"Tuesday,Thursday",11:30:00 AM,12:50:00 PM,"Mar 30, 2026","Jun 3, 2026",hs_natural,112,intro,PHYSICS-112-LEC-01,True
113,PHYSICS,Computational Physics,4,4,2025-2026 Spring,2,DIS,25,4,,,,,,,hs_natural,113,intro,PHYSICS-113-DIS-02,False
113,PHYSICS,Computational Physics,4,4,2025-2026 Spring,1,LEC,49,27,Lathrop 299,"Tuesday,Thursday",1:30:00 PM,2:50:00 PM,"Mar 30, 2026","Jun 3, 2026",hs_natural,113,intro,PHYSICS-113-LEC-01,True
121,PHYSICS,Electrodynamics,4,4,2025-2026 Spring,1,LEC,60,39,Lathrop 018,"Monday,Wednesday,Friday",1:30:00 PM,2:50:00 PM,"Mar 30, 2026","Jun 3, 2026",hs_natural,121,intro,PHYSICS-121-LEC-01,True
130,PHYSICS,Quantum Mechanics I,4,4,2025-2026 Spring,2,DIS,18,0,,,,,,,hs_natural,130,intro,PHYSICS-130-DIS-02,False
130,PHYSICS,Quantum Mechanics I,4,4,2025-2026 Spring,1,LEC,60,42,Lathrop 016,"Monday,Wednesday,Friday",3:00:00 PM,4:20:00 PM,"Mar 30, 2026","Jun 3, 2026",hs_natural,130,intro,PHYSICS-130-LEC-01,True
152,PHYSICS,Introduction to Particle Physics I (PHYSICS 252),3,3,2025-2026 Spring,1,LEC,20,5,Departmental Room,"Tuesday,Thursday",10:30:00 AM,11:50:00 AM,"Mar 30, 2026","Jun 3, 2026",hs_natural,152,intro,PHYSICS-152-LEC-01,True
152,PHYSICS,Introduction to Particle Physics I (PHYSICS 252),3,3,2025-2026 Spring,2,DIS,15,1,200-015,Thursday,12:30:00 PM,1:20:00 PM,"Mar 30, 2026","Jun 3, 2026",hs_natural,152,intro,PHYSICS-152-DIS-02,False
161,PHYSICS,Introduction to Cosmology and Extragalactic Astrophysics (PHYSICS 261),3,3,2025-2026 Spring,1,LEC,15,5,160-127,"Monday,Wednesday",11:30:00 AM,1:20:00 PM,"Mar 30, 2026","Jun 3, 2026",hs_natural,161,intro,PHYSICS-161-LEC-01,True
171,PHYSICS,"Thermodynamics, Kinetic Theory, and Statistical Mechanics II",4,4,2025-2026 Spring,2,DIS,35,3,,Thursday,4:30:00 PM,5:20:00 PM,"Mar 30, 2026","Jun 3, 2026",hs_natural,171,intro,PHYSICS-171-DIS-02,False
171,PHYSICS,"Thermodynamics, Kinetic Theory, and Statistical Mechanics II",4,4,2025-2026 Spring,1,LEC,35,28,STLC115,"Monday,Wednesday,Friday",1:30:00 PM,2:50:00 PM,"Mar 30, 2026","Jun 3, 2026",hs_natural,171,intro,PHYSICS-171-LEC-01,True
216,PHYSICS,Back of the Envelope Physics,2,2,2025-2026 Spring,1,LEC,45,11,Hewlett Teaching Center Rm 101,"Monday,Wednesday",9:30:00 AM,10:50:00 AM,"Mar 30, 2026","Jun 3, 2026",hs_natural,216,mid,PHYSICS-216-LEC-01,True
231,PHYSICS,Graduate Quantum Mechanics II,3,3,2025-2026 Spring,1,LEC,43,6,60-109,"Tuesday,Thursday",1:30:00 PM,2:50:00 PM,"Mar 30, 2026","Jun 3, 2026",hs_natural,231,mid,PHYSICS-231-LEC-01,True
252,PHYSICS,Introduction to Particle Physics I (PHYSICS 152),3,3,2025-2026 Spring,1,LEC,15,5,Departmental Room,"Tuesday,Thursday",10:30:00 AM,11:50:00 AM,"Mar 30, 2026","Jun 3, 2026",hs_natural,252,mid,PHYSICS-252-LEC-01,True
261,PHYSICS,Introduction to Cosmology and Extragalactic Astrophysics (PHYSICS 161),3,3,2025-2026 Spring,1,LEC,15,2,160-127,"Monday,Wednesday",11:30:00 AM,1:20:00 PM,"Mar 30, 2026","Jun 3, 2026",hs_natural,261,mid,PHYSICS-261-LEC-01,True
295,PHYSICS,"Learning & Teaching of Science (CTL 280, EDUC 280, ENGR 295)",3,3,2025-2026 Spring,1,LEC,35,3,Raikes 111,"Tuesday,Thursday",10:30:00 AM,11:50:00 AM,"Mar 30, 2026","Jun 3, 2026",hs_natural,295,mid,PHYSICS-295-LEC-01,True
301,PHYSICS,Graduate Observational Astrophysics,3,3,2025-2026 Spring,3,LBS,16,1,Lathrop 015,Friday,11:30:00 AM,1:20:00 PM,"Mar 30, 2026","Jun 3, 2026",hs_natural,301,advanced,PHYSICS-301-LBS-03,False
301,PHYSICS,Graduate Observational Astrophysics,3,3,2025-2026 Spring,1,LAB,16,5,Departmental Room,"Monday,Wednesday",5:30:00 PM,6:20:00 PM,"Mar 30, 2026","Jun 3, 2026",hs_natural,301,advanced,PHYSICS-301-LAB-01,True
301,PHYSICS,Graduate Observational Astrophysics,3,3,2025-2026 Spring,2,LBS,16,4,Departmental Room,Wednesday,8:00:00 PM,11:59:00 PM,"Mar 30, 2026","Jun 3, 2026",hs_natural,301,advanced,PHYSICS-301-LBS-02,False
302,PHYSICS,Department Colloquium,1,1,2025-2026 Spring,1,COL,502,108,Hewlett Teaching Center 201,Tuesday,3:30:00 PM,4:50:00 PM,"Mar 30, 2026","Jun 3, 2026",hs_natural,302,advanced,PHYSICS-302-COL-01,True
332,PHYSICS,Quantum Field Theory III,3,3,2025-2026 Spring,1,LEC,20,12,Hewlett Teaching Center 102,"Tuesday,Thursday",4:30:00 PM,6:20:00 PM,"Mar 30, 2026","Jun 3, 2026",hs_natural,332,advanced,PHYSICS-332-LEC-01,True
352,PHYSICS,Physics Beyond the Standard Model of Particle Physics,3,3,2025-2026 Spring,1,LEC,30,16,Departmental Room,"Monday,Wednesday",4:30:00 PM,5:50:00 PM,"Mar 30, 2026","Jun 3, 2026",hs_natural,352,advanced,PHYSICS-352-LEC-01,True
361,PHYSICS,Cosmology and Extragalactic Astrophysics,3,3,2025-2026 Spring,1,LEC,40,18,Hewlett Teaching Center 102,"Monday,Wednesday",9:30:00 AM,10:50:00 AM,"Mar 30, 2026","Jun 3, 2026",hs_natural,361,advanced,PHYSICS-361-LEC-01,True
373,PHYSICS,Condensed Matter Theory II,3,3,2025-2026 Spring,1,LEC,20,8,160-325,"Monday,Wednesday",1:30:00 PM,2:50:00 PM,"Mar 30, 2026","Jun 3, 2026",hs_natural,373,advanced,PHYSICS-373-LEC-01,True
374,PHYSICS,Advanced Mathematical Methods for Condensed Matter Physics,3,3,2025-2026 Spring,1,LEC,30,12,Hewlett Teaching Center Rm 101,"Monday,Wednesday",3:00:00 PM,4:20:00 PM,"Mar 30, 2026","Jun 3, 2026",hs_natural,374,advanced,PHYSICS-374-LEC-01,True
430,PHYSICS,Quantum Error Correction,3,3,2025-2026 Spring,1,LEC,30,15,540-108,"Tuesday,Thursday",1:30:00 PM,2:50:00 PM,"Mar 30, 2026","Jun 3, 2026",hs_natural,430,advanced,PHYSICS-430-LEC-01,True
11,CHEM,Foundational Concepts and Study Skills for General Chemistry,3,3,2025-2026 Spring,2,DIS,10,10,Econ 106,Thursday,10:30:00 AM,11:20:00 AM,"Mar 30, 2026","Jun 3, 2026",hs_natural,11,seminar,CHEM-11-DIS-02,False
11,CHEM,Foundational Concepts and Study Skills for General Chemistry,3,3,2025-2026 Spring,7,DIS,10,7,Encina West 208,Thursday,3:30:00 PM,4:20:00 PM,"Mar 30, 2026","Jun 3, 2026",hs_natural,11,seminar,CHEM-11-DIS-07,False
11,CHEM,Foundational Concepts and Study Skills for General Chemistry,3,3,2025-2026 Spring,5,DIS,10,7,110-114,Thursday,1:30:00 PM,2:20:00 PM,"Mar 30, 2026","Jun 3, 2026",hs_natural,11,seminar,CHEM-11-DIS-05,False
11,CHEM,Foundational Concepts and Study Skills for General Chemistry,3,3,2025-2026 Spring,4,DIS,10,9,STLC 104,Thursday,12:30:00 PM,1:20:00 PM,"Mar 30, 2026","Jun 3, 2026",hs_natural,11,seminar,CHEM-11-DIS-04,False
11,CHEM,Foundational Concepts and Study Skills for General Chemistry,3,3,2025-2026 Spring,6,DIS,10,7,110-114,Thursday,2:30:00 PM,3:20:00 PM,"Mar 30, 2026","Jun 3, 2026",hs_natural,11,seminar,CHEM-11-DIS-06,False
11,CHEM,Foundational Concepts and Study Skills for General Chemistry,3,3,2025-2026 Spring,1,LEC,56,49,STLC115,"Monday,Wednesday,Friday",10:30:00 AM,11:20:00 AM,"Mar 30, 2026","Jun 3, 2026",hs_natural,11,intro,CHEM-11-LEC-01,True
11,CHEM,Foundational Concepts and Study Skills for General Chemistry,3,3,2025-2026 Spring,3,DIS,10,9,STLC 105,Thursday,11:30:00 AM,12:20:00 PM,"Mar 30, 2026","Jun 3, 2026",hs_natural,11,seminar,CHEM-11-DIS-03,False
23N,CHEM,Seeing the Invisible (RAD 23N),3,3,2025-2026 Spring,1,ISF,16,5,Departmental Room,"Monday,Wednesday,Friday",3:00:00 PM,4:20:00 PM,"Mar 30, 2026","Jun 3, 2026",hs_natural,23,seminar,CHEM-23N-ISF-01,True
33,CHEM,Structure and Reactivity of Carbon-Based Molecules,5,5,2025-2026 Spring,3,LBS,11,8,SAPP 304,Wednesday,1:30:00 PM,3:20:00 PM,"Mar 30, 2026","Jun 3, 2026",hs_natural,33,seminar,CHEM-33-LBS-03,False
33,CHEM,Structure and Reactivity of Carbon-Based Molecules,5,5,2025-2026 Spring,6,LBS,12,11,SAPP 318,Wednesday,1:30:00 PM,3:20:00 PM,"Mar 30, 2026","Jun 3, 2026",hs_natural,33,seminar,CHEM-33-LBS-06,False
33,CHEM,Structure and Reactivity of Carbon-Based Molecules,5,5,2025-2026 Spring,7,LBS,12,12,SAPP 304,Wednesday,3:30:00 PM,5:20:00 PM,"Mar 30, 2026","Jun 3, 2026",hs_natural,33,seminar,CHEM-33-LBS-07,False
33,CHEM,Structure and Reactivity of Carbon-Based Molecules,5,5,2025-2026 Spring,11,LBS,11,11,SAPP 304,Thursday,8:30:00 AM,10:20:00 AM,"Mar 30, 2026","Jun 3, 2026",hs_natural,33,seminar,CHEM-33-LBS-11,False
33,CHEM,Structure and Reactivity of Carbon-Based Molecules,5,5,2025-2026 Spring,12,LBS,12,11,SAPP 306,Thursday,8:30:00 AM,10:20:00 AM,"Mar 30, 2026","Jun 3, 2026",hs_natural,33,seminar,CHEM-33-LBS-12,False
33,CHEM,Structure and Reactivity of Carbon-Based Molecules,5,5,2025-2026 Spring,13,LBS,12,12,SAPP 312,Thursday,8:30:00 AM,10:20:00 AM,"Mar 30, 2026","Jun 3, 2026",hs_natural,33,seminar,CHEM-33-LBS-13,False
33,CHEM,Structure and Reactivity of Carbon-Based Molecules,5,5,2025-2026 Spring,14,LBS,12,10,SAPP 318,Thursday,8:30:00 AM,10:20:00 AM,"Mar 30, 2026","Jun 3, 2026",hs_natural,33,seminar,CHEM-33-LBS-14,False
33,CHEM,Structure and Reactivity of Carbon-Based Molecules,5,5,2025-2026 Spring,15,LBS,11,10,SAPP 304,Thursday,10:30:00 AM,12:20:00 PM,"Mar 30, 2026","Jun 3, 2026",hs_natural,33,seminar,CHEM-33-LBS-15,False
33,CHEM,Structure and Reactivity of Carbon-Based Molecules,5,5,2025-2026 Spring,16,LBS,12,12,SAPP 306,Thursday,10:30:00 AM,12:20:00 PM,"Mar 30, 2026","Jun 3, 2026",hs_natural,33,seminar,CHEM-33-LBS-16,False
33,CHEM,Structure and Reactivity of Carbon-Based Molecules,5,5,2025-2026 Spring,5,LBS,12,12,SAPP 312,Wednesday,1:30:00 PM,3:20:00 PM,"Mar 30, 2026","Jun 3, 2026",hs_natural,33,seminar,CHEM-33-LBS-05,False
33,CHEM,Structure and Reactivity of Carbon-Based Molecules,5,5,2025-2026 Spring,4,LBS,12,12,SAPP 306,Wednesday,1:30:00 PM,3:20:00 PM,"Mar 30, 2026","Jun 3, 2026",hs_natural,33,seminar,CHEM-33-LBS-04,False
33,CHEM,Structure and Reactivity of Carbon-Based Molecules,5,5,2025-2026 Spring,18,LBS,12,12,SAPP 318,Thursday,10:30:00 AM,12:20:00 PM,"Mar 30, 2026","Jun 3, 2026",hs_natural,33,seminar,CHEM-33-LBS-18,False
33,CHEM,Structure and Reactivity of Carbon-Based Molecules,5,5,2025-2026 Spring,19,LBS,11,11,SAPP 304,Thursday,1:30:00 PM,3:20:00 PM,"Mar 30, 2026","Jun 3, 2026",hs_natural,33,seminar,CHEM-33-LBS-19,False
33,CHEM,Structure and Reactivity of Carbon-Based Molecules,5,5,2025-2026 Spring,17,LBS,12,12,SAPP 312,Thursday,10:30:00 AM,12:20:00 PM,"Mar 30, 2026","Jun 3, 2026",hs_natural,33,seminar,CHEM-33-LBS-17,False
33,CHEM,Structure and Reactivity of Carbon-Based Molecules,5,5,2025-2026 Spring,22,LBS,12,11,SAPP 318,Thursday,1:30:00 PM,3:20:00 PM,"Mar 30, 2026","Jun 3, 2026",hs_natural,33,seminar,CHEM-33-LBS-22,False
33,CHEM,Structure and Reactivity of Carbon-Based Molecules,5,5,2025-2026 Spring,23,LBS,11,11,SAPP 304,Thursday,3:30:00 PM,5:20:00 PM,"Mar 30, 2026","Jun 3, 2026",hs_natural,33,seminar,CHEM-33-LBS-23,False
33,CHEM,Structure and Reactivity of Carbon-Based Molecules,5,5,2025-2026 Spring,25,LBS,12,12,SAPP 312,Thursday,3:30:00 PM,5:20:00 PM,"Mar 30, 2026","Jun 3, 2026",hs_natural,33,seminar,CHEM-33-LBS-25,False
33,CHEM,Structure and Reactivity of Carbon-Based Molecules,5,5,2025-2026 Spring,24,LBS,12,9,SAPP 306,Thursday,3:30:00 PM,5:20:00 PM,"Mar 30, 2026","Jun 3, 2026",hs_natural,33,seminar,CHEM-33-LBS-24,False
33,CHEM,Structure and Reactivity of Carbon-Based Molecules,5,5,2025-2026 Spring,21,LBS,12,12,SAPP 312,Thursday,1:30:00 PM,3:20:00 PM,"Mar 30, 2026","Jun 3, 2026",hs_natural,33,seminar,CHEM-33-LBS-21,False
33,CHEM,Structure and Reactivity of Carbon-Based Molecules,5,5,2025-2026 Spring,20,LBS,12,11,SAPP 306,Thursday,1:30:00 PM,3:20:00 PM,"Mar 30, 2026","Jun 3, 2026",hs_natural,33,seminar,CHEM-33-LBS-20,False
33,CHEM,Structure and Reactivity of Carbon-Based Molecules,5,5,2025-2026 Spring,26,LBS,12,11,SAPP 318,Thursday,3:30:00 PM,5:20:00 PM,"Mar 30, 2026","Jun 3, 2026",hs_natural,33,seminar,CHEM-33-LBS-26,False
33,CHEM,Structure and Reactivity of Carbon-Based Molecules,5,5,2025-2026 Spring,2,LEC,160,122,Departmental Room,Wednesday,5:30:00 PM,6:50:00 PM,"Mar 30, 2026","Jun 3, 2026",hs_natural,33,intro,CHEM-33-LEC-02,True
33,CHEM,Structure and Reactivity of Carbon-Based Molecules,5,5,2025-2026 Spring,2,LEC,160,122,STLC 114,"Monday,Wednesday,Friday",12:30:00 PM,1:20:00 PM,"Mar 30, 2026","Jun 3, 2026",hs_natural,33,intro,CHEM-33-LEC-02,True
33,CHEM,Structure and Reactivity of Carbon-Based Molecules,5,5,2025-2026 Spring,1,LEC,160,111,STLC 114,"Monday,Wednesday,Friday",10:30:00 AM,11:20:00 AM,"Mar 30, 2026","Jun 3, 2026",hs_natural,33,intro,CHEM-33-LEC-01,True
33,CHEM,Structure and Reactivity of Carbon-Based Molecules,5,5,2025-2026 Spring,1,LEC,160,111,STLC 114,Wednesday,5:30:00 PM,6:50:00 PM,"Mar 30, 2026","Jun 3, 2026",hs_natural,33,intro,CHEM-33-LEC-01,True
121,CHEM,Understanding the Natural and Unnatural World through Chemistry,5,5,2025-2026 Spring,15,LBS,10,7,SAPP 306,Tuesday,12:00:00 PM,2:50:00 PM,"Mar 30, 2026","Jun 3, 2026",hs_natural,121,intro,CHEM-121-LBS-15,False
121,CHEM,Understanding the Natural and Unnatural World through Chemistry,5,5,2025-2026 Spring,18,LBS,12,12,SAPP 304,Tuesday,3:00:00 PM,5:50:00 PM,"Mar 30, 2026","Jun 3, 2026",hs_natural,121,intro,CHEM-121-LBS-18,False
121,CHEM,Understanding the Natural and Unnatural World through Chemistry,5,5,2025-2026 Spring,14,LBS,12,9,SAPP 304,Tuesday,12:00:00 PM,2:50:00 PM,"Mar 30, 2026","Jun 3, 2026",hs_natural,121,intro,CHEM-121-LBS-14,False
121,CHEM,Understanding the Natural and Unnatural World through Chemistry,5,5,2025-2026 Spring,10,LBS,12,12,SAPP 304,Tuesday,8:30:00 AM,11:20:00 AM,"Mar 30, 2026","Jun 3, 2026",hs_natural,121,intro,CHEM-121-LBS-10,False
121,CHEM,Understanding the Natural and Unnatural World through Chemistry,5,5,2025-2026 Spring,7,LBS,12,11,SAPP 306,Monday,3:00:00 PM,5:50:00 PM,"Mar 30, 2026","Jun 3, 2026",hs_natural,121,intro,CHEM-121-LBS-07,False
121,CHEM,Understanding the Natural and Unnatural World through Chemistry,5,5,2025-2026 Spring,3,LBS,12,5,SAPP 306,Monday,12:00:00 PM,2:50:00 PM,"Mar 30, 2026","Jun 3, 2026",hs_natural,121,intro,CHEM-121-LBS-03,False
121,CHEM,Understanding the Natural and Unnatural World through Chemistry,5,5,2025-2026 Spring,6,LBS,12,11,SAPP 304,Monday,3:00:00 PM,5:50:00 PM,"Mar 30, 2026","Jun 3, 2026",hs_natural,121,intro,CHEM-121-LBS-06,False
121,CHEM,Understanding the Natural and Unnatural World through Chemistry,5,5,2025-2026 Spring,1,LEC,160,76,STLC 111,"Monday,Wednesday,Friday",9:30:00 AM,10:20:00 AM,"Mar 30, 2026","Jun 3, 2026",hs_natural,121,intro,CHEM-121-LEC-01,True
121,CHEM,Understanding the Natural and Unnatural World through Chemistry,5,5,2025-2026 Spring,2,LBS,12,9,SAPP 304,Monday,12:00:00 PM,2:50:00 PM,"Mar 30, 2026","Jun 3, 2026",hs_natural,121,intro,CHEM-121-LBS-02,False
131,CHEM,Instrumental Analysis Principles and Practice,5,5,2025-2026 Spring,1,LEC,20,15,STLC 118,"Tuesday,Thursday",9:00:00 AM,10:20:00 AM,"Mar 30, 2026","Jun 3, 2026",hs_natural,131,intro,CHEM-131-LEC-01,True
131,CHEM,Instrumental Analysis Principles and Practice,5,5,2025-2026 Spring,3,LBS,10,7,SAPP 320,Thursday,1:30:00 PM,5:20:00 PM,"Mar 30, 2026","Jun 3, 2026",hs_natural,131,intro,CHEM-131-LBS-03,False
131,CHEM,Instrumental Analysis Principles and Practice,5,5,2025-2026 Spring,2,LBS,10,8,SAPP 320,Wednesday,1:30:00 PM,5:20:00 PM,"Mar 30, 2026","Jun 3, 2026",hs_natural,131,intro,CHEM-131-LBS-02,False
143,CHEM,The Chemical Principles of Life II,4,4,2025-2026 Spring,2,LEC,155,43,STLC 114,"Monday,Wednesday,Friday",1:30:00 PM,2:20:00 PM,"Mar 30, 2026","Jun 3, 2026",hs_natural,143,intro,CHEM-143-LEC-02,True
143,CHEM,The Chemical Principles of Life II,4,4,2025-2026 Spring,6,DIS,55,28,STLC115,Thursday,3:00:00 PM,4:20:00 PM,"Mar 30, 2026","Jun 3, 2026",hs_natural,143,intro,CHEM-143-DIS-06,False
143,CHEM,The Chemical Principles of Life II,4,4,2025-2026 Spring,4,DIS,55,55,STLC115,Thursday,12:00:00 PM,1:20:00 PM,"Mar 30, 2026","Jun 3, 2026",hs_natural,143,intro,CHEM-143-DIS-04,False
143,CHEM,The Chemical Principles of Life II,4,4,2025-2026 Spring,1,LEC,155,119,STLC 114,"Monday,Wednesday,Friday",11:30:00 AM,12:20:00 PM,"Mar 30, 2026","Jun 3, 2026",hs_natural,143,intro,CHEM-143-LEC-01,True
143,CHEM,The Chemical Principles of Life II,4,4,2025-2026 Spring,5,DIS,55,51,STLC115,Thursday,1:30:00 PM,2:50:00 PM,"Mar 30, 2026","Jun 3, 2026",hs_natural,143,intro,CHEM-143-DIS-05,False
143,CHEM,The Chemical Principles of Life II,4,4,2025-2026 Spring,7,DIS,55,28,STLC115,Friday,3:00:00 PM,4:20:00 PM,"Mar 30, 2026","Jun 3, 2026",hs_natural,143,intro,CHEM-143-DIS-07,False
153,CHEM,Inorganic Chemistry II,3,3,2025-2026 Spring,1,LEC,18,5,STLC 118,"Tuesday,Thursday",10:30:00 AM,11:50:00 AM,"Mar 30, 2026","Jun 3, 2026",hs_natural,153,intro,CHEM-153-LEC-01,True
171,CHEM,Foundations of Physical Chemistry,4,4,2025-2026 Spring,1,LEC,45,20,STLC115,"Monday,Wednesday,Friday",11:30:00 AM,12:20:00 PM,"Mar 30, 2026","Jun 3, 2026",hs_natural,171,intro,CHEM-171-LEC-01,True
171,CHEM,Foundations of Physical Chemistry,4,4,2025-2026 Spring,3,LBS,15,11,STLC 105,Tuesday,10:30:00 AM,11:50:00 AM,"Mar 30, 2026","Jun 3, 2026",hs_natural,171,intro,CHEM-171-LBS-03,False
171,CHEM,Foundations of Physical Chemistry,4,4,2025-2026 Spring,4,LBS,15,9,STLC 118,Tuesday,4:30:00 PM,5:50:00 PM,"Mar 30, 2026","Jun 3, 2026",hs_natural,171,intro,CHEM-171-LBS-04,False
184,CHEM,Biological Chemistry Laboratory,3,3,2025-2026 Spring,1,LAB,16,11,SAPP 201,"Tuesday,Thursday",1:30:00 PM,5:20:00 PM,"Mar 30, 2026","Jun 3, 2026",hs_natural,184,intro,CHEM-184-LAB-01,True
185,CHEM,Biophysical Chemistry,3,3,2025-2026 Spring,1,LEC,16,12,STLC 118,"Monday,Wednesday,Friday",1:30:00 PM,2:20:00 PM,"Mar 30, 2026","Jun 3, 2026",hs_natural,185,intro,CHEM-185-LEC-01,True
225,CHEM,Advanced Organic Chemistry III,3,3,2025-2026 Spring,1,LEC,20,3,STLC 104,"Tuesday,Thursday",6:00:00 PM,7:20:00 PM,"Mar 30, 2026","Jun 3, 2026",hs_natural,225,mid,CHEM-225-LEC-01,True
275,CHEM,Quantum mechanics with spectroscopy examples,3,3,2025-2026 Spring,1,LEC,20,4,STLC 118,"Monday,Wednesday,Friday",4:30:00 PM,5:20:00 PM,"Mar 30, 2026","Jun 3, 2026",hs_natural,275,mid,CHEM-275-LEC-01,True
279,CHEM,Advanced Physical Chemistry: Single Molecules and Light,3,3,2025-2026 Spring,1,LEC,16,7,STLC 118,"Monday,Wednesday,Friday",9:30:00 AM,10:20:00 AM,"Mar 30, 2026","Jun 3, 2026",hs_natural,279,mid,CHEM-279-LEC-01,True
283,CHEM,Therapeutic Science at the Chemistry -  Biology Interface,3,3,2025-2026 Spring,1,LEC,150,98,STLC 111,"Monday,Wednesday,Friday",12:30:00 PM,1:20:00 PM,"Mar 30, 2026","Jun 3, 2026",hs_natural,283,mid,CHEM-283-LEC-01,True
285,CHEM,Biophysical Chemistry,3,3,2025-2026 Spring,1,LEC,5,3,Departmental Room,"Monday,Wednesday,Friday",1:30:00 PM,2:20:00 PM,"Mar 30, 2026","Jun 3, 2026",hs_natural,285,mid,CHEM-285-LEC-01,True
299,CHEM,Teaching of Chemistry,1,3,2025-2026 Spring,3,DIS,60,0,STLC115,Tuesday,7:30:00 PM,8:20:00 PM,"Mar 30, 2026","Jun 3, 2026",hs_natural,299,mid,CHEM-299-DIS-03,False
299,CHEM,Teaching of Chemistry,1,3,2025-2026 Spring,2,DIS,60,12,,Wednesday,7:30:00 PM,8:20:00 PM,"Mar 30, 2026","Jun 3, 2026",hs_natural,299,mid,CHEM-299-DIS-02,False
299,CHEM,Teaching of Chemistry,1,3,2025-2026 Spring,1,LEC,60,19,STLC115,Monday,7:30:00 PM,8:50:00 PM,"Mar 30, 2026","Jun 3, 2026",hs_natural,299,mid,CHEM-299-LEC-01,True
300,CHEM,Department Colloquium,1,1,2025-2026 Spring,1,COL,150,100,STLC 111,"Monday,Friday",3:00:00 PM,4:20:00 PM,"Mar 30, 2026","Jun 3, 2026",hs_natural,300,advanced,CHEM-300-COL-01,True
329,CHEM,Organic Chemistry Seminar,1,1,2025-2026 Spring,1,SEM,150,47,STLC 114,Tuesday,3:00:00 PM,4:20:00 PM,"Mar 30, 2026","Jun 3, 2026",hs_natural,329,advanced,CHEM-329-SEM-01,True
359,CHEM,Inorganic Chemistry Seminar,1,1,2025-2026 Spring,1,SEM,150,22,STLC 114,Thursday,3:00:00 PM,4:20:00 PM,"Mar 30, 2026","Jun 3, 2026",hs_natural,359,advanced,CHEM-359-SEM-01,True
379,CHEM,Physical Chemistry Seminar,1,1,2025-2026 Spring,1,SEM,150,25,STLC 114,Wednesday,3:00:00 PM,4:20:00 PM,"Mar 30, 2026","Jun 3, 2026",hs_natural,379,advanced,CHEM-379-SEM-01,True
390,CHEM,Curricular Practical Training for Chemists,1,1,2025-2026 Spring,1,PRA,5,1,,,,,"Mar 30, 2026","Jun 3, 2026",hs_natural,390,advanced,CHEM-390-PRA-01,True
7N,BIO,Conservation Photography,3,3,2025-2026 Spring,1,ISF,18,18,Littlefield 104,"Monday,Wednesday,Friday",1:30:00 PM,2:50:00 PM,"Mar 30, 2026","Jun 3, 2026",hs_natural,7,seminar,BIO-7N-ISF-01,True
17N,BIO,How Bacteria Hunt for Food,3,3,2025-2026 Spring,1,ISF,16,14,STLC 104,"Monday,Wednesday,Friday",1:30:00 PM,2:20:00 PM,"Mar 30, 2026","Jun 3, 2026",hs_natural,17,seminar,BIO-17N-ISF-01,True
26N,BIO,"Eye, Brain, Vision",3,3,2025-2026 Spring,1,ISF,16,11,Departmental Room,"Tuesday,Thursday",3:00:00 PM,4:20:00 PM,"Mar 30, 2026","Jun 3, 2026",hs_natural,26,seminar,BIO-26N-ISF-01,True
43,BIO,Introduction to Laboratory Research in Neuronal Cell Biology,4,4,2025-2026 Spring,3,LBS,20,20,Departmental Room,"Monday,Friday",2:30:00 PM,4:20:00 PM,"Mar 30, 2026","Jun 3, 2026",hs_natural,43,seminar,BIO-43-LBS-03,False
43,BIO,Introduction to Laboratory Research in Neuronal Cell Biology,4,4,2025-2026 Spring,2,LBS,20,20,Departmental Room,"Monday,Friday",10:30:00 AM,12:20:00 PM,"Mar 30, 2026","Jun 3, 2026",hs_natural,43,seminar,BIO-43-LBS-02,False
43,BIO,Introduction to Laboratory Research in Neuronal Cell Biology,4,4,2025-2026 Spring,1,LEC,40,40,STLC115,Wednesday,3:00:00 PM,4:20:00 PM,"Mar 30, 2026","Jun 3, 2026",hs_natural,43,intro,BIO-43-LEC-01,True
47,BIO,Introduction to Research in Ecology and Evolutionary Biology (EARTHSYS 47),4,4,2025-2026 Spring,5,LBS,20,0,,,,,,,hs_natural,47,seminar,BIO-47-LBS-05,False
47,BIO,Introduction to Research in Ecology and Evolutionary Biology (EARTHSYS 47),4,4,2025-2026 Spring,6,LBS,18,19,Departmental Room,Thursday,1:30:00 PM,3:20:00 PM,"Mar 30, 2026","Jun 3, 2026",hs_natural,47,seminar,BIO-47-LBS-06,False
47,BIO,Introduction to Research in Ecology and Evolutionary Biology (EARTHSYS 47),4,4,2025-2026 Spring,6,LBS,18,19,Departmental Room,Thursday,3:30:00 PM,5:20:00 PM,"Mar 30, 2026","Jun 3, 2026",hs_natural,47,seminar,BIO-47-LBS-06,False
47,BIO,Introduction to Research in Ecology and Evolutionary Biology (EARTHSYS 47),4,4,2025-2026 Spring,7,LBS,18,20,Departmental Room,Wednesday,1:30:00 PM,3:20:00 PM,"Mar 30, 2026","Jun 3, 2026",hs_natural,47,seminar,BIO-47-LBS-07,False
47,BIO,Introduction to Research in Ecology and Evolutionary Biology (EARTHSYS 47),4,4,2025-2026 Spring,7,LBS,18,20,Departmental Room,Wednesday,3:30:00 PM,5:20:00 PM,"Mar 30, 2026","Jun 3, 2026",hs_natural,47,seminar,BIO-47-LBS-07,False
47,BIO,Introduction to Research in Ecology and Evolutionary Biology (EARTHSYS 47),4,4,2025-2026 Spring,2,LAB,36,39,320-109,Monday,1:30:00 PM,2:20:00 PM,"Mar 30, 2026","Jun 3, 2026",hs_natural,47,intro,BIO-47-LAB-02,True
47,BIO,Introduction to Research in Ecology and Evolutionary Biology (EARTHSYS 47),4,4,2025-2026 Spring,3,LAB,18,15,STLC 119,Monday,9:30:00 AM,10:20:00 AM,"Mar 30, 2026","Jun 3, 2026",hs_natural,47,intro,BIO-47-LAB-03,True
47,BIO,Introduction to Research in Ecology and Evolutionary Biology (EARTHSYS 47),4,4,2025-2026 Spring,8,LBS,18,15,Departmental Room,Wednesday,9:30:00 AM,11:20:00 AM,"Mar 30, 2026","Jun 3, 2026",hs_natural,47,seminar,BIO-47-LBS-08,False
47,BIO,Introduction to Research in Ecology and Evolutionary Biology (EARTHSYS 47),4,4,2025-2026 Spring,8,LBS,18,15,Departmental Room,Wednesday,11:30:00 AM,1:20:00 PM,"Mar 30, 2026","Jun 3, 2026",hs_natural,47,seminar,BIO-47-LBS-08,False
47,BIO,Introduction to Research in Ecology and Evolutionary Biology (EARTHSYS 47),4,4,2025-2026 Spring,4,LBS,18,17,Departmental Room,Tuesday,1:30:00 PM,3:20:00 PM,"Mar 30, 2026","Jun 3, 2026",hs_natural,47,seminar,BIO-47-LBS-04,False
47,BIO,Introduction to Research in Ecology and Evolutionary Biology (EARTHSYS 47),4,4,2025-2026 Spring,4,LBS,18,17,Departmental Room,Tuesday,3:30:00 PM,5:20:00 PM,"Mar 30, 2026","Jun 3, 2026",hs_natural,47,seminar,BIO-47-LBS-04,False
47,BIO,Introduction to Research in Ecology and Evolutionary Biology (EARTHSYS 47),4,4,2025-2026 Spring,1,LAB,18,17,STLC 119,Monday,1:30:00 PM,2:20:00 PM,"Mar 30, 2026","Jun 3, 2026",hs_natural,47,intro,BIO-47-LAB-01,True
86,BIO,Cell Biology,4,4,2025-2026 Spring,1,LEC,300,165,STLC 111,"Tuesday,Thursday",10:30:00 AM,11:50:00 AM,"Mar 30, 2026","Jun 3, 2026",hs_natural,86,intro,BIO-86-LEC-01,True
105B,BIO,Ecology and Natural History of Jasper Ridge Biological Preserve (EARTHSYS 105B),4,4,2025-2026 Spring,1,LEC,15,10,Jasper Ridge Hillside Lab,Thursday,1:00:00 PM,6:00:00 PM,"Mar 30, 2026","Jun 3, 2026",hs_natural,105,intro,BIO-105B-LEC-01,True
110H,BIO,"Shark Biology, Ecology & Conservation (BIO 210H, OCEANS 110H, OCEANS 210H)",3,3,2025-2026 Spring,1,LEC,20,2,AGASSIZ 10 (Hopkins),Wednesday,1:30:00 PM,4:20:00 PM,"Mar 30, 2026","Jun 3, 2026",hs_natural,110,intro,BIO-110H-LEC-01,True
117,BIO,"Biology and Global Change (EARTHSYS 111, EARTHSYS 217, ESS 111)",4,4,2025-2026 Spring,1,LEC,30,8,530-127,"Monday,Wednesday",11:30:00 AM,12:50:00 PM,"Mar 30, 2026","Jun 3, 2026",hs_natural,117,intro,BIO-117-LEC-01,True
118,BIO,Stress and the Social Brain,3,3,2025-2026 Spring,2,SEM,24,22,STLC 104,"Monday,Wednesday,Friday",8:30:00 AM,9:20:00 AM,"Mar 30, 2026","Jun 3, 2026",hs_natural,118,intro,BIO-118-SEM-02,True
118,BIO,Stress and the Social Brain,3,3,2025-2026 Spring,1,SEM,24,22,STLC 104,"Monday,Wednesday,Friday",10:30:00 AM,11:20:00 AM,"Mar 30, 2026","Jun 3, 2026",hs_natural,118,intro,BIO-118-SEM-01,True
120,BIO,Integrative and Experimental Microbiology (BIO 220),3,3,2025-2026 Spring,2,LBS,24,15,Departmental Room,Friday,1:30:00 PM,2:20:00 PM,"Mar 30, 2026","Jun 3, 2026",hs_natural,120,intro,BIO-120-LBS-02,False
120,BIO,Integrative and Experimental Microbiology (BIO 220),3,3,2025-2026 Spring,1,LEC,24,15,Departmental Room,"Tuesday,Thursday",1:30:00 PM,4:20:00 PM,"Mar 30, 2026","Jun 3, 2026",hs_natural,120,intro,BIO-120-LEC-01,True
121,BIO,Ornithology (BIO 221),3,3,2025-2026 Spring,1,LEC,16,16,STLC 119,"Tuesday,Thursday",9:30:00 AM,11:20:00 AM,"Mar 30, 2026","Jun 3, 2026",hs_natural,121,intro,BIO-121-LEC-01,True
122,BIO,Behavioral Endocrinology,4,4,2025-2026 Spring,4,DIS,12,11,STLC 118,Thursday,12:30:00 PM,1:20:00 PM,"Mar 30, 2026","Jun 3, 2026",hs_natural,122,intro,BIO-122-DIS-04,False
122,BIO,Behavioral Endocrinology,4,4,2025-2026 Spring,5,DIS,12,8,STLC 104,Wednesday,4:30:00 PM,5:20:00 PM,"Mar 30, 2026","Jun 3, 2026",hs_natural,122,intro,BIO-122-DIS-05,False
122,BIO,Behavioral Endocrinology,4,4,2025-2026 Spring,3,DIS,13,13,STLC 118,Wednesday,11:30:00 AM,12:20:00 PM,"Mar 30, 2026","Jun 3, 2026",hs_natural,122,intro,BIO-122-DIS-03,False
122,BIO,Behavioral Endocrinology,4,4,2025-2026 Spring,2,DIS,12,12,STLC 104,Tuesday,12:30:00 PM,1:20:00 PM,"Mar 30, 2026","Jun 3, 2026",hs_natural,122,intro,BIO-122-DIS-02,False
122,BIO,Behavioral Endocrinology,4,4,2025-2026 Spring,1,LEC,49,44,Hewlett Teaching Center 103,"Monday,Wednesday,Friday",9:30:00 AM,10:20:00 AM,"Mar 30, 2026","Jun 3, 2026",hs_natural,122,intro,BIO-122-LEC-01,True
123,BIO,"Catalyzing Solutions for a Sustainable Ocean: Learning with Local Communities (OCEANS 123H, OCEANS 223H)",3,3,2025-2026 Spring,1,LEC,18,2,AGASSIZ 11 (Hopkins),Thursday,10:00:00 AM,1:00:00 PM,"Mar 30, 2026","Jun 3, 2026",hs_natural,123,intro,BIO-123-LEC-01,True
131,BIO,Environmental Data Analysis (BIO 231),3,3,2025-2026 Spring,1,LEC,24,5,STLC 119,"Tuesday,Thursday",3:00:00 PM,4:20:00 PM,"Mar 30, 2026","Jun 3, 2026",hs_natural,131,intro,BIO-131-LEC-01,True
132,BIO,"Advanced Imaging Lab in Biophysics (APPPHYS 232, BIO 232, BIOE 232, BIOPHYS 232, GENE 232)",4,4,2025-2026 Spring,1,LEC,12,0,Departmental Room,"Monday,Wednesday",1:30:00 PM,3:20:00 PM,"Mar 30, 2026","Jun 3, 2026",hs_natural,132,intro,BIO-132-LEC-01,True
136,BIO,"Macroevolution (BIO 236, EPS 136, EPS 236)",3,3,2025-2026 Spring,1,LEC,36,13,160-124,Tuesday,1:30:00 PM,4:20:00 PM,"Mar 30, 2026","Jun 3, 2026",hs_natural,136,intro,BIO-136-LEC-01,True
137,BIO,Plant EcoEvo in the Field (EARTHSYS 127),3,3,2025-2026 Spring,1,LEC,20,9,60-108,Wednesday,3:00:00 PM,5:50:00 PM,"Mar 30, 2026","Jun 3, 2026",hs_natural,137,intro,BIO-137-LEC-01,True
140,BIO,The Science of Extreme Life of the Sea (OCEANS 141H),3,3,2025-2026 Spring,1,LEC,30,8,AGASSIZ 11 (Hopkins),Friday,1:00:00 PM,4:00:00 PM,"Mar 30, 2026","Jun 3, 2026",hs_natural,140,intro,BIO-140-LEC-01,True
141,BIO,Introduction to Statistics for Biology (STATS 141),5,5,2025-2026 Spring,1,LEC,80,34,CODAB90,"Monday,Wednesday,Friday",9:30:00 AM,10:50:00 AM,"Mar 30, 2026","Jun 3, 2026",hs_natural,141,intro,BIO-141-LEC-01,True
141,BIO,Introduction to Statistics for Biology (STATS 141),5,5,2025-2026 Spring,2,DIS,24,22,Hewlett Teaching Center 102,Thursday,9:30:00 AM,10:20:00 AM,"Mar 30, 2026","Jun 3, 2026",hs_natural,141,intro,BIO-141-DIS-02,False
141,BIO,Introduction to Statistics for Biology (STATS 141),5,5,2025-2026 Spring,4,DIS,24,9,STLC 104,Thursday,2:30:00 PM,3:20:00 PM,"Mar 30, 2026","Jun 3, 2026",hs_natural,141,intro,BIO-141-DIS-04,False
144,BIO,"Conservation Biology: A Latin American Perspective (BIO 234, HUMBIO 112)",3,3,2025-2026 Spring,1,LEC,40,17,Lathrop 014,"Monday,Friday",2:30:00 PM,3:20:00 PM,"Mar 30, 2026","Jun 3, 2026",hs_natural,144,intro,BIO-144-LEC-01,True
146,BIO,Genes and Disease,3,3,2025-2026 Spring,1,SEM,20,20,STLC 104,"Tuesday,Thursday",10:30:00 AM,11:50:00 AM,"Mar 30, 2026","Jun 3, 2026",hs_natural,146,intro,BIO-146-SEM-01,True
149,BIO,"The Neurobiology of Sleep (BIO 249, HUMBIO 161, PSYC 149, PSYC 261)",4,4,2025-2026 Spring,1,LEC,50,16,380-380W,"Monday,Wednesday,Friday",1:30:00 PM,2:50:00 PM,"Mar 30, 2026","Jun 3, 2026",hs_natural,149,intro,BIO-149-LEC-01,True
151,BIO,Mechanisms of Neuron Death,3,3,2025-2026 Spring,1,SEM,15,12,ANKO 033,Wednesday,11:30:00 AM,2:20:00 PM,"Mar 30, 2026","Jun 3, 2026",hs_natural,151,intro,BIO-151-SEM-01,True
162,BIO,Mechanisms of Tissue Regeneration,3,3,2025-2026 Spring,1,LEC,16,11,Gilbert Biological Science 117,"Tuesday,Thursday",12:00:00 PM,1:20:00 PM,"Mar 30, 2026","Jun 3, 2026",hs_natural,162,intro,BIO-162-LEC-01,True
162H,BIO,"Marine Animal Physiology (BIO 262H, OCEANS 162H, OCEANS 262H)",3,3,2025-2026 Spring,1,LEC,20,2,AGASSIZ 12 (Hopkins),Thursday,1:30:00 PM,4:20:00 PM,"Mar 30, 2026","Jun 3, 2026",hs_natural,162,intro,BIO-162H-LEC-01,True
173H,BIO,"Marine Conservation Biology (BIO 273H, OCEANS 173, OCEANS 173H, OCEANS 273H)",3,3,2025-2026 Spring,1,SEM,18,2,AGASSIZ 12 (Hopkins),Friday,9:30:00 AM,12:30:00 PM,"Mar 30, 2026","Jun 3, 2026",hs_natural,173,intro,BIO-173H-SEM-01,True
182,BIO,Modeling Cultural Evolution (BIO 282),3,3,2025-2026 Spring,1,SEM,25,9,Departmental Room,"Tuesday,Thursday",9:30:00 AM,10:20:00 AM,"Mar 30, 2026","Jun 3, 2026",hs_natural,182,intro,BIO-182-SEM-01,True
196C,BIO,Biology Senior Reflection,3,3,2025-2026 Spring,2,DIS,8,5,Lathrop 298,Friday,1:30:00 PM,2:50:00 PM,"Mar 30, 2026","Jun 3, 2026",hs_natural,196,intro,BIO-196C-DIS-02,False
196C,BIO,Biology Senior Reflection,3,3,2025-2026 Spring,4,DIS,8,6,Lathrop 292,Friday,10:30:00 AM,11:50:00 AM,"Mar 30, 2026","Jun 3, 2026",hs_natural,196,intro,BIO-196C-DIS-04,False
196C,BIO,Biology Senior Reflection,3,3,2025-2026 Spring,1,SEM,35,20,Lathrop 180,Friday,12:30:00 PM,1:20:00 PM,"Mar 30, 2026","Jun 3, 2026",hs_natural,196,intro,BIO-196C-SEM-01,True
196C,BIO,Biology Senior Reflection,3,3,2025-2026 Spring,3,DIS,8,8,Lathrop 298,Friday,3:00:00 PM,4:20:00 PM,"Mar 30, 2026","Jun 3, 2026",hs_natural,196,intro,BIO-196C-DIS-03,False
199A,BIO,The Independent Capstone in Biology,3,3,2025-2026 Spring,2,LEC,20,17,Lathrop 296,Thursday,1:30:00 PM,3:20:00 PM,"Mar 30, 2026","Jun 3, 2026",hs_natural,199,intro,BIO-199A-LEC-02,True
199A,BIO,The Independent Capstone in Biology,3,3,2025-2026 Spring,1,LEC,20,12,Lathrop 299,Friday,10:30:00 AM,12:20:00 PM,"Mar 30, 2026","Jun 3, 2026",hs_natural,199,intro,BIO-199A-LEC-01,True
210H,BIO,"Shark Biology, Ecology & Conservation (BIO 110H, OCEANS 110H, OCEANS 210H)",3,3,2025-2026 Spring,1,LEC,20,3,AGASSIZ 10 (Hopkins),Wednesday,1:30:00 PM,4:20:00 PM,"Mar 30, 2026","Jun 3, 2026",hs_natural,210,mid,BIO-210H-LEC-01,True
220,BIO,Integrative and Experimental Microbiology (BIO 120),3,3,2025-2026 Spring,1,LEC,24,3,Departmental Room,"Tuesday,Thursday",1:30:00 PM,4:20:00 PM,"Mar 30, 2026","Jun 3, 2026",hs_natural,220,mid,BIO-220-LEC-01,True
220,BIO,Integrative and Experimental Microbiology (BIO 120),3,3,2025-2026 Spring,2,LBS,24,3,Departmental Room,Friday,1:30:00 PM,2:20:00 PM,"Mar 30, 2026","Jun 3, 2026",hs_natural,220,mid,BIO-220-LBS-02,False
221,BIO,Ornithology (BIO 121),3,3,2025-2026 Spring,1,LEC,10,10,STLC 119,"Tuesday,Thursday",9:30:00 AM,11:20:00 AM,"Mar 30, 2026","Jun 3, 2026",hs_natural,221,mid,BIO-221-LEC-01,True
231,BIO,Environmental Data Analysis (BIO 131),3,3,2025-2026 Spring,1,LEC,24,16,STLC 119,"Tuesday,Thursday",3:00:00 PM,4:20:00 PM,"Mar 30, 2026","Jun 3, 2026",hs_natural,231,mid,BIO-231-LEC-01,True
232,BIO,"Advanced Imaging Lab in Biophysics (APPPHYS 232, BIO 132, BIOE 232, BIOPHYS 232, GENE 232)",4,4,2025-2026 Spring,1,LEC,12,2,Departmental Room,"Monday,Wednesday",1:30:00 PM,3:20:00 PM,"Mar 30, 2026","Jun 3, 2026",hs_natural,232,mid,BIO-232-LEC-01,True
234,BIO,"Conservation Biology: A Latin American Perspective (BIO 144, HUMBIO 112)",3,3,2025-2026 Spring,1,LEC,40,10,Lathrop 014,"Monday,Friday",2:30:00 PM,3:20:00 PM,"Mar 30, 2026","Jun 3, 2026",hs_natural,234,mid,BIO-234-LEC-01,True
236,BIO,"Macroevolution (BIO 136, EPS 136, EPS 236)",3,3,2025-2026 Spring,1,LEC,36,8,160-124,Tuesday,1:30:00 PM,4:20:00 PM,"Mar 30, 2026","Jun 3, 2026",hs_natural,236,mid,BIO-236-LEC-01,True
249,BIO,"The Neurobiology of Sleep (BIO 149, HUMBIO 161, PSYC 149, PSYC 261)",4,4,2025-2026 Spring,1,LEC,50,8,380-380W,"Monday,Wednesday,Friday",1:30:00 PM,2:50:00 PM,"Mar 30, 2026","Jun 3, 2026",hs_natural,249,mid,BIO-249-LEC-01,True
251,BIO,Quantitative Evolutionary Dynamics and Genomics (APPPHYS 237),3,3,2025-2026 Spring,1,LEC,999,1,60-108,"Tuesday,Thursday",10:20:00 AM,11:50:00 AM,"Mar 30, 2026","Jun 3, 2026",hs_natural,251,mid,BIO-251-LEC-01,True
262H,BIO,"Marine Animal Physiology (BIO 162H, OCEANS 162H, OCEANS 262H)",3,3,2025-2026 Spring,1,LEC,20,1,AGASSIZ 12 (Hopkins),Thursday,1:30:00 PM,4:20:00 PM,"Mar 30, 2026","Jun 3, 2026",hs_natural,262,mid,BIO-262H-LEC-01,True
273H,BIO,"Marine Conservation Biology (BIO 173H, OCEANS 173, OCEANS 173H, OCEANS 273H)",3,3,2025-2026 Spring,1,SEM,18,2,AGASSIZ 12 (Hopkins),Friday,9:30:00 AM,12:30:00 PM,"Mar 30, 2026","Jun 3, 2026",hs_natural,273,mid,BIO-273H-SEM-01,True
282,BIO,Modeling Cultural Evolution (BIO 182),3,3,2025-2026 Spring,1,SEM,25,7,Departmental Room,"Tuesday,Thursday",9:30:00 AM,10:20:00 AM,"Mar 30, 2026","Jun 3, 2026",hs_natural,282,mid,BIO-282-SEM-01,True
296,BIO,Teaching and Learning in Biology,1,1,2025-2026 Spring,1,WKS,24,5,STLC 118,Monday,10:30:00 AM,12:20:00 PM,"Mar 30, 2026","Jun 3, 2026",hs_natural,296,mid,BIO-296-WKS-01,True
299,BIO,Biology PhD Lab Rotation,1,10,2025-2026 Spring,1,PRA,999,3,,,,,"Mar 30, 2026","Jun 3, 2026",hs_natural,299,mid,BIO-299-PRA-01,True
304,BIO,"Current Topics and Concepts in Population Biology, Ecology, and Evolution",1,1,2025-2026 Spring,1,SEM,20,5,Departmental Room,Monday,12:30:00 PM,1:20:00 PM,"Mar 30, 2026","Jun 3, 2026",hs_natural,304,advanced,BIO-304-SEM-01,True
312,BIO,Responsible Conduct in Cellular and Molecular Biology,1,1,2025-2026 Spring,1,SEM,25,8,STLC 104,Wednesday,3:00:00 PM,4:20:00 PM,"Mar 30, 2026","Jun 3, 2026",hs_natural,312,advanced,BIO-312-SEM-01,True
315,BIO,Skills to Survive and Thrive in Graduate School and Beyond,1,1,2025-2026 Spring,1,SEM,20,3,Departmental Room,Monday,4:30:00 PM,6:20:00 PM,"Mar 30, 2026","Jun 3, 2026",hs_natural,315,advanced,BIO-315-SEM-01,True
383,BIO,Seminar in Population Genetics,1,3,2025-2026 Spring,1,SEM,10,0,STLC 118,Friday,12:30:00 PM,1:20:00 PM,"Mar 30, 2026","Jun 3, 2026",hs_natural,383,advanced,BIO-383-SEM-01,True
1,ECON,Principles of Economics,5,5,2025-2026 Spring,1,LEC,587,86,Cemex Auditorium,"Monday,Wednesday",1:30:00 PM,3:20:00 PM,"Mar 30, 2026","Jun 3, 2026",hs_social,1,intro,ECON-1-LEC-01,True
7,ECON,Economics of Fine Art,1,1,2025-2026 Spring,1,LEC,43,28,Littlefield 107,Monday,3:30:00 PM,4:20:00 PM,"Mar 30, 2026","Jun 3, 2026",hs_social,7,intro,ECON-7-LEC-01,True
30,ECON,Progress and Inequality,3,3,2025-2026 Spring,1,LEC,40,20,Lathrop 299,"Tuesday,Thursday",9:00:00 AM,10:20:00 AM,"Mar 30, 2026","Jun 3, 2026",hs_social,30,intro,ECON-30-LEC-01,True
43,ECON,Introduction to Financial Decision-Making,1,5,2025-2026 Spring,1,LEC,306,306,Bishop Auditorium,"Monday,Wednesday",10:30:00 AM,12:20:00 PM,"Mar 30, 2026","Jun 3, 2026",hs_social,43,intro,ECON-43-LEC-01,True
50,ECON,Economic Analysis I,5,5,2025-2026 Spring,6,DIS,20,0,,,,,,,hs_social,50,seminar,ECON-50-DIS-06,False
50,ECON,Economic Analysis I,5,5,2025-2026 Spring,10,DIS,20,0,,,,,,,hs_social,50,seminar,ECON-50-DIS-10,False
50,ECON,Economic Analysis I,5,5,2025-2026 Spring,8,DIS,20,18,ANKO 008,Thursday,12:30:00 PM,1:20:00 PM,"Mar 30, 2026","Jun 3, 2026",hs_social,50,seminar,ECON-50-DIS-08,False
50,ECON,Economic Analysis I,5,5,2025-2026 Spring,2,DIS,20,20,Lathrop 017,Wednesday,3:30:00 PM,4:20:00 PM,"Mar 30, 2026","Jun 3, 2026",hs_social,50,seminar,ECON-50-DIS-02,False
50,ECON,Economic Analysis I,5,5,2025-2026 Spring,3,DIS,20,17,Lathrop 015,Wednesday,4:30:00 PM,5:20:00 PM,"Mar 30, 2026","Jun 3, 2026",hs_social,50,seminar,ECON-50-DIS-03,False
50,ECON,Economic Analysis I,5,5,2025-2026 Spring,12,DIS,20,14,"Knight Building, Room K18",Thursday,1:30:00 PM,2:20:00 PM,"Mar 30, 2026","Jun 3, 2026",hs_social,50,seminar,ECON-50-DIS-12,False
50,ECON,Economic Analysis I,5,5,2025-2026 Spring,11,DIS,20,4,"Knight Building, Room K18",Thursday,2:30:00 PM,3:20:00 PM,"Mar 30, 2026","Jun 3, 2026",hs_social,50,seminar,ECON-50-DIS-11,False
50,ECON,Economic Analysis I,5,5,2025-2026 Spring,5,DIS,20,17,Littlefield 103,Thursday,10:30:00 AM,11:20:00 AM,"Mar 30, 2026","Jun 3, 2026",hs_social,50,seminar,ECON-50-DIS-05,False
50,ECON,Economic Analysis I,5,5,2025-2026 Spring,7,DIS,20,14,Littlefield 103,Thursday,11:30:00 AM,12:20:00 PM,"Mar 30, 2026","Jun 3, 2026",hs_social,50,seminar,ECON-50-DIS-07,False
50,ECON,Economic Analysis I,5,5,2025-2026 Spring,1,LEC,200,138,420-040,"Monday,Wednesday,Friday",10:30:00 AM,11:50:00 AM,"Mar 30, 2026","Jun 3, 2026",hs_social,50,intro,ECON-50-LEC-01,True
50,ECON,Economic Analysis I,5,5,2025-2026 Spring,4,DIS,20,14,Lathrop 017,Wednesday,6:30:00 PM,7:20:00 PM,"Mar 30, 2026","Jun 3, 2026",hs_social,50,seminar,ECON-50-DIS-04,False
50,ECON,Economic Analysis I,5,5,2025-2026 Spring,13,DIS,20,7,Lathrop 296,Thursday,4:30:00 PM,5:20:00 PM,"Mar 30, 2026","Jun 3, 2026",hs_social,50,seminar,ECON-50-DIS-13,False
50,ECON,Economic Analysis I,5,5,2025-2026 Spring,9,DIS,20,13,Lathrop 296,Thursday,3:30:00 PM,4:20:00 PM,"Mar 30, 2026","Jun 3, 2026",hs_social,50,seminar,ECON-50-DIS-09,False
50Q,ECON,Economic Analysis I (Quantitative),5,5,2025-2026 Spring,1,LEC,200,43,420-040,"Monday,Wednesday,Friday",10:30:00 AM,11:50:00 AM,"Mar 30, 2026","Jun 3, 2026",hs_social,50,intro,ECON-50Q-LEC-01,True
50Q,ECON,Economic Analysis I (Quantitative),5,5,2025-2026 Spring,3,DIS,30,28,Lathrop 014,Wednesday,3:30:00 PM,4:20:00 PM,"Mar 30, 2026","Jun 3, 2026",hs_social,50,seminar,ECON-50Q-DIS-03,False
50Q,ECON,Economic Analysis I (Quantitative),5,5,2025-2026 Spring,2,DIS,30,15,Lathrop 014,Wednesday,2:30:00 PM,3:20:00 PM,"Mar 30, 2026","Jun 3, 2026",hs_social,50,seminar,ECON-50Q-DIS-02,False
52,ECON,Economic Analysis III,5,5,2025-2026 Spring,4,DIS,20,0,200-217,Thursday,6:30:00 PM,7:20:00 PM,"Mar 30, 2026","Jun 3, 2026",hs_social,52,seminar,ECON-52-DIS-04,False
52,ECON,Economic Analysis III,5,5,2025-2026 Spring,5,DIS,20,0,160-319,Thursday,5:30:00 PM,6:20:00 PM,"Mar 30, 2026","Jun 3, 2026",hs_social,52,seminar,ECON-52-DIS-05,False
52,ECON,Economic Analysis III,5,5,2025-2026 Spring,2,DIS,20,0,160-123,Friday,10:30:00 AM,11:20:00 AM,"Mar 30, 2026","Jun 3, 2026",hs_social,52,seminar,ECON-52-DIS-02,False
52,ECON,Economic Analysis III,5,5,2025-2026 Spring,3,DIS,20,0,Lathrop 190,Friday,11:30:00 AM,12:20:00 PM,"Mar 30, 2026","Jun 3, 2026",hs_social,52,seminar,ECON-52-DIS-03,False
52,ECON,Economic Analysis III,5,5,2025-2026 Spring,1,LEC,162,112,Bishop Auditorium,"Tuesday,Thursday",11:30:00 AM,1:20:00 PM,"Mar 30, 2026","Jun 3, 2026",hs_social,52,intro,ECON-52-LEC-01,True
101,ECON,Economic Policy Seminar,5,5,2025-2026 Spring,1,LEC,25,24,160-124,"Monday,Wednesday",11:30:00 AM,1:20:00 PM,"Mar 30, 2026","Jun 3, 2026",hs_social,101,intro,ECON-101-LEC-01,True
101,ECON,Economic Policy Seminar,5,5,2025-2026 Spring,2,LEC,20,15,Econ 139,"Monday,Wednesday",9:30:00 AM,11:20:00 AM,"Mar 30, 2026","Jun 3, 2026",hs_social,101,intro,ECON-101-LEC-02,True
102B,ECON,Applied Econometrics,5,5,2025-2026 Spring,1,LEC,137,83,200-002,"Monday,Wednesday",1:30:00 PM,3:20:00 PM,"Mar 30, 2026","Jun 3, 2026",hs_social,102,intro,ECON-102B-LEC-01,True
125,ECON,"Economic Development, Microfinance, and Social Networks",5,5,2025-2026 Spring,1,LEC,65,48,Econ 140,"Tuesday,Thursday",11:30:00 AM,1:20:00 PM,"Mar 30, 2026","Jun 3, 2026",hs_social,125,intro,ECON-125-LEC-01,True
131,ECON,The Chinese Economy,5,5,2025-2026 Spring,1,LEC,39,39,Lathrop 180,"Monday,Wednesday",11:30:00 AM,1:20:00 PM,"Mar 30, 2026","Jun 3, 2026",hs_social,131,intro,ECON-131-LEC-01,True
134,ECON,"Wealth of Nations (POLISCI 244C, POLISCI 344C)",3,5,2025-2026 Spring,1,SEM,20,18,200-107,"Tuesday,Thursday",4:30:00 PM,5:50:00 PM,"Mar 30, 2026","Jun 3, 2026",hs_social,134,intro,ECON-134-SEM-01,True
135,ECON,Foundations of Finance,5,5,2025-2026 Spring,1,CAS,18,8,GSB Bass 321,"Monday,Wednesday",9:30:00 AM,11:20:00 AM,"Mar 30, 2026","Jun 3, 2026",hs_social,135,intro,ECON-135-CAS-01,True
136,ECON,Market Design,5,5,2025-2026 Spring,1,LEC,150,117,420-041,"Monday,Wednesday",1:30:00 PM,3:20:00 PM,"Mar 30, 2026","Jun 3, 2026",hs_social,136,intro,ECON-136-LEC-01,True
137,ECON,Decision Modeling and Information,5,5,2025-2026 Spring,1,LEC,71,25,200-203,"Monday,Wednesday",4:30:00 PM,6:20:00 PM,"Mar 30, 2026","Jun 3, 2026",hs_social,137,intro,ECON-137-LEC-01,True
138,ECON,Optimization Models with Applications in Power Systems and Electricity Markets (ECON 238),5,5,2025-2026 Spring,1,LEC,23,6,Littlefield 107,"Tuesday,Thursday",10:30:00 AM,11:50:00 AM,"Mar 30, 2026","Jun 3, 2026",hs_social,138,intro,ECON-138-LEC-01,True
138,ECON,Optimization Models with Applications in Power Systems and Electricity Markets (ECON 238),5,5,2025-2026 Spring,2,DIS,20,0,Littlefield 107,Wednesday,4:30:00 PM,5:20:00 PM,"Mar 30, 2026","Jun 3, 2026",hs_social,138,intro,ECON-138-DIS-02,False
144,ECON,Family and Society,5,5,2025-2026 Spring,2,DIS,30,0,Lathrop 299,Friday,9:30:00 AM,10:20:00 AM,"Mar 30, 2026","Jun 3, 2026",hs_social,144,intro,ECON-144-DIS-02,False
144,ECON,Family and Society,5,5,2025-2026 Spring,1,LEC,56,50,200-305,"Monday,Wednesday",9:30:00 AM,11:20:00 AM,"Mar 30, 2026","Jun 3, 2026",hs_social,144,intro,ECON-144-LEC-01,True
160,ECON,Game Theory and Economic Applications,5,5,2025-2026 Spring,1,LEC,81,67,200-034,"Monday,Wednesday",1:30:00 PM,3:20:00 PM,"Mar 30, 2026","Jun 3, 2026",hs_social,160,intro,ECON-160-LEC-01,True
163,ECON,"Data Science for Social Impact (COMM 140X, DATASCI 154, EARTHSYS 153, MS&E 134, POLISCI 154, PUBLPOL 155, SOC 127)",5,5,2025-2026 Spring,1,LEC,20,14,CODAB90,"Tuesday,Thursday",3:00:00 PM,4:20:00 PM,"Mar 30, 2026","Jun 3, 2026",hs_social,163,intro,ECON-163-LEC-01,True
169,ECON,Advanced Topics in Macroeconomics and International Finance,5,5,2025-2026 Spring,1,LEC,25,8,Lathrop 180,"Monday,Wednesday",5:30:00 PM,7:20:00 PM,"Mar 30, 2026","Jun 3, 2026",hs_social,169,intro,ECON-169-LEC-01,True
198,ECON,Junior Honors Seminar (PUBLPOL 197),5,5,2025-2026 Spring,2,SEM,24,21,Departmental Room,Thursday,10:30:00 AM,12:20:00 PM,"Mar 30, 2026","Jun 3, 2026",hs_social,198,intro,ECON-198-SEM-02,True
198,ECON,Junior Honors Seminar (PUBLPOL 197),5,5,2025-2026 Spring,1,SEM,24,21,Departmental Room,Thursday,8:30:00 AM,10:20:00 AM,"Mar 30, 2026","Jun 3, 2026",hs_social,198,intro,ECON-198-SEM-01,True
200,ECON,First-Year Seminar,1,1,2025-2026 Spring,1,SEM,18,19,Departmental Room,Friday,12:30:00 PM,1:20:00 PM,"Mar 30, 2026","Jun 3, 2026",hs_social,200,mid,ECON-200-SEM-01,True
204,ECON,Microeconomics III,3,5,2025-2026 Spring,1,LEC,30,28,Lathrop 180,"Monday,Wednesday",9:30:00 AM,11:20:00 AM,"Mar 30, 2026","Jun 3, 2026",hs_social,204,mid,ECON-204-LEC-01,True
212,ECON,Macroeconomics III,3,5,2025-2026 Spring,1,LEC,40,21,Lathrop 014,"Tuesday,Thursday",9:30:00 AM,11:20:00 AM,"Mar 30, 2026","Jun 3, 2026",hs_social,212,mid,ECON-212-LEC-01,True
217,ECON,Development Economics III,2,5,2025-2026 Spring,1,LEC,24,5,Encina West 208,"Tuesday,Thursday",1:30:00 PM,3:20:00 PM,"Mar 30, 2026","Jun 3, 2026",hs_social,217,mid,ECON-217-LEC-01,True
220,ECON,Political Economy I (POLISCI 460A),3,5,2025-2026 Spring,1,LEC,30,12,GSB Gunn 101,"Tuesday,Thursday",1:30:00 PM,3:20:00 PM,"Mar 30, 2026","Jun 3, 2026",hs_social,220,mid,ECON-220-LEC-01,True
226,ECON,Topics in US and international economic history,2,5,2025-2026 Spring,1,LEC,40,27,Lathrop 299,"Tuesday,Thursday",10:30:00 AM,12:20:00 PM,"Mar 30, 2026","Jun 3, 2026",hs_social,226,mid,ECON-226-LEC-01,True
235,ECON,Advanced Macroeconomics III,2,5,2025-2026 Spring,1,LEC,20,3,Econ 139,"Tuesday,Thursday",6:00:00 PM,7:50:00 PM,"Mar 30, 2026","Jun 3, 2026",hs_social,235,mid,ECON-235-LEC-01,True
238,ECON,Optimization Models with Applications in Power Systems and Electricity Markets (ECON 138),5,5,2025-2026 Spring,1,LEC,20,11,Littlefield 107,"Tuesday,Thursday",10:30:00 AM,11:50:00 AM,"Mar 30, 2026","Jun 3, 2026",hs_social,238,mid,ECON-238-LEC-01,True
243,ECON,Public Economics III,3,5,2025-2026 Spring,1,LEC,11,5,Encina West 208,"Monday,Wednesday",11:30:00 AM,1:20:00 PM,"Mar 30, 2026","Jun 3, 2026",hs_social,243,mid,ECON-243-LEC-01,True
244,ECON,Models Meet Data: The Economics of The Family,2,5,2025-2026 Spring,1,LEC,25,10,Littlefield 103,"Tuesday,Thursday",8:30:00 AM,10:20:00 AM,"Mar 30, 2026","Jun 3, 2026",hs_social,244,mid,ECON-244-LEC-01,True
250,ECON,Environmental Economics,3,5,2025-2026 Spring,1,LEC,30,12,Lathrop 190,"Monday,Wednesday",10:30:00 AM,11:50:00 AM,"Mar 30, 2026","Jun 3, 2026",hs_social,250,mid,ECON-250-LEC-01,True
260,ECON,Industrial Organization III,3,5,2025-2026 Spring,1,LEC,24,14,GSB Class of 1968 108,"Monday,Wednesday,Friday",8:30:00 AM,10:20:00 AM,"Mar 30, 2026","Jun 3, 2026",hs_social,260,mid,ECON-260-LEC-01,True
268,ECON,International Finance and Exchange Rates,3,5,2025-2026 Spring,1,LEC,14,8,GSB Faculty East 247,Tuesday,1:30:00 PM,4:20:00 PM,"Mar 30, 2026","Jun 3, 2026",hs_social,268,mid,ECON-268-LEC-01,True
272,ECON,Intermediate Econometrics III: Methods for Applied Econometrics,3,5,2025-2026 Spring,1,LEC,50,22,200-205,"Monday,Wednesday",1:30:00 PM,2:50:00 PM,"Mar 30, 2026","Jun 3, 2026",hs_social,272,mid,ECON-272-LEC-01,True
274,ECON,Advanced Econometrics II,3,5,2025-2026 Spring,1,LEC,30,7,160-B40,"Monday,Wednesday",1:30:00 PM,3:20:00 PM,"Mar 30, 2026","Jun 3, 2026",hs_social,274,mid,ECON-274-LEC-01,True
280,ECON,Behavioral and Experimental Economics III,3,5,2025-2026 Spring,1,PRA,14,3,Encina West 208,"Monday,Wednesday",1:30:00 PM,3:20:00 PM,"Mar 30, 2026","Jun 3, 2026",hs_social,280,mid,ECON-280-PRA-01,True
284,ECON,Simplicity and Complexity in Economic Theory (CS 360),3,5,2025-2026 Spring,1,LEC,26,9,GSB Patterson 101,Tuesday,9:30:00 AM,12:20:00 PM,"Mar 30, 2026","Jun 3, 2026",hs_social,284,mid,ECON-284-LEC-01,True
291,ECON,Social and Economic Networks,3,5,2025-2026 Spring,1,LEC,40,23,380-380D,"Monday,Wednesday",1:30:00 PM,3:20:00 PM,"Mar 30, 2026","Jun 3, 2026",hs_social,291,mid,ECON-291-LEC-01,True
295,ECON,The AI Awakening: Implications for the Economy and Society,3,3,2025-2026 Spring,1,LEC,90,7,Departmental Room,Tuesday,4:30:00 PM,5:50:00 PM,"Mar 30, 2026","Jun 3, 2026",hs_social,295,mid,ECON-295-LEC-01,True
300,ECON,Third-Year Seminar,3,10,2025-2026 Spring,1,SEM,30,22,Departmental Room,"Monday,Wednesday",8:30:00 AM,11:20:00 AM,"Mar 30, 2026","Jun 3, 2026",hs_social,300,advanced,ECON-300-SEM-01,True
310,ECON,Macroeconomic Seminar,1,10,2025-2026 Spring,1,SEM,20,10,Encina West 101,Monday,3:30:00 PM,4:50:00 PM,"Mar 30, 2026","Jun 3, 2026",hs_social,310,advanced,ECON-310-SEM-01,True
315,ECON,Development Seminar,1,10,2025-2026 Spring,1,SEM,32,7,Littlefield 107,Monday,1:30:00 PM,2:50:00 PM,"Mar 30, 2026","Jun 3, 2026",hs_social,315,advanced,ECON-315-SEM-01,True
325,ECON,Economic History Seminar,1,10,2025-2026 Spring,1,SEM,15,1,20-21B,Wednesday,3:30:00 PM,4:50:00 PM,"Mar 30, 2026","Jun 3, 2026",hs_social,325,advanced,ECON-325-SEM-01,True
335,ECON,Experimental/Behavioral Seminar,1,10,2025-2026 Spring,1,WKS,30,3,Littlefield 103,Monday,3:30:00 PM,4:50:00 PM,"Mar 30, 2026","Jun 3, 2026",hs_social,335,advanced,ECON-335-WKS-01,True
341,ECON,Public Economics and Environmental Economics Seminar,1,10,2025-2026 Spring,1,SEM,25,4,Littlefield 103,Tuesday,1:30:00 PM,3:20:00 PM,"Mar 30, 2026","Jun 3, 2026",hs_social,341,advanced,ECON-341-SEM-01,True
345,ECON,Labor Economics Seminar,1,10,2025-2026 Spring,1,SEM,32,7,Littlefield 107,Wednesday,1:30:00 PM,3:20:00 PM,"Mar 30, 2026","Jun 3, 2026",hs_social,345,advanced,ECON-345-SEM-01,True
355,ECON,Industrial Organization Seminar,1,10,2025-2026 Spring,1,SEM,30,10,160-124,Thursday,3:00:00 PM,4:20:00 PM,"Mar 30, 2026","Jun 3, 2026",hs_social,355,advanced,ECON-355-SEM-01,True
365,ECON,International Trade Workshop,1,10,2025-2026 Spring,2,DIS,999,0,,,,,,,hs_social,365,advanced,ECON-365-DIS-02,False
365,ECON,International Trade Workshop,1,10,2025-2026 Spring,1,SEM,999,0,,,,,,,hs_social,365,advanced,ECON-365-SEM-01,True
370,ECON,Econometrics Seminar,1,10,2025-2026 Spring,1,SEM,36,0,160-124,Wednesday,4:30:00 PM,5:50:00 PM,"Mar 30, 2026","Jun 3, 2026",hs_social,370,advanced,ECON-370-SEM-01,True
391,ECON,Microeconomic Theory Seminar,1,10,2025-2026 Spring,1,SEM,50,2,Departmental Room,Wednesday,3:30:00 PM,5:20:00 PM,"Mar 30, 2026","Jun 3, 2026",hs_social,391,advanced,ECON-391-SEM-01,True
1,PSYCH,Introduction to Psychology,5,5,2025-2026 Spring,36,DIS,20,0,,,,,,,hs_social,1,seminar,PSYCH-1-DIS-36,False
1,PSYCH,Introduction to Psychology,5,5,2025-2026 Spring,34,DIS,20,0,,,,,,,hs_social,1,seminar,PSYCH-1-DIS-34,False
1,PSYCH,Introduction to Psychology,5,5,2025-2026 Spring,35,DIS,20,0,,,,,,,hs_social,1,seminar,PSYCH-1-DIS-35,False
1,PSYCH,Introduction to Psychology,5,5,2025-2026 Spring,31,DIS,20,0,,,,,,,hs_social,1,seminar,PSYCH-1-DIS-31,False
1,PSYCH,Introduction to Psychology,5,5,2025-2026 Spring,32,DIS,20,0,,,,,,,hs_social,1,seminar,PSYCH-1-DIS-32,False
1,PSYCH,Introduction to Psychology,5,5,2025-2026 Spring,33,DIS,20,0,,,,,,,hs_social,1,seminar,PSYCH-1-DIS-33,False
1,PSYCH,Introduction to Psychology,5,5,2025-2026 Spring,1,LEC,270,167,STLC 111,"Monday,Wednesday,Friday",10:30:00 AM,11:50:00 AM,"Mar 30, 2026","Jun 3, 2026",hs_social,1,intro,PSYCH-1-LEC-01,True
10,PSYCH,Introduction to Statistical Methods: Precalculus (STATS 60),5,5,2025-2026 Spring,6,DIS,40,2,Lathrop 014,Thursday,2:30:00 PM,3:20:00 PM,"Mar 30, 2026","Jun 3, 2026",hs_social,10,seminar,PSYCH-10-DIS-06,False
10,PSYCH,Introduction to Statistical Methods: Precalculus (STATS 60),5,5,2025-2026 Spring,3,DIS,40,11,380-380W,Thursday,10:30:00 AM,11:20:00 AM,"Mar 30, 2026","Jun 3, 2026",hs_social,10,seminar,PSYCH-10-DIS-03,False
10,PSYCH,Introduction to Statistical Methods: Precalculus (STATS 60),5,5,2025-2026 Spring,4,DIS,40,11,Lathrop 016,Thursday,3:30:00 PM,4:20:00 PM,"Mar 30, 2026","Jun 3, 2026",hs_social,10,seminar,PSYCH-10-DIS-04,False
10,PSYCH,Introduction to Statistical Methods: Precalculus (STATS 60),5,5,2025-2026 Spring,2,DIS,40,2,Lathrop 180,Thursday,9:30:00 AM,10:20:00 AM,"Mar 30, 2026","Jun 3, 2026",hs_social,10,seminar,PSYCH-10-DIS-02,False
10,PSYCH,Introduction to Statistical Methods: Precalculus (STATS 60),5,5,2025-2026 Spring,5,DIS,40,9,Hewlett Teaching Center Rm 101,Thursday,4:30:00 PM,5:20:00 PM,"Mar 30, 2026","Jun 3, 2026",hs_social,10,seminar,PSYCH-10-DIS-05,False
10,PSYCH,Introduction to Statistical Methods: Precalculus (STATS 60),5,5,2025-2026 Spring,1,LEC,130,35,Hewlett Teaching Center 201,"Monday,Wednesday,Friday",1:30:00 PM,2:50:00 PM,"Mar 30, 2026","Jun 3, 2026",hs_social,10,intro,PSYCH-10-LEC-01,True
20N,PSYCH,How Beliefs Create Reality,3,3,2025-2026 Spring,1,ISF,15,15,200-015,Thursday,1:30:00 PM,4:20:00 PM,"Mar 30, 2026","Jun 3, 2026",hs_social,20,seminar,PSYCH-20N-ISF-01,True
35,PSYCH,"Minds and Machines (CS 24, LINGUIST 35, PHIL 99, SYMSYS 1, SYMSYS 200)",4,4,2025-2026 Spring,17,DIS,150,0,,,,,,,hs_social,35,seminar,PSYCH-35-DIS-17,False
35,PSYCH,"Minds and Machines (CS 24, LINGUIST 35, PHIL 99, SYMSYS 1, SYMSYS 200)",4,4,2025-2026 Spring,10,DIS,150,2,160-129,Wednesday,2:30:00 PM,3:20:00 PM,"Mar 30, 2026","Jun 3, 2026",hs_social,35,seminar,PSYCH-35-DIS-10,False
35,PSYCH,"Minds and Machines (CS 24, LINGUIST 35, PHIL 99, SYMSYS 1, SYMSYS 200)",4,4,2025-2026 Spring,9,DIS,150,4,160-129,Wednesday,1:30:00 PM,2:20:00 PM,"Mar 30, 2026","Jun 3, 2026",hs_social,35,seminar,PSYCH-35-DIS-09,False
35,PSYCH,"Minds and Machines (CS 24, LINGUIST 35, PHIL 99, SYMSYS 1, SYMSYS 200)",4,4,2025-2026 Spring,6,DIS,150,5,Lathrop 292,Wednesday,10:30:00 AM,11:20:00 AM,"Mar 30, 2026","Jun 3, 2026",hs_social,35,seminar,PSYCH-35-DIS-06,False
35,PSYCH,"Minds and Machines (CS 24, LINGUIST 35, PHIL 99, SYMSYS 1, SYMSYS 200)",4,4,2025-2026 Spring,4,DIS,150,3,380-381U,Tuesday,4:30:00 PM,5:20:00 PM,"Mar 30, 2026","Jun 3, 2026",hs_social,35,seminar,PSYCH-35-DIS-04,False
35,PSYCH,"Minds and Machines (CS 24, LINGUIST 35, PHIL 99, SYMSYS 1, SYMSYS 200)",4,4,2025-2026 Spring,12,DIS,150,5,160-328,Wednesday,4:30:00 PM,5:20:00 PM,"Mar 30, 2026","Jun 3, 2026",hs_social,35,seminar,PSYCH-35-DIS-12,False
35,PSYCH,"Minds and Machines (CS 24, LINGUIST 35, PHIL 99, SYMSYS 1, SYMSYS 200)",4,4,2025-2026 Spring,18,DIS,150,0,ANKO 008,Thursday,3:00:00 PM,4:20:00 PM,"Mar 30, 2026","Jun 3, 2026",hs_social,35,seminar,PSYCH-35-DIS-18,False
35,PSYCH,"Minds and Machines (CS 24, LINGUIST 35, PHIL 99, SYMSYS 1, SYMSYS 200)",4,4,2025-2026 Spring,2,DIS,150,1,,,,,,,hs_social,35,seminar,PSYCH-35-DIS-02,False
35,PSYCH,"Minds and Machines (CS 24, LINGUIST 35, PHIL 99, SYMSYS 1, SYMSYS 200)",4,4,2025-2026 Spring,13,DIS,150,6,260-004,Thursday,9:30:00 AM,10:20:00 AM,"Mar 30, 2026","Jun 3, 2026",hs_social,35,seminar,PSYCH-35-DIS-13,False
35,PSYCH,"Minds and Machines (CS 24, LINGUIST 35, PHIL 99, SYMSYS 1, SYMSYS 200)",4,4,2025-2026 Spring,7,DIS,150,4,540-103,Wednesday,11:30:00 AM,12:20:00 PM,"Mar 30, 2026","Jun 3, 2026",hs_social,35,seminar,PSYCH-35-DIS-07,False
35,PSYCH,"Minds and Machines (CS 24, LINGUIST 35, PHIL 99, SYMSYS 1, SYMSYS 200)",4,4,2025-2026 Spring,3,DIS,150,6,160-328,Tuesday,3:30:00 PM,4:20:00 PM,"Mar 30, 2026","Jun 3, 2026",hs_social,35,seminar,PSYCH-35-DIS-03,False
35,PSYCH,"Minds and Machines (CS 24, LINGUIST 35, PHIL 99, SYMSYS 1, SYMSYS 200)",4,4,2025-2026 Spring,16,DIS,150,0,Econ 206,Thursday,12:00:00 PM,1:20:00 PM,"Mar 30, 2026","Jun 3, 2026",hs_social,35,seminar,PSYCH-35-DIS-16,False
35,PSYCH,"Minds and Machines (CS 24, LINGUIST 35, PHIL 99, SYMSYS 1, SYMSYS 200)",4,4,2025-2026 Spring,19,DIS,150,0,160-B35,Thursday,4:30:00 PM,5:20:00 PM,"Mar 30, 2026","Jun 3, 2026",hs_social,35,seminar,PSYCH-35-DIS-19,False
35,PSYCH,"Minds and Machines (CS 24, LINGUIST 35, PHIL 99, SYMSYS 1, SYMSYS 200)",4,4,2025-2026 Spring,11,DIS,150,6,160-330,Wednesday,3:30:00 PM,4:20:00 PM,"Mar 30, 2026","Jun 3, 2026",hs_social,35,seminar,PSYCH-35-DIS-11,False
35,PSYCH,"Minds and Machines (CS 24, LINGUIST 35, PHIL 99, SYMSYS 1, SYMSYS 200)",4,4,2025-2026 Spring,14,DIS,150,3,380-381U,Thursday,10:30:00 AM,11:20:00 AM,"Mar 30, 2026","Jun 3, 2026",hs_social,35,seminar,PSYCH-35-DIS-14,False
35,PSYCH,"Minds and Machines (CS 24, LINGUIST 35, PHIL 99, SYMSYS 1, SYMSYS 200)",4,4,2025-2026 Spring,15,DIS,150,5,Green Earth Sciences134,Thursday,12:30:00 PM,1:20:00 PM,"Mar 30, 2026","Jun 3, 2026",hs_social,35,seminar,PSYCH-35-DIS-15,False
35,PSYCH,"Minds and Machines (CS 24, LINGUIST 35, PHIL 99, SYMSYS 1, SYMSYS 200)",4,4,2025-2026 Spring,8,DIS,150,6,540-103,Wednesday,12:30:00 PM,1:20:00 PM,"Mar 30, 2026","Jun 3, 2026",hs_social,35,seminar,PSYCH-35-DIS-08,False
35,PSYCH,"Minds and Machines (CS 24, LINGUIST 35, PHIL 99, SYMSYS 1, SYMSYS 200)",4,4,2025-2026 Spring,5,DIS,150,4,200-202,Wednesday,9:30:00 AM,10:20:00 AM,"Mar 30, 2026","Jun 3, 2026",hs_social,35,seminar,PSYCH-35-DIS-05,False
35,PSYCH,"Minds and Machines (CS 24, LINGUIST 35, PHIL 99, SYMSYS 1, SYMSYS 200)",4,4,2025-2026 Spring,1,LEC,150,60,320-105,"Tuesday,Thursday",1:30:00 PM,2:50:00 PM,"Mar 30, 2026","Jun 3, 2026",hs_social,35,intro,PSYCH-35-LEC-01,True
39SI,PSYCH,Psychology Beyond the Classroom,1,1,2025-2026 Spring,1,ACT,20,16,160-321,Wednesday,11:30:00 AM,12:20:00 PM,"Mar 30, 2026","Jun 3, 2026",hs_social,39,seminar,PSYCH-39SI-ACT-01,True
39SI,PSYCH,Psychology Beyond the Classroom,1,1,2025-2026 Spring,1,ACT,20,16,160-321,Wednesday,12:30:00 PM,1:20:00 PM,"Mar 30, 2026","Jun 3, 2026",hs_social,39,seminar,PSYCH-39SI-ACT-01,True
45,PSYCH,Introduction to Learning and Memory,3,3,2025-2026 Spring,1,LEC,80,53,200-205,"Tuesday,Thursday",9:00:00 AM,10:20:00 AM,"Mar 30, 2026","Jun 3, 2026",hs_social,45,intro,PSYCH-45-LEC-01,True
70,PSYCH,Self and Society: Introduction to Social Psychology (SOC 2),4,4,2025-2026 Spring,1,LEC,180,107,420-040,"Monday,Wednesday",1:30:00 PM,2:50:00 PM,"Mar 30, 2026","Jun 3, 2026",hs_social,70,intro,PSYCH-70-LEC-01,True
95,PSYCH,Introduction to Abnormal Psychology,3,3,2025-2026 Spring,1,LEC,80,75,370-370,"Tuesday,Thursday",12:00:00 PM,1:20:00 PM,"Mar 30, 2026","Jun 3, 2026",hs_social,95,intro,PSYCH-95-LEC-01,True
131A,PSYCH,How to Think Like a Shrink (PSYC 230),2,2,2025-2026 Spring,1,LEC,60,53,CODAB90,"Tuesday,Thursday",9:00:00 AM,10:20:00 AM,"Mar 30, 2026","Jun 3, 2026",hs_social,131,intro,PSYCH-131A-LEC-01,True
134,PSYCH,Brain and Decision Making (PSYCH 232),3,3,2025-2026 Spring,1,WKS,30,30,Lathrop 299,Tuesday,3:00:00 PM,5:50:00 PM,"Mar 30, 2026","Jun 3, 2026",hs_social,134,intro,PSYCH-134-WKS-01,True
142A,PSYCH,Special Topics in Adolescent Mental Health (HUMBIO 142M),3,3,2025-2026 Spring,1,SEM,7,9,Lathrop 180,"Tuesday,Thursday",12:00:00 PM,1:20:00 PM,"Mar 30, 2026","Jun 3, 2026",hs_social,142,intro,PSYCH-142A-SEM-01,True
143,PSYCH,Thriving in Collegiate Athletics: Key Concepts in Student-Athlete Mental Health and Wellness (PSYC 243),3,3,2025-2026 Spring,1,SEM,20,0,,,,,,,hs_social,143,intro,PSYCH-143-SEM-01,True
146,PSYCH,Observation of Children,3,5,2025-2026 Spring,1,SEM,20,17,Departmental Room,Thursday,4:30:00 PM,5:50:00 PM,"Mar 30, 2026","Jun 3, 2026",hs_social,146,intro,PSYCH-146-SEM-01,True
147,PSYCH,Development in Early Childhood,3,5,2025-2026 Spring,1,PRA,25,22,Departmental Room,Tuesday,4:30:00 PM,5:50:00 PM,"Mar 30, 2026","Jun 3, 2026",hs_social,147,intro,PSYCH-147-PRA-01,True
163,PSYCH,Neuroscience of Visual Intelligence (PSYCH 263),3,3,2025-2026 Spring,1,SEM,15,0,Lathrop 290,"Tuesday,Thursday",12:00:00 PM,1:20:00 PM,"Mar 30, 2026","Jun 3, 2026",hs_social,163,intro,PSYCH-163-SEM-01,True
164,PSYCH,Brain decoding,3,3,2025-2026 Spring,1,SEM,30,33,Lathrop 190,"Tuesday,Thursday",1:30:00 PM,2:50:00 PM,"Mar 30, 2026","Jun 3, 2026",hs_social,164,intro,PSYCH-164-SEM-01,True
170,PSYCH,"The Psychology of Communication About Politics in America (AMSTUD 124L, COMM 164, COMM 264, POLISCI 124L, POLISCI 324L, PUBLPOL 164)",4,5,2025-2026 Spring,1,LEC,100,28,200-002,Tuesday,1:30:00 PM,4:20:00 PM,"Mar 30, 2026","Jun 3, 2026",hs_social,170,intro,PSYCH-170-LEC-01,True
171,PSYCH,Research Seminar on Aging,4,4,2025-2026 Spring,1,PRA,30,0,Departmental Room,Monday,2:30:00 PM,4:20:00 PM,"Mar 30, 2026","Jun 3, 2026",hs_social,171,intro,PSYCH-171-PRA-01,True
175,PSYCH,Developmental Science of Social Cognition,4,4,2025-2026 Spring,1,LEC,30,15,Lathrop 190,Monday,1:30:00 PM,4:20:00 PM,"Mar 30, 2026","Jun 3, 2026",hs_social,175,intro,PSYCH-175-LEC-01,True
178,PSYCH,"Culture and Madness: Anthropological and Psychiatric Approaches to Mental Illness (ANTHRO 186, ANTHRO 286, HUMBIO 146, PSYC 286)",3,5,2025-2026 Spring,1,SEM,30,3,200-002,"Monday,Wednesday",10:30:00 AM,11:50:00 AM,"Mar 30, 2026","Jun 3, 2026",hs_social,178,intro,PSYCH-178-SEM-01,True
182,PSYCH,Practicum in Teaching PSYCH 1,5,5,2025-2026 Spring,1,PRA,30,5,Departmental Room,Friday,12:30:00 PM,2:20:00 PM,"Mar 30, 2026","Jun 3, 2026",hs_social,182,intro,PSYCH-182-PRA-01,True
183,PSYCH,SPARQ Lab,2,3,2025-2026 Spring,1,PRA,30,10,90-92Q,Tuesday,4:30:00 PM,5:50:00 PM,"Mar 30, 2026","Jun 3, 2026",hs_social,183,intro,PSYCH-183-PRA-01,True
189,PSYCH,Stanford Center on Longevity Practicum,4,4,2025-2026 Spring,1,PRA,30,3,,,,,"Mar 30, 2026","Jun 3, 2026",hs_social,189,intro,PSYCH-189-PRA-01,True
196,PSYCH,Capstone: Psych Applied,1,3,2025-2026 Spring,2,SEM,30,24,380-380D,Thursday,3:30:00 PM,4:20:00 PM,"Mar 30, 2026","Jun 3, 2026",hs_social,196,intro,PSYCH-196-SEM-02,True
196,PSYCH,Capstone: Psych Applied,1,3,2025-2026 Spring,1,SEM,28,18,60-108,Wednesday,9:30:00 AM,10:20:00 AM,"Mar 30, 2026","Jun 3, 2026",hs_social,196,intro,PSYCH-196-SEM-01,True
196,PSYCH,Capstone: Psych Applied,1,3,2025-2026 Spring,3,SEM,24,11,160-323,Friday,11:30:00 AM,12:20:00 PM,"Mar 30, 2026","Jun 3, 2026",hs_social,196,intro,PSYCH-196-SEM-03,True
198,PSYCH,Senior Honors Research,1,4,2025-2026 Spring,1,SEM,25,18,200-107,"Tuesday,Thursday",3:00:00 PM,4:20:00 PM,"Mar 30, 2026","Jun 3, 2026",hs_social,198,intro,PSYCH-198-SEM-01,True
202,PSYCH,Cognitive Neuroscience,3,3,2025-2026 Spring,1,LEC,30,23,160-B40,"Tuesday,Thursday",10:30:00 AM,11:50:00 AM,"Mar 30, 2026","Jun 3, 2026",hs_social,202,mid,PSYCH-202-LEC-01,True
204B,PSYCH,Computational Neuroimaging: Data Analyses,3,3,2025-2026 Spring,1,PRA,30,9,160-B40,Monday,3:30:00 PM,5:20:00 PM,"Mar 30, 2026","Jun 3, 2026",hs_social,204,mid,PSYCH-204B-PRA-01,True
205,PSYCH,Foundations of Cognition,3,3,2025-2026 Spring,1,SEM,20,7,200-013,Thursday,1:30:00 PM,2:50:00 PM,"Mar 30, 2026","Jun 3, 2026",hs_social,205,mid,PSYCH-205-SEM-01,True
217,PSYCH,Topics and Methods Related to Cultural Psychology,3,5,2025-2026 Spring,1,SEM,35,11,160-124,Thursday,12:00:00 PM,2:50:00 PM,"Mar 30, 2026","Jun 3, 2026",hs_social,217,mid,PSYCH-217-SEM-01,True
229,PSYCH,"Cognitive Technologies: The Past, Present, and Future of Human Learning",3,3,2025-2026 Spring,1,SEM,15,4,Departmental Room,Monday,9:30:00 AM,12:20:00 PM,"Mar 30, 2026","Jun 3, 2026",hs_social,229,mid,PSYCH-229-SEM-01,True
232,PSYCH,Brain and Decision Making (PSYCH 134),3,3,2025-2026 Spring,1,WKS,30,0,,,,,,,hs_social,232,mid,PSYCH-232-WKS-01,True
235,PSYCH,Human Motivation,3,3,2025-2026 Spring,1,SEM,25,9,Departmental Room,Monday,1:30:00 PM,3:20:00 PM,"Mar 30, 2026","Jun 3, 2026",hs_social,235,mid,PSYCH-235-SEM-01,True
240,PSYCH,Big Questions About Small Brains,3,3,2025-2026 Spring,1,SEM,20,8,50-52H,Tuesday,1:30:00 PM,4:20:00 PM,"Mar 30, 2026","Jun 3, 2026",hs_social,240,mid,PSYCH-240-SEM-01,True
240A,PSYCH,Curiosity in Artificial Intelligence (EDUC 234),3,3,2025-2026 Spring,1,SEM,20,7,ANKO 108,Monday,3:00:00 PM,5:50:00 PM,"Mar 30, 2026","Jun 3, 2026",hs_social,240,mid,PSYCH-240A-SEM-01,True
253,PSYCH,"Multivariate Analysis, Measurement, and Study of Change in Social Science Research (COMM 369)",3,3,2025-2026 Spring,1,SEM,28,19,300-303,"Tuesday,Thursday",9:00:00 AM,10:20:00 AM,"Mar 30, 2026","Jun 3, 2026",hs_social,253,mid,PSYCH-253-SEM-01,True
254A,PSYCH,Advanced Statistical Modeling for Behavioral and Neural Sciences,3,3,2025-2026 Spring,1,PRA,20,0,,,,,,,hs_social,254,mid,PSYCH-254A-PRA-01,True
257,PSYCH,Affective Neuroscience,3,3,2025-2026 Spring,1,SEM,20,0,60-108,Monday,3:00:00 PM,5:50:00 PM,"Mar 30, 2026","Jun 3, 2026",hs_social,257,mid,PSYCH-257-SEM-01,True
258,PSYCH,Graduate Seminar in Social Psychology Research,1,3,2025-2026 Spring,1,SEM,40,0,380-380W,Monday,3:30:00 PM,5:20:00 PM,"Mar 30, 2026","Jun 3, 2026",hs_social,258,mid,PSYCH-258-SEM-01,True
263,PSYCH,Neuroscience of Visual Intelligence (PSYCH 163),3,3,2025-2026 Spring,1,SEM,15,2,Lathrop 290,"Tuesday,Thursday",12:00:00 PM,1:20:00 PM,"Mar 30, 2026","Jun 3, 2026",hs_social,263,mid,PSYCH-263-SEM-01,True
265,PSYCH,Social Psychology and Social Change (EDUC 371),2,3,2025-2026 Spring,1,SEM,25,12,160-B40,Thursday,3:00:00 PM,5:50:00 PM,"Mar 30, 2026","Jun 3, 2026",hs_social,265,mid,PSYCH-265-SEM-01,True
269,PSYCH,Graduate Seminar in Affective Science,1,1,2025-2026 Spring,1,SEM,30,3,Departmental Room,Thursday,3:00:00 PM,4:20:00 PM,"Mar 30, 2026","Jun 3, 2026",hs_social,269,mid,PSYCH-269-SEM-01,True
272,PSYCH,"Psychology and American Indian/Alaska Native Mental Health (EDUC 340, NATIVEAM 240)",3,5,2025-2026 Spring,1,SEM,30,6,ANKO 108,Wednesday,1:30:00 PM,4:20:00 PM,"Mar 30, 2026","Jun 3, 2026",hs_social,272,mid,PSYCH-272-SEM-01,True
282,PSYCH,Practicum in Teaching PSYCH 1,1,1,2025-2026 Spring,1,PRA,20,1,250-108,Friday,12:30:00 PM,2:20:00 PM,"Mar 30, 2026","Jun 3, 2026",hs_social,282,mid,PSYCH-282-PRA-01,True
284,PSYCH,"Graduate Seminar in Political Psychology (COMM 308, POLISCI 321)",1,3,2025-2026 Spring,1,SEM,25,1,120-452,Monday,12:15:00 PM,2:15:00 PM,"Mar 30, 2026","Jun 3, 2026",hs_social,284,mid,PSYCH-284-SEM-01,True
286A,PSYCH,"Seminar: Preparing for Leadership in Early Childhood Policy, Research, and Practice (EDUC 336, SOC 237)",1,1,2025-2026 Spring,1,SEM,20,0,ANKO 008,Monday,11:30:00 AM,12:20:00 PM,"Mar 30, 2026","Jun 3, 2026",hs_social,286,mid,PSYCH-286A-SEM-01,True
1C,ENGLISH,"Comics:  More than Words (DLCL 238, FILMEDIA 38)",1,1,2025-2026 Spring,1,WKS,30,22,,,,,"Mar 30, 2026","Jun 3, 2026",hs_humanities,1,seminar,ENGLISH-1C-WKS-01,True
1D,ENGLISH,Dickens Reading,1,1,2025-2026 Spring,1,ACT,30,10,,,,,"Mar 30, 2026","Jun 3, 2026",hs_humanities,1,seminar,ENGLISH-1D-ACT-01,True
5VA,ENGLISH,Influencers: Conduct Literature from Medieval Origins to Social Media,5,5,2025-2026 Spring,1,SEM,8,6,160-B37,"Monday,Wednesday",4:30:00 PM,6:20:00 PM,"Mar 30, 2026","Jun 3, 2026",hs_humanities,5,seminar,ENGLISH-5VA-SEM-01,True
8F,ENGLISH,Science Fiction: Time (Travel) in Narrative,3,3,2025-2026 Spring,1,SEM,15,11,Lathrop 017,"Tuesday,Thursday",12:00:00 PM,1:20:00 PM,"Mar 30, 2026","Jun 3, 2026",hs_humanities,8,seminar,ENGLISH-8F-SEM-01,True
8G,ENGLISH,"Climate Lit: Survival, Activism, and Writing 'The Natural World'",3,3,2025-2026 Spring,1,SEM,15,6,200-219,"Tuesday,Thursday",3:00:00 PM,4:20:00 PM,"Mar 30, 2026","Jun 3, 2026",hs_humanities,8,seminar,ENGLISH-8G-SEM-01,True
8J,ENGLISH,American Sports Literature: Critical and Personal Perspectives (AMSTUD 8J),3,3,2025-2026 Spring,1,SEM,16,16,160-329,"Tuesday,Thursday",4:30:00 PM,5:50:00 PM,"Mar 30, 2026","Jun 3, 2026",hs_humanities,8,seminar,ENGLISH-8J-SEM-01,True
9CE,ENGLISH,Creative Expression in Writing,3,3,2025-2026 Spring,9,WKS,15,7,Lathrop 298,Wednesday,3:00:00 PM,5:50:00 PM,"Mar 30, 2026","Jun 3, 2026",hs_humanities,9,seminar,ENGLISH-9CE-WKS-09,True
9CE,ENGLISH,Creative Expression in Writing,3,3,2025-2026 Spring,3,WKS,15,11,260-002,"Monday,Wednesday",4:30:00 PM,5:50:00 PM,"Mar 30, 2026","Jun 3, 2026",hs_humanities,9,seminar,ENGLISH-9CE-WKS-03,True
9CE,ENGLISH,Creative Expression in Writing,3,3,2025-2026 Spring,7,WKS,15,14,Thornton 210,"Tuesday,Thursday",11:30:00 AM,12:50:00 PM,"Mar 30, 2026","Jun 3, 2026",hs_humanities,9,seminar,ENGLISH-9CE-WKS-07,True
9CE,ENGLISH,Creative Expression in Writing,3,3,2025-2026 Spring,8,WKS,15,12,"Knight Building, Room K18","Monday,Wednesday",1:30:00 PM,2:50:00 PM,"Mar 30, 2026","Jun 3, 2026",hs_humanities,9,seminar,ENGLISH-9CE-WKS-08,True
9CE,ENGLISH,Creative Expression in Writing,3,3,2025-2026 Spring,2,WKS,15,11,Lathrop 015,"Tuesday,Thursday",12:00:00 PM,1:20:00 PM,"Mar 30, 2026","Jun 3, 2026",hs_humanities,9,seminar,ENGLISH-9CE-WKS-02,True
9CE,ENGLISH,Creative Expression in Writing,3,3,2025-2026 Spring,6,WKS,15,10,120-59,"Tuesday,Thursday",1:30:00 PM,2:50:00 PM,"Mar 30, 2026","Jun 3, 2026",hs_humanities,9,seminar,ENGLISH-9CE-WKS-06,True
9CE,ENGLISH,Creative Expression in Writing,3,3,2025-2026 Spring,5,WKS,15,9,Thornton 211,Wednesday,2:30:00 PM,5:20:00 PM,"Mar 30, 2026","Jun 3, 2026",hs_humanities,9,seminar,ENGLISH-9CE-WKS-05,True
9CE,ENGLISH,Creative Expression in Writing,3,3,2025-2026 Spring,4,WKS,15,14,Econ 139,"Monday,Wednesday",11:30:00 AM,12:50:00 PM,"Mar 30, 2026","Jun 3, 2026",hs_humanities,9,seminar,ENGLISH-9CE-WKS-04,True
9CE,ENGLISH,Creative Expression in Writing,3,3,2025-2026 Spring,1,WKS,15,15,Econ 218,"Monday,Wednesday",3:00:00 PM,4:20:00 PM,"Mar 30, 2026","Jun 3, 2026",hs_humanities,9,seminar,ENGLISH-9CE-WKS-01,True
9CI,ENGLISH,Inspired by Science: A Workshop (OCEANS 119CI),3,3,2025-2026 Spring,2,WKS,15,12,50-51P,Wednesday,3:30:00 PM,6:20:00 PM,"Mar 30, 2026","Jun 3, 2026",hs_humanities,9,seminar,ENGLISH-9CI-WKS-02,True
9CI,ENGLISH,Inspired by Science: A Workshop (OCEANS 119CI),3,3,2025-2026 Spring,1,WKS,13,10,Thornton 209,Thursday,1:30:00 PM,4:20:00 PM,"Mar 30, 2026","Jun 3, 2026",hs_humanities,9,seminar,ENGLISH-9CI-WKS-01,True
10H,ENGLISH,Introduction to English I: What Women Want in Med/Ren Literature,5,5,2025-2026 Spring,2,DIS,15,5,160-332,Wednesday,4:30:00 PM,5:20:00 PM,"Mar 30, 2026","Jun 3, 2026",hs_humanities,10,seminar,ENGLISH-10H-DIS-02,False
10H,ENGLISH,Introduction to English I: What Women Want in Med/Ren Literature,5,5,2025-2026 Spring,1,LEC,60,19,200-205,"Tuesday,Thursday",10:30:00 AM,11:50:00 AM,"Mar 30, 2026","Jun 3, 2026",hs_humanities,10,intro,ENGLISH-10H-LEC-01,True
10H,ENGLISH,Introduction to English I: What Women Want in Med/Ren Literature,5,5,2025-2026 Spring,5,DIS,15,6,160-330,Thursday,3:30:00 PM,4:20:00 PM,"Mar 30, 2026","Jun 3, 2026",hs_humanities,10,seminar,ENGLISH-10H-DIS-05,False
10H,ENGLISH,Introduction to English I: What Women Want in Med/Ren Literature,5,5,2025-2026 Spring,3,DIS,15,1,160-332,Wednesday,5:30:00 PM,6:20:00 PM,"Mar 30, 2026","Jun 3, 2026",hs_humanities,10,seminar,ENGLISH-10H-DIS-03,False
10H,ENGLISH,Introduction to English I: What Women Want in Med/Ren Literature,5,5,2025-2026 Spring,4,DIS,15,7,160-330,Thursday,2:30:00 PM,3:20:00 PM,"Mar 30, 2026","Jun 3, 2026",hs_humanities,10,seminar,ENGLISH-10H-DIS-04,False
11B,ENGLISH,Introduction to English II: American Literature and Culture to 1855 (AMSTUD 150),5,5,2025-2026 Spring,3,DIS,15,3,460-429,Thursday,12:30:00 PM,1:20:00 PM,"Mar 30, 2026","Jun 3, 2026",hs_humanities,11,seminar,ENGLISH-11B-DIS-03,False
11B,ENGLISH,Introduction to English II: American Literature and Culture to 1855 (AMSTUD 150),5,5,2025-2026 Spring,2,DIS,15,4,160-330,Wednesday,4:30:00 PM,5:20:00 PM,"Mar 30, 2026","Jun 3, 2026",hs_humanities,11,seminar,ENGLISH-11B-DIS-02,False
11B,ENGLISH,Introduction to English II: American Literature and Culture to 1855 (AMSTUD 150),5,5,2025-2026 Spring,4,DIS,15,7,Lathrop 017,Thursday,9:30:00 AM,10:20:00 AM,"Mar 30, 2026","Jun 3, 2026",hs_humanities,11,seminar,ENGLISH-11B-DIS-04,False
11B,ENGLISH,Introduction to English II: American Literature and Culture to 1855 (AMSTUD 150),5,5,2025-2026 Spring,1,LEC,60,18,200-034,"Monday,Wednesday",11:30:00 AM,12:50:00 PM,"Mar 30, 2026","Jun 3, 2026",hs_humanities,11,intro,ENGLISH-11B-LEC-01,True
11B,ENGLISH,Introduction to English II: American Literature and Culture to 1855 (AMSTUD 150),5,5,2025-2026 Spring,5,DIS,15,4,460-301,Thursday,12:30:00 PM,1:20:00 PM,"Mar 30, 2026","Jun 3, 2026",hs_humanities,11,seminar,ENGLISH-11B-DIS-05,False
12F,ENGLISH,"Introduction to English III: Introduction to Asian American Literature: Fantastic Fictions (AMSTUD 126A, ASNAMST 126E)",5,5,2025-2026 Spring,1,LEC,60,22,200-034,"Tuesday,Thursday",1:30:00 PM,2:50:00 PM,"Mar 30, 2026","Jun 3, 2026",hs_humanities,12,intro,ENGLISH-12F-LEC-01,True
12F,ENGLISH,"Introduction to English III: Introduction to Asian American Literature: Fantastic Fictions (AMSTUD 126A, ASNAMST 126E)",5,5,2025-2026 Spring,4,DIS,15,3,460-334,Thursday,10:30:00 AM,11:20:00 AM,"Mar 30, 2026","Jun 3, 2026",hs_humanities,12,seminar,ENGLISH-12F-DIS-04,False
12F,ENGLISH,"Introduction to English III: Introduction to Asian American Literature: Fantastic Fictions (AMSTUD 126A, ASNAMST 126E)",5,5,2025-2026 Spring,3,DIS,15,3,160-315,Wednesday,2:30:00 PM,3:20:00 PM,"Mar 30, 2026","Jun 3, 2026",hs_humanities,12,seminar,ENGLISH-12F-DIS-03,False
12F,ENGLISH,"Introduction to English III: Introduction to Asian American Literature: Fantastic Fictions (AMSTUD 126A, ASNAMST 126E)",5,5,2025-2026 Spring,5,DIS,15,7,200-124,Friday,10:30:00 AM,11:20:00 AM,"Mar 30, 2026","Jun 3, 2026",hs_humanities,12,seminar,ENGLISH-12F-DIS-05,False
12F,ENGLISH,"Introduction to English III: Introduction to Asian American Literature: Fantastic Fictions (AMSTUD 126A, ASNAMST 126E)",5,5,2025-2026 Spring,2,DIS,15,9,Lathrop 017,Wednesday,10:30:00 AM,11:20:00 AM,"Mar 30, 2026","Jun 3, 2026",hs_humanities,12,seminar,ENGLISH-12F-DIS-02,False
30N,ENGLISH,Character,3,3,2025-2026 Spring,1,ISF,16,3,Encina West 202,"Monday,Wednesday",10:30:00 AM,11:50:00 AM,"Mar 30, 2026","Jun 3, 2026",hs_humanities,30,seminar,ENGLISH-30N-ISF-01,True
66,ENGLISH,'A Model Island': Britain in Historical and Cultural Perspective,2,2,2025-2026 Spring,1,SEM,100,42,Departmental Room,Thursday,9:30:00 AM,11:20:00 AM,"Mar 30, 2026","Jun 3, 2026",hs_humanities,66,seminar,ENGLISH-66-SEM-01,True
81,ENGLISH,"Philosophy and Literature (CLASSICS 42, COMPLIT 181, FRENCH 181, GERMAN 181, ILAC 181, ITALIAN 181, PHIL 81, SLAVIC 181)",3,5,2025-2026 Spring,1,LEC,99,6,300-300,"Monday,Wednesday",3:00:00 PM,4:20:00 PM,"Mar 30, 2026","Jun 3, 2026",hs_humanities,81,intro,ENGLISH-81-LEC-01,True
90,ENGLISH,Fiction Writing,5,5,2025-2026 Spring,5,WKS,15,0,Econ 206,"Monday,Wednesday",2:30:00 PM,4:20:00 PM,"Mar 30, 2026","Jun 3, 2026",hs_humanities,90,seminar,ENGLISH-90-WKS-05,True
90,ENGLISH,Fiction Writing,5,5,2025-2026 Spring,4,WKS,15,10,120-59,"Monday,Wednesday",4:30:00 PM,6:20:00 PM,"Mar 30, 2026","Jun 3, 2026",hs_humanities,90,seminar,ENGLISH-90-WKS-04,True
90,ENGLISH,Fiction Writing,5,5,2025-2026 Spring,6,WKS,15,10,Lathrop 017,"Tuesday,Thursday",3:00:00 PM,4:50:00 PM,"Mar 30, 2026","Jun 3, 2026",hs_humanities,90,seminar,ENGLISH-90-WKS-06,True
90,ENGLISH,Fiction Writing,5,5,2025-2026 Spring,2,WKS,15,11,200-219,"Tuesday,Thursday",4:30:00 PM,6:20:00 PM,"Mar 30, 2026","Jun 3, 2026",hs_humanities,90,seminar,ENGLISH-90-WKS-02,True
90,ENGLISH,Fiction Writing,5,5,2025-2026 Spring,3,WKS,15,13,Econ 206,"Monday,Wednesday",12:30:00 PM,2:20:00 PM,"Mar 30, 2026","Jun 3, 2026",hs_humanities,90,seminar,ENGLISH-90-WKS-03,True
90,ENGLISH,Fiction Writing,5,5,2025-2026 Spring,1,WKS,15,9,Encina West 108,"Monday,Wednesday",1:30:00 PM,3:20:00 PM,"Mar 30, 2026","Jun 3, 2026",hs_humanities,90,seminar,ENGLISH-90-WKS-01,True
90,ENGLISH,Fiction Writing,5,5,2025-2026 Spring,7,WKS,15,10,540-103,"Tuesday,Thursday",1:30:00 PM,3:20:00 PM,"Mar 30, 2026","Jun 3, 2026",hs_humanities,90,seminar,ENGLISH-90-WKS-07,True
90A,ENGLISH,The Story of a Story: Asian American Fiction (A Creative Writing Workshop),5,5,2025-2026 Spring,1,WKS,15,4,Encina West 101,"Monday,Wednesday",1:30:00 PM,3:20:00 PM,"Mar 30, 2026","Jun 3, 2026",hs_humanities,90,seminar,ENGLISH-90A-WKS-01,True
90H,ENGLISH,Humor Writing Workshop,5,5,2025-2026 Spring,1,WKS,15,14,Econ 139,"Tuesday,Thursday",11:30:00 AM,1:20:00 PM,"Mar 30, 2026","Jun 3, 2026",hs_humanities,90,seminar,ENGLISH-90H-WKS-01,True
90R,ENGLISH,American Road Trip (AMSTUD 90R),5,5,2025-2026 Spring,1,WKS,15,9,260-003,"Monday,Wednesday",12:30:00 PM,2:20:00 PM,"Mar 30, 2026","Jun 3, 2026",hs_humanities,90,seminar,ENGLISH-90R-WKS-01,True
91,ENGLISH,Creative Nonfiction,5,5,2025-2026 Spring,8,WKS,15,6,Encina Center 464,"Monday,Wednesday",10:30:00 AM,12:20:00 PM,"Mar 30, 2026","Jun 3, 2026",hs_humanities,91,seminar,ENGLISH-91-WKS-08,True
91,ENGLISH,Creative Nonfiction,5,5,2025-2026 Spring,6,WKS,15,5,360-361A,"Tuesday,Thursday",5:30:00 PM,7:20:00 PM,"Mar 30, 2026","Jun 3, 2026",hs_humanities,91,seminar,ENGLISH-91-WKS-06,True
91,ENGLISH,Creative Nonfiction,5,5,2025-2026 Spring,4,WKS,15,6,Encina West 108,"Monday,Wednesday",3:30:00 PM,5:20:00 PM,"Mar 30, 2026","Jun 3, 2026",hs_humanities,91,seminar,ENGLISH-91-WKS-04,True
91,ENGLISH,Creative Nonfiction,5,5,2025-2026 Spring,7,WKS,15,15,Gates100,"Tuesday,Thursday",11:30:00 AM,1:20:00 PM,"Mar 30, 2026","Jun 3, 2026",hs_humanities,91,seminar,ENGLISH-91-WKS-07,True
91,ENGLISH,Creative Nonfiction,5,5,2025-2026 Spring,1,WKS,15,5,110-114,"Monday,Wednesday",4:30:00 PM,6:20:00 PM,"Mar 30, 2026","Jun 3, 2026",hs_humanities,91,seminar,ENGLISH-91-WKS-01,True
91,ENGLISH,Creative Nonfiction,5,5,2025-2026 Spring,3,WKS,15,8,Encina Center 464,"Monday,Wednesday",1:30:00 PM,3:20:00 PM,"Mar 30, 2026","Jun 3, 2026",hs_humanities,91,seminar,ENGLISH-91-WKS-03,True
91,ENGLISH,Creative Nonfiction,5,5,2025-2026 Spring,5,WKS,15,10,Lathrop 290,"Monday,Wednesday",12:30:00 PM,2:20:00 PM,"Mar 30, 2026","Jun 3, 2026",hs_humanities,91,seminar,ENGLISH-91-WKS-05,True
91,ENGLISH,Creative Nonfiction,5,5,2025-2026 Spring,2,WKS,15,15,160-322,"Tuesday,Thursday",3:00:00 PM,4:50:00 PM,"Mar 30, 2026","Jun 3, 2026",hs_humanities,91,seminar,ENGLISH-91-WKS-02,True
92,ENGLISH,Reading and Writing Poetry,5,5,2025-2026 Spring,1,WKS,15,9,Econ 218,"Monday,Wednesday",12:30:00 PM,2:20:00 PM,"Mar 30, 2026","Jun 3, 2026",hs_humanities,92,seminar,ENGLISH-92-WKS-01,True
92,ENGLISH,Reading and Writing Poetry,5,5,2025-2026 Spring,5,WKS,15,12,110-101,Thursday,3:00:00 PM,5:50:00 PM,"Mar 30, 2026","Jun 3, 2026",hs_humanities,92,seminar,ENGLISH-92-WKS-05,True
92,ENGLISH,Reading and Writing Poetry,5,5,2025-2026 Spring,4,WKS,15,16,Encina West 101,"Tuesday,Thursday",3:00:00 PM,4:50:00 PM,"Mar 30, 2026","Jun 3, 2026",hs_humanities,92,seminar,ENGLISH-92-WKS-04,True
92,ENGLISH,Reading and Writing Poetry,5,5,2025-2026 Spring,2,WKS,15,14,240-110,"Tuesday,Thursday",5:30:00 PM,7:20:00 PM,"Mar 30, 2026","Jun 3, 2026",hs_humanities,92,seminar,ENGLISH-92-WKS-02,True
92,ENGLISH,Reading and Writing Poetry,5,5,2025-2026 Spring,3,WKS,15,15,Econ 218,"Monday,Wednesday",10:30:00 AM,12:20:00 PM,"Mar 30, 2026","Jun 3, 2026",hs_humanities,92,seminar,ENGLISH-92-WKS-03,True
93Q,ENGLISH,The American Road Trip (AMSTUD 93Q),3,3,2025-2026 Spring,1,ISS,16,14,100-101K,"Monday,Wednesday",3:00:00 PM,4:20:00 PM,"Mar 30, 2026","Jun 3, 2026",hs_humanities,93,seminar,ENGLISH-93Q-ISS-01,True
124,ENGLISH,"The American West (AMSTUD 124A, ARTHIST 152, HISTORY 151, POLISCI 124A)",5,5,2025-2026 Spring,5,DIS,15,2,160-321,Wednesday,10:30:00 AM,11:20:00 AM,"Mar 30, 2026","Jun 3, 2026",hs_humanities,124,intro,ENGLISH-124-DIS-05,False
124,ENGLISH,"The American West (AMSTUD 124A, ARTHIST 152, HISTORY 151, POLISCI 124A)",5,5,2025-2026 Spring,3,DIS,15,0,200-015,Wednesday,7:30:00 PM,8:20:00 PM,"Mar 30, 2026","Jun 3, 2026",hs_humanities,124,intro,ENGLISH-124-DIS-03,False
124,ENGLISH,"The American West (AMSTUD 124A, ARTHIST 152, HISTORY 151, POLISCI 124A)",5,5,2025-2026 Spring,4,DIS,15,0,160-321,Wednesday,9:30:00 AM,10:20:00 AM,"Mar 30, 2026","Jun 3, 2026",hs_humanities,124,intro,ENGLISH-124-DIS-04,False
124,ENGLISH,"The American West (AMSTUD 124A, ARTHIST 152, HISTORY 151, POLISCI 124A)",5,5,2025-2026 Spring,8,DIS,15,1,160-326,Thursday,1:30:00 PM,2:20:00 PM,"Mar 30, 2026","Jun 3, 2026",hs_humanities,124,intro,ENGLISH-124-DIS-08,False
124,ENGLISH,"The American West (AMSTUD 124A, ARTHIST 152, HISTORY 151, POLISCI 124A)",5,5,2025-2026 Spring,7,DIS,15,0,200-013,Friday,1:30:00 PM,2:20:00 PM,"Mar 30, 2026","Jun 3, 2026",hs_humanities,124,intro,ENGLISH-124-DIS-07,False
124,ENGLISH,"The American West (AMSTUD 124A, ARTHIST 152, HISTORY 151, POLISCI 124A)",5,5,2025-2026 Spring,6,DIS,15,0,200-013,Friday,12:30:00 PM,1:20:00 PM,"Mar 30, 2026","Jun 3, 2026",hs_humanities,124,intro,ENGLISH-124-DIS-06,False
124,ENGLISH,"The American West (AMSTUD 124A, ARTHIST 152, HISTORY 151, POLISCI 124A)",5,5,2025-2026 Spring,2,DIS,15,0,200-015,Wednesday,6:30:00 PM,7:20:00 PM,"Mar 30, 2026","Jun 3, 2026",hs_humanities,124,intro,ENGLISH-124-DIS-02,False
124,ENGLISH,"The American West (AMSTUD 124A, ARTHIST 152, HISTORY 151, POLISCI 124A)",5,5,2025-2026 Spring,1,LEC,105,5,200-002,"Tuesday,Thursday",10:30:00 AM,11:50:00 AM,"Mar 30, 2026","Jun 3, 2026",hs_humanities,124,intro,ENGLISH-124-LEC-01,True
139C,ENGLISH,"American Literature and Social Justice (AMSTUD 139C, ASNAMST 139C, CHILATST 139C, CSRE 139C, FEMGEN 139C)",3,3,2025-2026 Spring,1,SEM,20,6,Lathrop 292,"Tuesday,Thursday",4:30:00 PM,5:50:00 PM,"Mar 30, 2026","Jun 3, 2026",hs_humanities,139,intro,ENGLISH-139C-SEM-01,True
146F,ENGLISH,Fiction Intensive: Crafting a First Book,5,5,2025-2026 Spring,1,SEM,14,15,360-361A,Wednesday,3:00:00 PM,5:50:00 PM,"Mar 30, 2026","Jun 3, 2026",hs_humanities,146,intro,ENGLISH-146F-SEM-01,True
146SH,ENGLISH,A Short History of the Short Story,3,3,2025-2026 Spring,1,SEM,15,9,120-59,Wednesday,11:30:00 AM,2:20:00 PM,"Mar 30, 2026","Jun 3, 2026",hs_humanities,146,intro,ENGLISH-146SH-SEM-01,True
152A,ENGLISH,"American Families (AMSTUD 152, FILMEDIA 152B)",5,5,2025-2026 Spring,1,SEM,16,0,160-314,"Tuesday,Thursday",1:30:00 PM,2:50:00 PM,"Mar 30, 2026","Jun 3, 2026",hs_humanities,152,intro,ENGLISH-152A-SEM-01,True
161,ENGLISH,Narrative and Narrative Theory (COMPLIT 161E),5,5,2025-2026 Spring,3,DIS,15,2,Thornton 208,Friday,11:30:00 AM,12:20:00 PM,"Mar 30, 2026","Jun 3, 2026",hs_humanities,161,intro,ENGLISH-161-DIS-03,False
161,ENGLISH,Narrative and Narrative Theory (COMPLIT 161E),5,5,2025-2026 Spring,1,LEC,45,16,200-305,"Tuesday,Thursday",12:00:00 PM,1:20:00 PM,"Mar 30, 2026","Jun 3, 2026",hs_humanities,161,intro,ENGLISH-161-LEC-01,True
161,ENGLISH,Narrative and Narrative Theory (COMPLIT 161E),5,5,2025-2026 Spring,2,DIS,15,7,Thornton 208,Friday,10:30:00 AM,11:20:00 AM,"Mar 30, 2026","Jun 3, 2026",hs_humanities,161,intro,ENGLISH-161-DIS-02,False
161,ENGLISH,Narrative and Narrative Theory (COMPLIT 161E),5,5,2025-2026 Spring,4,DIS,15,1,Gates100,Friday,1:30:00 PM,2:20:00 PM,"Mar 30, 2026","Jun 3, 2026",hs_humanities,161,intro,ENGLISH-161-DIS-04,False
161,ENGLISH,Narrative and Narrative Theory (COMPLIT 161E),5,5,2025-2026 Spring,5,DIS,15,6,Gates100,Friday,2:30:00 PM,3:20:00 PM,"Mar 30, 2026","Jun 3, 2026",hs_humanities,161,intro,ENGLISH-161-DIS-05,False
168,ENGLISH,Revenge Tragedy,3,5,2025-2026 Spring,1,SEM,15,10,20-21G,"Tuesday,Thursday",1:30:00 PM,2:50:00 PM,"Mar 30, 2026","Jun 3, 2026",hs_humanities,168,intro,ENGLISH-168-SEM-01,True
168,ENGLISH,Revenge Tragedy,3,5,2025-2026 Spring,2,SEM,15,1,20-21G,"Tuesday,Thursday",1:30:00 PM,2:50:00 PM,"Mar 30, 2026","Jun 3, 2026",hs_humanities,168,intro,ENGLISH-168-SEM-02,True
173,ENGLISH,Medieval Dreams and Visions,3,3,2025-2026 Spring,1,SEM,15,13,Lathrop 290,"Tuesday,Thursday",10:30:00 AM,11:50:00 AM,"Mar 30, 2026","Jun 3, 2026",hs_humanities,173,intro,ENGLISH-173-SEM-01,True
177B,ENGLISH,Contemporary American Short Stories (AMSTUD 177B),4,5,2025-2026 Spring,1,SEM,20,14,200-202,Wednesday,4:30:00 PM,7:20:00 PM,"Mar 30, 2026","Jun 3, 2026",hs_humanities,177,intro,ENGLISH-177B-SEM-01,True
178,ENGLISH,"19th-Century Popular Fiction: Austen, Dickens, Stoker",4,4,2025-2026 Spring,1,SEM,15,7,160-317,"Tuesday,Thursday",3:00:00 PM,4:20:00 PM,"Mar 30, 2026","Jun 3, 2026",hs_humanities,178,intro,ENGLISH-178-SEM-01,True
182,ENGLISH,Critical Game Studies: What Video Games Tell Us About Us,3,3,2025-2026 Spring,4,DIS,9,9,Departmental Room,Friday,1:30:00 PM,2:20:00 PM,"Mar 30, 2026","Jun 3, 2026",hs_humanities,182,intro,ENGLISH-182-DIS-04,False
182,ENGLISH,Critical Game Studies: What Video Games Tell Us About Us,3,3,2025-2026 Spring,3,DIS,9,9,Departmental Room,Thursday,5:30:00 PM,6:20:00 PM,"Mar 30, 2026","Jun 3, 2026",hs_humanities,182,intro,ENGLISH-182-DIS-03,False
182,ENGLISH,Critical Game Studies: What Video Games Tell Us About Us,3,3,2025-2026 Spring,2,DIS,9,9,Departmental Room,Thursday,4:30:00 PM,5:20:00 PM,"Mar 30, 2026","Jun 3, 2026",hs_humanities,182,intro,ENGLISH-182-DIS-02,False
182,ENGLISH,Critical Game Studies: What Video Games Tell Us About Us,3,3,2025-2026 Spring,1,LEC,35,33,Littlefield 107,"Tuesday,Thursday",12:00:00 PM,1:20:00 PM,"Mar 30, 2026","Jun 3, 2026",hs_humanities,182,intro,ENGLISH-182-LEC-01,True
182,ENGLISH,Critical Game Studies: What Video Games Tell Us About Us,3,3,2025-2026 Spring,5,DIS,9,6,Departmental Room,Friday,2:30:00 PM,3:20:00 PM,"Mar 30, 2026","Jun 3, 2026",hs_humanities,182,intro,ENGLISH-182-DIS-05,False
182B,ENGLISH,Abdulrazak Gurnah: Between East Africa and the Indian Ocean World (AFRICAAM 182),3,4,2025-2026 Spring,1,SEM,20,0,,,,,,,hs_humanities,182,intro,ENGLISH-182B-SEM-01,True
184F,ENGLISH,Literary Text Mining 2: Studies in Cultural Analytics,5,5,2025-2026 Spring,1,SEM,15,7,Lathrop 294,"Monday,Wednesday",3:00:00 PM,4:20:00 PM,"Mar 30, 2026","Jun 3, 2026",hs_humanities,184,intro,ENGLISH-184F-SEM-01,True
190,ENGLISH,Intermediate Fiction Writing,5,5,2025-2026 Spring,1,WKS,15,12,460-429,"Tuesday,Thursday",6:00:00 PM,7:50:00 PM,"Mar 30, 2026","Jun 3, 2026",hs_humanities,190,intro,ENGLISH-190-WKS-01,True
190,ENGLISH,Intermediate Fiction Writing,5,5,2025-2026 Spring,2,WKS,15,5,110-101,"Monday,Wednesday",4:30:00 PM,6:20:00 PM,"Mar 30, 2026","Jun 3, 2026",hs_humanities,190,intro,ENGLISH-190-WKS-02,True
190SW,ENGLISH,Screenwriting Intensive,5,5,2025-2026 Spring,1,WKS,12,7,Lathrop 015,Tuesday,1:30:00 PM,4:20:00 PM,"Mar 30, 2026","Jun 3, 2026",hs_humanities,190,intro,ENGLISH-190SW-WKS-01,True
191,ENGLISH,Intermediate Creative Nonfiction,5,5,2025-2026 Spring,1,WKS,15,5,120-59,"Monday,Wednesday",2:30:00 PM,4:20:00 PM,"Mar 30, 2026","Jun 3, 2026",hs_humanities,191,intro,ENGLISH-191-WKS-01,True
191DC,ENGLISH,DCI Intermediate Memoir Workshop,5,5,2025-2026 Spring,1,WKS,15,11,260-003,Tuesday,1:30:00 PM,4:20:00 PM,"Mar 30, 2026","Jun 3, 2026",hs_humanities,191,intro,ENGLISH-191DC-WKS-01,True
192V,ENGLISH,Writing Poetry in the Age of the Moving Picture,5,5,2025-2026 Spring,1,WKS,12,5,240-110,Monday,3:00:00 PM,5:50:00 PM,"Mar 30, 2026","Jun 3, 2026",hs_humanities,192,intro,ENGLISH-192V-WKS-01,True
215E,ENGLISH,"Shakespeare and His Contexts: Race, Religion, Sexuality, Gender (FEMGEN 215E)",5,5,2025-2026 Spring,1,SEM,15,0,,,,,,,hs_humanities,215,mid,ENGLISH-215E-SEM-01,True
223,ENGLISH,"How Do We Get Out of Here? Global Ecocide (EARTHSYS 223E, FEMGEN 223E)",3,5,2025-2026 Spring,1,SEM,15,1,Green Earth Sciences131,Monday,3:00:00 PM,5:50:00 PM,"Mar 30, 2026","Jun 3, 2026",hs_humanities,223,mid,ENGLISH-223-SEM-01,True
239,ENGLISH,Henry James (AMSTUD 239),3,3,2025-2026 Spring,1,SEM,15,10,160-317,"Tuesday,Thursday",1:30:00 PM,2:50:00 PM,"Mar 30, 2026","Jun 3, 2026",hs_humanities,239,mid,ENGLISH-239-SEM-01,True
248,ENGLISH,"Sylvia Wynter: Being Human (AFRICAAM 249C, ENGLISH 348)",3,5,2025-2026 Spring,1,SEM,15,1,Gates100,Wednesday,1:30:00 PM,4:20:00 PM,"Mar 30, 2026","Jun 3, 2026",hs_humanities,248,mid,ENGLISH-248-SEM-01,True
272,ENGLISH,"Tristan and Isolde (COMPLIT 272, COMPLIT 372, ENGLISH 372, GERMAN 272, GERMAN 372)",3,5,2025-2026 Spring,1,SEM,16,0,200-124,Friday,1:30:00 PM,4:20:00 PM,"Mar 30, 2026","Jun 3, 2026",hs_humanities,272,mid,ENGLISH-272-SEM-01,True
279A,ENGLISH,"Literature and the Practice of Freedom (COMPLIT 279, COMPLIT 379, ENGLISH 379A, GERMAN 279, GERMAN 379)",3,5,2025-2026 Spring,1,SEM,16,3,160-125,Friday,3:00:00 PM,5:50:00 PM,"Mar 30, 2026","Jun 3, 2026",hs_humanities,279,mid,ENGLISH-279A-SEM-01,True
287,ENGLISH,"Moving the Message: Reading and Embodying the Works of Audre Lorde (AFRICAAM 201, CSRE 125, DANCE 122, FEMGEN 201)",2,2,2025-2026 Spring,1,LEC,30,0,,,,,,,hs_humanities,287,mid,ENGLISH-287-LEC-01,True
290,ENGLISH,Advanced Fiction Writing,5,5,2025-2026 Spring,1,WKS,14,9,Lathrop 292,Wednesday,11:30:00 AM,2:20:00 PM,"Mar 30, 2026","Jun 3, 2026",hs_humanities,290,mid,ENGLISH-290-WKS-01,True
291,ENGLISH,Advanced Creative Nonfiction,5,5,2025-2026 Spring,1,WKS,15,11,Econ 139,"Tuesday,Thursday",9:30:00 AM,11:20:00 AM,"Mar 30, 2026","Jun 3, 2026",hs_humanities,291,mid,ENGLISH-291-WKS-01,True
292,ENGLISH,Advanced Poetry Writing,5,5,2025-2026 Spring,1,WKS,10,4,200-015,Tuesday,1:30:00 PM,4:20:00 PM,"Mar 30, 2026","Jun 3, 2026",hs_humanities,292,mid,ENGLISH-292-WKS-01,True
293,ENGLISH,"Literary Translation: Theory and Practice (COMPLIT 293, DLCL 293)",4,4,2025-2026 Spring,1,WKS,10,1,540-103,"Monday,Wednesday",1:30:00 PM,2:50:00 PM,"Mar 30, 2026","Jun 3, 2026",hs_humanities,293,mid,ENGLISH-293-WKS-01,True
329,ENGLISH,Description Before the Novel,5,5,2025-2026 Spring,1,SEM,15,14,460-429,Tuesday,3:00:00 PM,5:50:00 PM,"Mar 30, 2026","Jun 3, 2026",hs_humanities,329,advanced,ENGLISH-329-SEM-01,True
335,ENGLISH,Bilingual Loyalties,5,5,2025-2026 Spring,1,SEM,15,3,200-219,Wednesday,10:30:00 AM,1:20:00 PM,"Mar 30, 2026","Jun 3, 2026",hs_humanities,335,advanced,ENGLISH-335-SEM-01,True
345,ENGLISH,Practices of Early Modern Writing,5,5,2025-2026 Spring,1,SEM,15,11,160-326,Thursday,4:30:00 PM,7:20:00 PM,"Mar 30, 2026","Jun 3, 2026",hs_humanities,345,advanced,ENGLISH-345-SEM-01,True
348,ENGLISH,"Sylvia Wynter: Being Human (AFRICAAM 249C, ENGLISH 248)",3,5,2025-2026 Spring,1,SEM,15,6,Gates100,Wednesday,1:30:00 PM,4:20:00 PM,"Mar 30, 2026","Jun 3, 2026",hs_humanities,348,advanced,ENGLISH-348-SEM-01,True
364,ENGLISH,"Virginia Woolf: Modernist, Maker, Media",5,5,2025-2026 Spring,1,SEM,15,0,,,,,,,hs_humanities,364,advanced,ENGLISH-364-SEM-01,True
372,ENGLISH,"Tristan and Isolde (COMPLIT 272, COMPLIT 372, ENGLISH 272, GERMAN 272, GERMAN 372)",3,5,2025-2026 Spring,1,SEM,16,3,200-124,Friday,1:30:00 PM,4:20:00 PM,"Mar 30, 2026","Jun 3, 2026",hs_humanities,372,advanced,ENGLISH-372-SEM-01,True
379A,ENGLISH,"Literature and the Practice of Freedom (COMPLIT 279, COMPLIT 379, ENGLISH 279A, GERMAN 279, GERMAN 379)",3,5,2025-2026 Spring,1,SEM,16,2,160-125,Friday,3:00:00 PM,5:50:00 PM,"Mar 30, 2026","Jun 3, 2026",hs_humanities,379,advanced,ENGLISH-379A-SEM-01,True
390,ENGLISH,Graduate Fiction Workshop,3,3,2025-2026 Spring,1,WKS,10,9,Departmental Room,Wednesday,3:00:00 PM,5:50:00 PM,"Mar 30, 2026","Jun 3, 2026",hs_humanities,390,advanced,ENGLISH-390-WKS-01,True
392,ENGLISH,Graduate Poetry Workshop,3,3,2025-2026 Spring,1,WKS,10,10,Departmental Room,Wednesday,3:00:00 PM,5:50:00 PM,"Mar 30, 2026","Jun 3, 2026",hs_humanities,392,advanced,ENGLISH-392-WKS-01,True
398L,ENGLISH,Literary Lab (COMPLIT 398L),2,5,2025-2026 Spring,1,WKS,30,1,,,,,"Mar 30, 2026","Jun 3, 2026",hs_humanities,398,advanced,ENGLISH-398L-WKS-01,True
398W,ENGLISH,"Orals, Publication and Dissertation Workshop",1,1,2025-2026 Spring,2,WKS,30,5,,,,,"Mar 30, 2026","Jun 3, 2026",hs_humanities,398,advanced,ENGLISH-398W-WKS-02,True
398W,ENGLISH,"Orals, Publication and Dissertation Workshop",1,1,2025-2026 Spring,1,WKS,30,5,,,,,"Mar 30, 2026","Jun 3, 2026",hs_humanities,398,advanced,ENGLISH-398W-WKS-01,True
1C,HISTORY,Global History :  The Modern Age,3,5,2025-2026 Spring,3,DIS,20,18,160-328,Friday,10:30:00 AM,11:20:00 AM,"Mar 30, 2026","Jun 3, 2026",hs_humanities,1,seminar,HISTORY-1C-DIS-03,False
1C,HISTORY,Global History :  The Modern Age,3,5,2025-2026 Spring,5,DIS,20,6,200-013,Friday,4:30:00 PM,5:20:00 PM,"Mar 30, 2026","Jun 3, 2026",hs_humanities,1,seminar,HISTORY-1C-DIS-05,False
1C,HISTORY,Global History :  The Modern Age,3,5,2025-2026 Spring,4,DIS,20,20,160-318,Wednesday,3:30:00 PM,4:20:00 PM,"Mar 30, 2026","Jun 3, 2026",hs_humanities,1,seminar,HISTORY-1C-DIS-04,False
1C,HISTORY,Global History :  The Modern Age,3,5,2025-2026 Spring,1,LEC,63,63,200-030,"Monday,Wednesday",1:30:00 PM,2:50:00 PM,"Mar 30, 2026","Jun 3, 2026",hs_humanities,1,intro,HISTORY-1C-LEC-01,True
1C,HISTORY,Global History :  The Modern Age,3,5,2025-2026 Spring,2,DIS,20,17,160-328,Thursday,10:30:00 AM,11:20:00 AM,"Mar 30, 2026","Jun 3, 2026",hs_humanities,1,seminar,HISTORY-1C-DIS-02,False
5N,HISTORY,The Global Refugee Crisis,3,3,2025-2026 Spring,1,ISF,16,16,200-219,"Tuesday,Thursday",1:30:00 PM,2:50:00 PM,"Mar 30, 2026","Jun 3, 2026",hs_humanities,5,seminar,HISTORY-5N-ISF-01,True
10B,HISTORY,Renaissance to Revolution: Early Modern Europe,3,3,2025-2026 Spring,3,DIS,20,1,200-013,Tuesday,3:30:00 PM,4:20:00 PM,"Mar 30, 2026","Jun 3, 2026",hs_humanities,10,seminar,HISTORY-10B-DIS-03,False
10B,HISTORY,Renaissance to Revolution: Early Modern Europe,3,3,2025-2026 Spring,2,DIS,20,0,200-105,Tuesday,5:00:00 PM,5:50:00 PM,"Mar 30, 2026","Jun 3, 2026",hs_humanities,10,seminar,HISTORY-10B-DIS-02,False
10B,HISTORY,Renaissance to Revolution: Early Modern Europe,3,3,2025-2026 Spring,1,LEC,40,1,200-303,"Monday,Wednesday",10:30:00 AM,11:50:00 AM,"Mar 30, 2026","Jun 3, 2026",hs_humanities,10,intro,HISTORY-10B-LEC-01,True
16,HISTORY,Traders and Crusaders in the Medieval Mediterranean (HISTORY 116),3,5,2025-2026 Spring,4,DIS,20,2,240-110,Thursday,3:30:00 PM,4:20:00 PM,"Mar 30, 2026","Jun 3, 2026",hs_humanities,16,seminar,HISTORY-16-DIS-04,False
16,HISTORY,Traders and Crusaders in the Medieval Mediterranean (HISTORY 116),3,5,2025-2026 Spring,5,DIS,20,5,240-110,Thursday,4:30:00 PM,5:20:00 PM,"Mar 30, 2026","Jun 3, 2026",hs_humanities,16,seminar,HISTORY-16-DIS-05,False
16,HISTORY,Traders and Crusaders in the Medieval Mediterranean (HISTORY 116),3,5,2025-2026 Spring,3,DIS,20,6,200-015,Thursday,7:30:00 PM,8:20:00 PM,"Mar 30, 2026","Jun 3, 2026",hs_humanities,16,seminar,HISTORY-16-DIS-03,False
16,HISTORY,Traders and Crusaders in the Medieval Mediterranean (HISTORY 116),3,5,2025-2026 Spring,2,DIS,20,6,250-108,Thursday,3:30:00 PM,4:20:00 PM,"Mar 30, 2026","Jun 3, 2026",hs_humanities,16,seminar,HISTORY-16-DIS-02,False
16,HISTORY,Traders and Crusaders in the Medieval Mediterranean (HISTORY 116),3,5,2025-2026 Spring,1,LEC,50,20,200-303,"Tuesday,Thursday",10:30:00 AM,11:50:00 AM,"Mar 30, 2026","Jun 3, 2026",hs_humanities,16,intro,HISTORY-16-LEC-01,True
25,HISTORY,"America at 250 (AMSTUD 25, HISTORY 250)",1,1,2025-2026 Spring,1,LEC,400,36,Cemex Auditorium,Tuesday,3:00:00 PM,4:20:00 PM,"Mar 30, 2026","Jun 3, 2026",hs_humanities,25,intro,HISTORY-25-LEC-01,True
37D,HISTORY,"Germany's Wars and the World, 1848-2010 (HISTORY 137D)",3,5,2025-2026 Spring,2,DIS,20,6,160-326,Tuesday,3:30:00 PM,4:20:00 PM,"Mar 30, 2026","Jun 3, 2026",hs_humanities,37,seminar,HISTORY-37D-DIS-02,False
37D,HISTORY,"Germany's Wars and the World, 1848-2010 (HISTORY 137D)",3,5,2025-2026 Spring,1,LEC,50,9,200-303,"Monday,Wednesday",1:30:00 PM,2:50:00 PM,"Mar 30, 2026","Jun 3, 2026",hs_humanities,37,intro,HISTORY-37D-LEC-01,True
37D,HISTORY,"Germany's Wars and the World, 1848-2010 (HISTORY 137D)",3,5,2025-2026 Spring,3,DIS,20,3,200-013,Thursday,3:30:00 PM,4:20:00 PM,"Mar 30, 2026","Jun 3, 2026",hs_humanities,37,seminar,HISTORY-37D-DIS-03,False
40,HISTORY,World History of Science: From Prehistory through the Scientific Revolution,3,3,2025-2026 Spring,3,DIS,20,2,200-217,Wednesday,4:30:00 PM,5:20:00 PM,"Mar 30, 2026","Jun 3, 2026",hs_humanities,40,seminar,HISTORY-40-DIS-03,False
40,HISTORY,World History of Science: From Prehistory through the Scientific Revolution,3,3,2025-2026 Spring,1,LEC,50,4,200-303,"Monday,Wednesday",9:00:00 AM,10:20:00 AM,"Mar 30, 2026","Jun 3, 2026",hs_humanities,40,intro,HISTORY-40-LEC-01,True
40,HISTORY,World History of Science: From Prehistory through the Scientific Revolution,3,3,2025-2026 Spring,2,DIS,20,2,200-202,Friday,9:30:00 AM,10:20:00 AM,"Mar 30, 2026","Jun 3, 2026",hs_humanities,40,seminar,HISTORY-40-DIS-02,False
50C,HISTORY,The United States in the Twentieth Century (AFRICAAM 50C),3,3,2025-2026 Spring,7,DIS,20,0,200-201,Friday,9:30:00 AM,10:20:00 AM,"Mar 30, 2026","Jun 3, 2026",hs_humanities,50,seminar,HISTORY-50C-DIS-07,False
50C,HISTORY,The United States in the Twentieth Century (AFRICAAM 50C),3,3,2025-2026 Spring,6,DIS,20,4,200-201,Thursday,4:30:00 PM,5:20:00 PM,"Mar 30, 2026","Jun 3, 2026",hs_humanities,50,seminar,HISTORY-50C-DIS-06,False
50C,HISTORY,The United States in the Twentieth Century (AFRICAAM 50C),3,3,2025-2026 Spring,3,DIS,20,2,200-105,Friday,1:30:00 PM,2:20:00 PM,"Mar 30, 2026","Jun 3, 2026",hs_humanities,50,seminar,HISTORY-50C-DIS-03,False
50C,HISTORY,The United States in the Twentieth Century (AFRICAAM 50C),3,3,2025-2026 Spring,4,DIS,20,1,200-013,Thursday,6:30:00 PM,7:20:00 PM,"Mar 30, 2026","Jun 3, 2026",hs_humanities,50,seminar,HISTORY-50C-DIS-04,False
50C,HISTORY,The United States in the Twentieth Century (AFRICAAM 50C),3,3,2025-2026 Spring,2,DIS,20,3,200-105,Thursday,4:30:00 PM,5:20:00 PM,"Mar 30, 2026","Jun 3, 2026",hs_humanities,50,seminar,HISTORY-50C-DIS-02,False
50C,HISTORY,The United States in the Twentieth Century (AFRICAAM 50C),3,3,2025-2026 Spring,1,LEC,80,12,260-113,"Tuesday,Thursday",1:30:00 PM,2:50:00 PM,"Mar 30, 2026","Jun 3, 2026",hs_humanities,50,intro,HISTORY-50C-LEC-01,True
50C,HISTORY,The United States in the Twentieth Century (AFRICAAM 50C),3,3,2025-2026 Spring,5,DIS,20,2,200-219,Friday,10:30:00 AM,11:20:00 AM,"Mar 30, 2026","Jun 3, 2026",hs_humanities,50,seminar,HISTORY-50C-DIS-05,False
54N,HISTORY,"The Inner Lives of Black Women (AFRICAAM 54N, AMSTUD 54N, CSRE 54N, FEMGEN 54N)",3,3,2025-2026 Spring,1,ISF,16,4,200-202,"Monday,Wednesday",1:30:00 PM,2:50:00 PM,"Mar 30, 2026","Jun 3, 2026",hs_humanities,54,seminar,HISTORY-54N-ISF-01,True
58,HISTORY,"The Rise and Fall of American Slavery (AMSTUD 58, AMSTUD 158, HISTORY 158)",3,5,2025-2026 Spring,3,DIS,20,1,200-217,Friday,10:30:00 AM,11:20:00 AM,"Mar 30, 2026","Jun 3, 2026",hs_humanities,58,seminar,HISTORY-58-DIS-03,False
58,HISTORY,"The Rise and Fall of American Slavery (AMSTUD 58, AMSTUD 158, HISTORY 158)",3,5,2025-2026 Spring,1,LEC,50,5,200-030,"Tuesday,Thursday",12:00:00 PM,1:20:00 PM,"Mar 30, 2026","Jun 3, 2026",hs_humanities,58,intro,HISTORY-58-LEC-01,True
58,HISTORY,"The Rise and Fall of American Slavery (AMSTUD 58, AMSTUD 158, HISTORY 158)",3,5,2025-2026 Spring,2,DIS,20,3,200-013,Thursday,4:30:00 PM,5:20:00 PM,"Mar 30, 2026","Jun 3, 2026",hs_humanities,58,seminar,HISTORY-58-DIS-02,False
58E,HISTORY,"Stanford and Its Worlds: 1885-present (AMSTUD 147, EDUC 147)",3,3,2025-2026 Spring,1,LEC,40,4,BARNUM 002A,"Monday,Wednesday",9:30:00 AM,11:20:00 AM,"Mar 30, 2026","Jun 3, 2026",hs_humanities,58,intro,HISTORY-58E-LEC-01,True
73,HISTORY,"Mexican Migration to the United States (AMSTUD 73, AMSTUD 173, CHILATST 73, CHILATST 173, HISTORY 173)",3,5,2025-2026 Spring,2,DIS,20,0,160-325,Thursday,3:30:00 PM,4:20:00 PM,"Mar 30, 2026","Jun 3, 2026",hs_humanities,73,seminar,HISTORY-73-DIS-02,False
73,HISTORY,"Mexican Migration to the United States (AMSTUD 73, AMSTUD 173, CHILATST 73, CHILATST 173, HISTORY 173)",3,5,2025-2026 Spring,3,DIS,20,0,160-319,Thursday,4:30:00 PM,5:20:00 PM,"Mar 30, 2026","Jun 3, 2026",hs_humanities,73,seminar,HISTORY-73-DIS-03,False
73,HISTORY,"Mexican Migration to the United States (AMSTUD 73, AMSTUD 173, CHILATST 73, CHILATST 173, HISTORY 173)",3,5,2025-2026 Spring,1,LEC,50,0,200-305,Wednesday,11:30:00 AM,2:20:00 PM,"Mar 30, 2026","Jun 3, 2026",hs_humanities,73,intro,HISTORY-73-LEC-01,True
74N,HISTORY,Film and History of Artificial Intelligence in the United States and Latin America (AMSTUD 74N),3,3,2025-2026 Spring,1,ISF,16,7,200-202,Tuesday,3:00:00 PM,5:50:00 PM,"Mar 30, 2026","Jun 3, 2026",hs_humanities,74,seminar,HISTORY-74N-ISF-01,True
75S,HISTORY,The World in a City: How Mexico City Remade the World and the World Remade Mexico City,5,5,2025-2026 Spring,1,SEM,15,5,200-202,"Monday,Wednesday",3:00:00 PM,4:20:00 PM,"Mar 30, 2026","Jun 3, 2026",hs_humanities,75,seminar,HISTORY-75S-SEM-01,True
79C,HISTORY,"History and Ethics of the Global Climate Crisis (EARTHSYS 79C, EARTHSYS 179C, HISTORY 179C)",3,5,2025-2026 Spring,3,DIS,20,0,,,,,,,hs_humanities,79,seminar,HISTORY-79C-DIS-03,False
79C,HISTORY,"History and Ethics of the Global Climate Crisis (EARTHSYS 79C, EARTHSYS 179C, HISTORY 179C)",3,5,2025-2026 Spring,2,DIS,20,8,,,,,,,hs_humanities,79,seminar,HISTORY-79C-DIS-02,False
79C,HISTORY,"History and Ethics of the Global Climate Crisis (EARTHSYS 79C, EARTHSYS 179C, HISTORY 179C)",3,5,2025-2026 Spring,1,LEC,70,10,200-205,"Tuesday,Thursday",12:00:00 PM,1:20:00 PM,"Mar 30, 2026","Jun 3, 2026",hs_humanities,79,intro,HISTORY-79C-LEC-01,True
81B,HISTORY,Making the Modern Middle East,3,3,2025-2026 Spring,1,LEC,30,14,200-303,"Tuesday,Thursday",9:00:00 AM,10:20:00 AM,"Mar 30, 2026","Jun 3, 2026",hs_humanities,81,intro,HISTORY-81B-LEC-01,True
85B,HISTORY,"Jews in the Contemporary World (JEWISHST 85B, REES 85B)",3,3,2025-2026 Spring,3,DIS,20,0,,,,,,,hs_humanities,85,seminar,HISTORY-85B-DIS-03,False
85B,HISTORY,"Jews in the Contemporary World (JEWISHST 85B, REES 85B)",3,3,2025-2026 Spring,1,LEC,50,6,200-030,"Tuesday,Thursday",10:30:00 AM,11:50:00 AM,"Mar 30, 2026","Jun 3, 2026",hs_humanities,85,intro,HISTORY-85B-LEC-01,True
85B,HISTORY,"Jews in the Contemporary World (JEWISHST 85B, REES 85B)",3,3,2025-2026 Spring,2,DIS,20,4,160-323,Thursday,3:30:00 PM,4:20:00 PM,"Mar 30, 2026","Jun 3, 2026",hs_humanities,85,seminar,HISTORY-85B-DIS-02,False
86Q,HISTORY,Blood and Money: The Origins of Antisemitism (JEWISHST 86Q),5,5,2025-2026 Spring,1,ISS,14,15,200-202,"Tuesday,Thursday",1:30:00 PM,2:50:00 PM,"Mar 30, 2026","Jun 3, 2026",hs_humanities,86,seminar,HISTORY-86Q-ISS-01,True
95C,HISTORY,Modern Japanese History: From Samurai to Pokemon,3,5,2025-2026 Spring,2,DIS,20,5,200-015,Wednesday,3:30:00 PM,4:20:00 PM,"Mar 30, 2026","Jun 3, 2026",hs_humanities,95,seminar,HISTORY-95C-DIS-02,False
95C,HISTORY,Modern Japanese History: From Samurai to Pokemon,3,5,2025-2026 Spring,1,LEC,40,8,200-030,"Monday,Wednesday",10:30:00 AM,11:50:00 AM,"Mar 30, 2026","Jun 3, 2026",hs_humanities,95,intro,HISTORY-95C-LEC-01,True
95C,HISTORY,Modern Japanese History: From Samurai to Pokemon,3,5,2025-2026 Spring,3,DIS,20,2,200-015,Thursday,9:30:00 AM,10:20:00 AM,"Mar 30, 2026","Jun 3, 2026",hs_humanities,95,seminar,HISTORY-95C-DIS-03,False
95N,HISTORY,Maps in the Modern World,4,5,2025-2026 Spring,1,ISF,16,4,200-217,"Monday,Wednesday",10:30:00 AM,11:50:00 AM,"Mar 30, 2026","Jun 3, 2026",hs_humanities,95,seminar,HISTORY-95N-ISF-01,True
102A,HISTORY,The Romans (CLASSICS 84),3,5,2025-2026 Spring,1,LEC,50,12,380-380F,"Monday,Wednesday",12:30:00 PM,1:20:00 PM,"Mar 30, 2026","Jun 3, 2026",hs_humanities,102,intro,HISTORY-102A-LEC-01,True
102A,HISTORY,The Romans (CLASSICS 84),3,5,2025-2026 Spring,3,DIS,15,0,ANKO 107,Friday,1:30:00 PM,2:20:00 PM,"Mar 30, 2026","Jun 3, 2026",hs_humanities,102,intro,HISTORY-102A-DIS-03,False
102A,HISTORY,The Romans (CLASSICS 84),3,5,2025-2026 Spring,4,DIS,15,4,ANKO 033,Friday,9:30:00 AM,10:20:00 AM,"Mar 30, 2026","Jun 3, 2026",hs_humanities,102,intro,HISTORY-102A-DIS-04,False
102A,HISTORY,The Romans (CLASSICS 84),3,5,2025-2026 Spring,5,DIS,15,8,Lathrop 015,Friday,1:30:00 PM,2:20:00 PM,"Mar 30, 2026","Jun 3, 2026",hs_humanities,102,intro,HISTORY-102A-DIS-05,False
107,HISTORY,"Introduction to Urban Studies (SOC 100, URBANST 110)",4,4,2025-2026 Spring,1,LEC,80,2,380-380Y,"Tuesday,Thursday",3:00:00 PM,4:20:00 PM,"Mar 30, 2026","Jun 3, 2026",hs_humanities,107,intro,HISTORY-107-LEC-01,True
110B,HISTORY,Renaissance to Revolution: Early Modern Europe,5,5,2025-2026 Spring,3,DIS,20,0,200-013,Tuesday,3:30:00 PM,4:20:00 PM,"Mar 30, 2026","Jun 3, 2026",hs_humanities,110,intro,HISTORY-110B-DIS-03,False
110B,HISTORY,Renaissance to Revolution: Early Modern Europe,5,5,2025-2026 Spring,1,LEC,40,1,200-303,"Monday,Wednesday",10:30:00 AM,11:50:00 AM,"Mar 30, 2026","Jun 3, 2026",hs_humanities,110,intro,HISTORY-110B-LEC-01,True
110B,HISTORY,Renaissance to Revolution: Early Modern Europe,5,5,2025-2026 Spring,2,DIS,20,0,200-105,Tuesday,5:00:00 PM,5:50:00 PM,"Mar 30, 2026","Jun 3, 2026",hs_humanities,110,intro,HISTORY-110B-DIS-02,False
111B,HISTORY,"Exploring the New Testament (CLASSICS 43, JEWISHST 86, RELIGST 86)",4,4,2025-2026 Spring,1,LEC,92,7,Lathrop 018,"Tuesday,Thursday",10:30:00 AM,11:50:00 AM,"Mar 30, 2026","Jun 3, 2026",hs_humanities,111,intro,HISTORY-111B-LEC-01,True
116,HISTORY,Traders and Crusaders in the Medieval Mediterranean (HISTORY 16),3,5,2025-2026 Spring,4,DIS,20,2,240-110,Thursday,3:30:00 PM,4:20:00 PM,"Mar 30, 2026","Jun 3, 2026",hs_humanities,116,intro,HISTORY-116-DIS-04,False
116,HISTORY,Traders and Crusaders in the Medieval Mediterranean (HISTORY 16),3,5,2025-2026 Spring,2,DIS,20,9,250-108,Thursday,3:30:00 PM,4:20:00 PM,"Mar 30, 2026","Jun 3, 2026",hs_humanities,116,intro,HISTORY-116-DIS-02,False
116,HISTORY,Traders and Crusaders in the Medieval Mediterranean (HISTORY 16),3,5,2025-2026 Spring,3,DIS,20,3,200-015,Thursday,7:30:00 PM,8:20:00 PM,"Mar 30, 2026","Jun 3, 2026",hs_humanities,116,intro,HISTORY-116-DIS-03,False
116,HISTORY,Traders and Crusaders in the Medieval Mediterranean (HISTORY 16),3,5,2025-2026 Spring,5,DIS,20,4,240-110,Thursday,4:30:00 PM,5:20:00 PM,"Mar 30, 2026","Jun 3, 2026",hs_humanities,116,intro,HISTORY-116-DIS-05,False
116,HISTORY,Traders and Crusaders in the Medieval Mediterranean (HISTORY 16),3,5,2025-2026 Spring,1,LEC,50,18,200-303,"Tuesday,Thursday",10:30:00 AM,11:50:00 AM,"Mar 30, 2026","Jun 3, 2026",hs_humanities,116,intro,HISTORY-116-LEC-01,True
137D,HISTORY,"Germany's Wars and the World, 1848-2010 (HISTORY 37D)",3,5,2025-2026 Spring,3,DIS,20,3,200-013,Thursday,3:30:00 PM,4:20:00 PM,"Mar 30, 2026","Jun 3, 2026",hs_humanities,137,intro,HISTORY-137D-DIS-03,False
137D,HISTORY,"Germany's Wars and the World, 1848-2010 (HISTORY 37D)",3,5,2025-2026 Spring,1,LEC,50,5,200-303,"Monday,Wednesday",1:30:00 PM,2:50:00 PM,"Mar 30, 2026","Jun 3, 2026",hs_humanities,137,intro,HISTORY-137D-LEC-01,True
137D,HISTORY,"Germany's Wars and the World, 1848-2010 (HISTORY 37D)",3,5,2025-2026 Spring,2,DIS,20,2,160-326,Tuesday,3:30:00 PM,4:20:00 PM,"Mar 30, 2026","Jun 3, 2026",hs_humanities,137,intro,HISTORY-137D-DIS-02,False
140,HISTORY,World History of Science: From Prehistory through the Scientific Revolution,5,5,2025-2026 Spring,3,DIS,20,5,200-217,Wednesday,4:30:00 PM,5:20:00 PM,"Mar 30, 2026","Jun 3, 2026",hs_humanities,140,intro,HISTORY-140-DIS-03,False
140,HISTORY,World History of Science: From Prehistory through the Scientific Revolution,5,5,2025-2026 Spring,1,LEC,50,19,200-303,"Monday,Wednesday",9:00:00 AM,10:20:00 AM,"Mar 30, 2026","Jun 3, 2026",hs_humanities,140,intro,HISTORY-140-LEC-01,True
140,HISTORY,World History of Science: From Prehistory through the Scientific Revolution,5,5,2025-2026 Spring,2,DIS,20,14,200-202,Friday,9:30:00 AM,10:20:00 AM,"Mar 30, 2026","Jun 3, 2026",hs_humanities,140,intro,HISTORY-140-DIS-02,False
146,HISTORY,History of North Africa,5,5,2025-2026 Spring,1,LEC,30,4,200-032,"Tuesday,Thursday",4:30:00 PM,5:50:00 PM,"Mar 30, 2026","Jun 3, 2026",hs_humanities,146,intro,HISTORY-146-LEC-01,True
150C,HISTORY,"The United States in the Twentieth Century (AFRICAAM 150C, AMSTUD 150C)",5,5,2025-2026 Spring,7,DIS,20,0,200-201,Friday,9:30:00 AM,10:20:00 AM,"Mar 30, 2026","Jun 3, 2026",hs_humanities,150,intro,HISTORY-150C-DIS-07,False
150C,HISTORY,"The United States in the Twentieth Century (AFRICAAM 150C, AMSTUD 150C)",5,5,2025-2026 Spring,6,DIS,20,1,200-201,Thursday,4:30:00 PM,5:20:00 PM,"Mar 30, 2026","Jun 3, 2026",hs_humanities,150,intro,HISTORY-150C-DIS-06,False
150C,HISTORY,"The United States in the Twentieth Century (AFRICAAM 150C, AMSTUD 150C)",5,5,2025-2026 Spring,2,DIS,20,6,200-105,Thursday,4:30:00 PM,5:20:00 PM,"Mar 30, 2026","Jun 3, 2026",hs_humanities,150,intro,HISTORY-150C-DIS-02,False
150C,HISTORY,"The United States in the Twentieth Century (AFRICAAM 150C, AMSTUD 150C)",5,5,2025-2026 Spring,3,DIS,20,10,200-105,Friday,1:30:00 PM,2:20:00 PM,"Mar 30, 2026","Jun 3, 2026",hs_humanities,150,intro,HISTORY-150C-DIS-03,False
150C,HISTORY,"The United States in the Twentieth Century (AFRICAAM 150C, AMSTUD 150C)",5,5,2025-2026 Spring,4,DIS,20,14,200-013,Thursday,6:30:00 PM,7:20:00 PM,"Mar 30, 2026","Jun 3, 2026",hs_humanities,150,intro,HISTORY-150C-DIS-04,False
150C,HISTORY,"The United States in the Twentieth Century (AFRICAAM 150C, AMSTUD 150C)",5,5,2025-2026 Spring,1,LEC,80,34,260-113,"Tuesday,Thursday",1:30:00 PM,2:50:00 PM,"Mar 30, 2026","Jun 3, 2026",hs_humanities,150,intro,HISTORY-150C-LEC-01,True
150C,HISTORY,"The United States in the Twentieth Century (AFRICAAM 150C, AMSTUD 150C)",5,5,2025-2026 Spring,5,DIS,20,3,200-219,Friday,10:30:00 AM,11:20:00 AM,"Mar 30, 2026","Jun 3, 2026",hs_humanities,150,intro,HISTORY-150C-DIS-05,False
151,HISTORY,"The American West (AMSTUD 124A, ARTHIST 152, ENGLISH 124, POLISCI 124A)",5,5,2025-2026 Spring,4,DIS,15,2,160-321,Wednesday,9:30:00 AM,10:20:00 AM,"Mar 30, 2026","Jun 3, 2026",hs_humanities,151,intro,HISTORY-151-DIS-04,False
151,HISTORY,"The American West (AMSTUD 124A, ARTHIST 152, ENGLISH 124, POLISCI 124A)",5,5,2025-2026 Spring,3,DIS,15,2,200-015,Wednesday,7:30:00 PM,8:20:00 PM,"Mar 30, 2026","Jun 3, 2026",hs_humanities,151,intro,HISTORY-151-DIS-03,False
151,HISTORY,"The American West (AMSTUD 124A, ARTHIST 152, ENGLISH 124, POLISCI 124A)",5,5,2025-2026 Spring,2,DIS,15,2,200-015,Wednesday,6:30:00 PM,7:20:00 PM,"Mar 30, 2026","Jun 3, 2026",hs_humanities,151,intro,HISTORY-151-DIS-02,False
151,HISTORY,"The American West (AMSTUD 124A, ARTHIST 152, ENGLISH 124, POLISCI 124A)",5,5,2025-2026 Spring,6,DIS,15,0,200-013,Friday,12:30:00 PM,1:20:00 PM,"Mar 30, 2026","Jun 3, 2026",hs_humanities,151,intro,HISTORY-151-DIS-06,False
151,HISTORY,"The American West (AMSTUD 124A, ARTHIST 152, ENGLISH 124, POLISCI 124A)",5,5,2025-2026 Spring,8,DIS,15,0,160-326,Thursday,1:30:00 PM,2:20:00 PM,"Mar 30, 2026","Jun 3, 2026",hs_humanities,151,intro,HISTORY-151-DIS-08,False
151,HISTORY,"The American West (AMSTUD 124A, ARTHIST 152, ENGLISH 124, POLISCI 124A)",5,5,2025-2026 Spring,7,DIS,15,1,200-013,Friday,1:30:00 PM,2:20:00 PM,"Mar 30, 2026","Jun 3, 2026",hs_humanities,151,intro,HISTORY-151-DIS-07,False
151,HISTORY,"The American West (AMSTUD 124A, ARTHIST 152, ENGLISH 124, POLISCI 124A)",5,5,2025-2026 Spring,1,LEC,105,13,200-002,"Tuesday,Thursday",10:30:00 AM,11:50:00 AM,"Mar 30, 2026","Jun 3, 2026",hs_humanities,151,intro,HISTORY-151-LEC-01,True
151,HISTORY,"The American West (AMSTUD 124A, ARTHIST 152, ENGLISH 124, POLISCI 124A)",5,5,2025-2026 Spring,5,DIS,15,3,160-321,Wednesday,10:30:00 AM,11:20:00 AM,"Mar 30, 2026","Jun 3, 2026",hs_humanities,151,intro,HISTORY-151-DIS-05,False
153,HISTORY,Creation of the Constitution,5,5,2025-2026 Spring,1,LEC,999,7,LAW 95,"Monday,Wednesday,Thursday",2:15:00 PM,3:35:00 PM,"Mar 30, 2026","May 29, 2026",hs_humanities,153,intro,HISTORY-153-LEC-01,True
158,HISTORY,"The Rise and Fall of American Slavery (AMSTUD 58, AMSTUD 158, HISTORY 58)",3,5,2025-2026 Spring,3,DIS,20,2,200-217,Friday,10:30:00 AM,11:20:00 AM,"Mar 30, 2026","Jun 3, 2026",hs_humanities,158,intro,HISTORY-158-DIS-03,False
158,HISTORY,"The Rise and Fall of American Slavery (AMSTUD 58, AMSTUD 158, HISTORY 58)",3,5,2025-2026 Spring,2,DIS,20,0,200-013,Thursday,4:30:00 PM,5:20:00 PM,"Mar 30, 2026","Jun 3, 2026",hs_humanities,158,intro,HISTORY-158-DIS-02,False
158,HISTORY,"The Rise and Fall of American Slavery (AMSTUD 58, AMSTUD 158, HISTORY 58)",3,5,2025-2026 Spring,1,LEC,50,2,200-030,"Tuesday,Thursday",12:00:00 PM,1:20:00 PM,"Mar 30, 2026","Jun 3, 2026",hs_humanities,158,intro,HISTORY-158-LEC-01,True
173,HISTORY,"Mexican Migration to the United States (AMSTUD 73, AMSTUD 173, CHILATST 73, CHILATST 173, HISTORY 73)",3,5,2025-2026 Spring,2,DIS,20,4,160-325,Thursday,3:30:00 PM,4:20:00 PM,"Mar 30, 2026","Jun 3, 2026",hs_humanities,173,intro,HISTORY-173-DIS-02,False
173,HISTORY,"Mexican Migration to the United States (AMSTUD 73, AMSTUD 173, CHILATST 73, CHILATST 173, HISTORY 73)",3,5,2025-2026 Spring,3,DIS,20,1,160-319,Thursday,4:30:00 PM,5:20:00 PM,"Mar 30, 2026","Jun 3, 2026",hs_humanities,173,intro,HISTORY-173-DIS-03,False
173,HISTORY,"Mexican Migration to the United States (AMSTUD 73, AMSTUD 173, CHILATST 73, CHILATST 173, HISTORY 73)",3,5,2025-2026 Spring,1,LEC,50,6,200-305,Wednesday,11:30:00 AM,2:20:00 PM,"Mar 30, 2026","Jun 3, 2026",hs_humanities,173,intro,HISTORY-173-LEC-01,True
179C,HISTORY,"History and Ethics of the Global Climate Crisis (EARTHSYS 79C, EARTHSYS 179C, HISTORY 79C)",3,5,2025-2026 Spring,3,DIS,20,0,,,,,,,hs_humanities,179,intro,HISTORY-179C-DIS-03,False
179C,HISTORY,"History and Ethics of the Global Climate Crisis (EARTHSYS 79C, EARTHSYS 179C, HISTORY 79C)",3,5,2025-2026 Spring,2,DIS,20,3,,,,,,,hs_humanities,179,intro,HISTORY-179C-DIS-02,False
179C,HISTORY,"History and Ethics of the Global Climate Crisis (EARTHSYS 79C, EARTHSYS 179C, HISTORY 79C)",3,5,2025-2026 Spring,1,LEC,70,4,200-205,"Tuesday,Thursday",12:00:00 PM,1:20:00 PM,"Mar 30, 2026","Jun 3, 2026",hs_humanities,179,intro,HISTORY-179C-LEC-01,True
181B,HISTORY,Making the Modern Middle East,5,5,2025-2026 Spring,1,LEC,30,12,200-303,"Tuesday,Thursday",9:00:00 AM,10:20:00 AM,"Mar 30, 2026","Jun 3, 2026",hs_humanities,181,intro,HISTORY-181B-LEC-01,True
185B,HISTORY,"Jews in the Contemporary World (CSRE 185B, JEWISHST 185B, REES 185B, SLAVIC 183)",5,5,2025-2026 Spring,3,DIS,20,0,,,,,,,hs_humanities,185,intro,HISTORY-185B-DIS-03,False
185B,HISTORY,"Jews in the Contemporary World (CSRE 185B, JEWISHST 185B, REES 185B, SLAVIC 183)",5,5,2025-2026 Spring,2,DIS,20,6,160-323,Thursday,3:30:00 PM,4:20:00 PM,"Mar 30, 2026","Jun 3, 2026",hs_humanities,185,intro,HISTORY-185B-DIS-02,False
185B,HISTORY,"Jews in the Contemporary World (CSRE 185B, JEWISHST 185B, REES 185B, SLAVIC 183)",5,5,2025-2026 Spring,1,LEC,50,8,200-030,"Tuesday,Thursday",10:30:00 AM,11:50:00 AM,"Mar 30, 2026","Jun 3, 2026",hs_humanities,185,intro,HISTORY-185B-LEC-01,True
195C,HISTORY,Modern Japanese History: From Samurai to Pokemon (JAPAN 195C),3,5,2025-2026 Spring,2,DIS,20,0,200-015,Wednesday,3:30:00 PM,4:20:00 PM,"Mar 30, 2026","Jun 3, 2026",hs_humanities,195,intro,HISTORY-195C-DIS-02,False
195C,HISTORY,Modern Japanese History: From Samurai to Pokemon (JAPAN 195C),3,5,2025-2026 Spring,3,DIS,20,4,200-015,Thursday,9:30:00 AM,10:20:00 AM,"Mar 30, 2026","Jun 3, 2026",hs_humanities,195,intro,HISTORY-195C-DIS-03,False
195C,HISTORY,Modern Japanese History: From Samurai to Pokemon (JAPAN 195C),3,5,2025-2026 Spring,1,LEC,40,4,200-030,"Monday,Wednesday",10:30:00 AM,11:50:00 AM,"Mar 30, 2026","Jun 3, 2026",hs_humanities,195,intro,HISTORY-195C-LEC-01,True
200BG,HISTORY,Doing History: Biography as History (JEWISHST 200BG),5,5,2025-2026 Spring,1,COL,18,3,200-124,Tuesday,1:30:00 PM,4:20:00 PM,"Mar 30, 2026","Jun 3, 2026",hs_humanities,200,mid,HISTORY-200BG-COL-01,True
200DE,HISTORY,Doing the History of Death and Disease (AMSTUD 200DE),5,5,2025-2026 Spring,1,COL,15,10,200-230,Monday,10:30:00 AM,1:20:00 PM,"Mar 30, 2026","Jun 3, 2026",hs_humanities,200,mid,HISTORY-200DE-COL-01,True
200GH,HISTORY,Doing Gender History (FEMGEN 200GH),5,5,2025-2026 Spring,1,COL,12,2,200-032,Wednesday,1:30:00 PM,4:20:00 PM,"Mar 30, 2026","Jun 3, 2026",hs_humanities,200,mid,HISTORY-200GH-COL-01,True
202G,HISTORY,"Peoples, Armies and Governments of the Second World War (HISTORY 302G)",5,5,2025-2026 Spring,1,COL,20,22,200-202,"Tuesday,Thursday",9:00:00 AM,10:20:00 AM,"Mar 30, 2026","Jun 3, 2026",hs_humanities,202,mid,HISTORY-202G-COL-01,True
204G,HISTORY,"War and Society (HISTORY 304G, INTNLREL 104G, POLISCI 104G, REES 304G)",4,5,2025-2026 Spring,1,COL,20,9,200-217,Tuesday,1:30:00 PM,4:20:00 PM,"Mar 30, 2026","Jun 3, 2026",hs_humanities,204,mid,HISTORY-204G-COL-01,True
205G,HISTORY,"Technology and the Meaning of Life (ETHICSOC 115, HISTORY 305G)",5,5,2025-2026 Spring,1,COL,25,13,300-303,Monday,4:30:00 PM,7:20:00 PM,"Mar 30, 2026","Jun 3, 2026",hs_humanities,205,mid,HISTORY-205G-COL-01,True
206P,HISTORY,"Police Power in World History (ANTHRO 106P, CSRE 206P, CSRE 306P, HISTORY 306P, INTNLREL 106P, SOC 206P, URBANST 206P)",4,5,2025-2026 Spring,1,COL,12,2,200-032,"Tuesday,Thursday",10:30:00 AM,11:50:00 AM,"Mar 30, 2026","Jun 3, 2026",hs_humanities,206,mid,HISTORY-206P-COL-01,True
208,HISTORY,"Inventing Nations: Theories and Histories of Nationalism (HISTORY 308C, POLISCI 168)",5,5,2025-2026 Spring,1,COL,15,7,200-217,"Tuesday,Thursday",4:30:00 PM,5:50:00 PM,"Mar 30, 2026","Jun 3, 2026",hs_humanities,208,mid,HISTORY-208-COL-01,True
219,HISTORY,Slavery in Premodern Europe (HISTORY 319),3,5,2025-2026 Spring,1,COL,16,4,460-301,Monday,12:30:00 PM,3:20:00 PM,"Mar 30, 2026","Jun 3, 2026",hs_humanities,219,mid,HISTORY-219-COL-01,True
222B,HISTORY,The Baltic World (REES 222B),3,5,2025-2026 Spring,1,COL,18,6,Econ 139,Thursday,1:30:00 PM,4:20:00 PM,"Mar 30, 2026","Jun 3, 2026",hs_humanities,222,mid,HISTORY-222B-COL-01,True
223G,HISTORY,"Russia and Ukraine: Empire, Nation, Myth (HISTORY 323G, SLAVIC 203)",5,5,2025-2026 Spring,1,COL,12,2,200-124,Tuesday,10:30:00 AM,1:20:00 PM,"Mar 30, 2026","Jun 3, 2026",hs_humanities,223,mid,HISTORY-223G-COL-01,True
224D,HISTORY,"The Soviet Civilization, Part 2 (HISTORY 424B, REES 224B)",4,5,2025-2026 Spring,1,SEM,15,2,,,,,"Mar 30, 2026","Jun 3, 2026",hs_humanities,224,mid,HISTORY-224D-SEM-01,True
231D,HISTORY,"Disasters: Environment, Disease, and War in Early Modern Europe",3,5,2025-2026 Spring,1,COL,15,0,120-414,Wednesday,3:00:00 PM,5:50:00 PM,"Mar 30, 2026","Jun 3, 2026",hs_humanities,231,mid,HISTORY-231D-COL-01,True
231D,HISTORY,"Disasters: Environment, Disease, and War in Early Modern Europe",3,5,2025-2026 Spring,2,COL,15,1,120-414,Wednesday,3:00:00 PM,5:50:00 PM,"Mar 30, 2026","Jun 3, 2026",hs_humanities,231,mid,HISTORY-231D-COL-02,True
231G,HISTORY,"European Reformations, 1500-1650 (HISTORY 331G, RELIGST 231, RELIGST 331)",3,5,2025-2026 Spring,1,SEM,18,1,200-032,"Tuesday,Thursday",3:00:00 PM,4:20:00 PM,"Mar 30, 2026","Jun 3, 2026",hs_humanities,231,mid,HISTORY-231G-SEM-01,True
238J,HISTORY,"The European Scramble for Africa: Origins and Debates (AFRICAAM 238J, HISTORY 338J)",4,5,2025-2026 Spring,1,COL,15,2,200-202,Friday,10:30:00 AM,1:20:00 PM,"Mar 30, 2026","Jun 3, 2026",hs_humanities,238,mid,HISTORY-238J-COL-01,True
239D,HISTORY,Capital and Empire (HISTORY 339D),5,5,2025-2026 Spring,1,COL,16,9,250-201,Thursday,1:30:00 PM,4:20:00 PM,"Mar 30, 2026","Jun 3, 2026",hs_humanities,239,mid,HISTORY-239D-COL-01,True
243C,HISTORY,"People, Plants, and Medicine: Atlantic World Amerindian, African, and European Science (CSRE 243C, CSRE 443C, FEMGEN 243C, FEMGEN 443C, HISTORY 343C, HISTORY 443C)",4,5,2025-2026 Spring,1,COL,15,2,200-219,Monday,1:30:00 PM,4:20:00 PM,"Mar 30, 2026","Jun 3, 2026",hs_humanities,243,mid,HISTORY-243C-COL-01,True
244F,HISTORY,"New Directions in Gendered Innovations in Science, Medicine, Technology, and Environment (FEMGEN 243F, FEMGEN 344F, HISTORY 344F, HISTORY 444F)",4,5,2025-2026 Spring,1,COL,15,6,200-217,Thursday,1:30:00 PM,4:20:00 PM,"Mar 30, 2026","Jun 3, 2026",hs_humanities,244,mid,HISTORY-244F-COL-01,True
250,HISTORY,"America at 250 (AMSTUD 25, HISTORY 25)",1,1,2025-2026 Spring,1,LEC,200,26,Cemex Auditorium,Tuesday,3:00:00 PM,4:20:00 PM,"Mar 30, 2026","Jun 3, 2026",hs_humanities,250,mid,HISTORY-250-LEC-01,True
252B,HISTORY,Diplomacy on the Ground: Case Studies in the Challenges of Representing Your Country (INTNLREL 174),5,5,2025-2026 Spring,1,SEM,18,4,160-322,"Monday,Wednesday",1:30:00 PM,2:50:00 PM,"Mar 30, 2026","Jun 3, 2026",hs_humanities,252,mid,HISTORY-252B-SEM-01,True
255D,HISTORY,"Identity in the American Imagination (AFRICAAM 255, AMSTUD 255D, CSRE 255D, FEMGEN 255M, HISTORY 355D)",4,5,2025-2026 Spring,1,COL,18,2,260-004,Tuesday,10:30:00 AM,1:20:00 PM,"Mar 30, 2026","Jun 3, 2026",hs_humanities,255,mid,HISTORY-255D-COL-01,True
258T,HISTORY,"Designing Democracy: Constitutional Crises, Change, and Continuity (POLISCI 238T)",5,5,2025-2026 Spring,1,SEM,20,4,Lathrop 017,"Wednesday,Friday",1:30:00 PM,2:50:00 PM,"Mar 30, 2026","Jun 3, 2026",hs_humanities,258,mid,HISTORY-258T-SEM-01,True
262A,HISTORY,"Taylor Swift and Millennial America (AMSTUD 262A, FEMGEN 262A)",5,5,2025-2026 Spring,1,COL,18,8,200-202,"Tuesday,Thursday",12:00:00 PM,1:20:00 PM,"Mar 30, 2026","Jun 3, 2026",hs_humanities,262,mid,HISTORY-262A-COL-01,True
265,HISTORY,"American Marxism (AMSTUD 265, HISTORY 365)",5,5,2025-2026 Spring,1,COL,20,4,200-217,"Monday,Wednesday",1:30:00 PM,2:50:00 PM,"Mar 30, 2026","Jun 3, 2026",hs_humanities,265,mid,HISTORY-265-COL-01,True
280F,HISTORY,"The Middle East Underground: Revolutions, Resistance, and the Global South",3,5,2025-2026 Spring,1,COL,18,3,200-219,Wednesday,1:30:00 PM,4:20:00 PM,"Mar 30, 2026","Jun 3, 2026",hs_humanities,280,mid,HISTORY-280F-COL-01,True
283M,HISTORY,"Contemporary Muslim Political Thought (ETHICSOC 103X, GLOBAL 136, POLISCI 136)",3,4,2025-2026 Spring,1,SEM,20,0,Encina West 108,"Tuesday,Thursday",3:00:00 PM,4:20:00 PM,"Mar 30, 2026","Jun 3, 2026",hs_humanities,283,mid,HISTORY-283M-SEM-01,True
293D,HISTORY,"Queer and Trans History in Comparative Perspective (FEMGEN 293D, FEMGEN 393D, HISTORY 393D)",4,5,2025-2026 Spring,1,COL,15,3,200-032,Monday,1:30:00 PM,4:20:00 PM,"Mar 30, 2026","Jun 3, 2026",hs_humanities,293,mid,HISTORY-293D-COL-01,True
295C,HISTORY,Law and the Making of Modern Asia,5,5,2025-2026 Spring,1,COL,18,4,200-217,Friday,1:30:00 PM,4:20:00 PM,"Mar 30, 2026","Jun 3, 2026",hs_humanities,295,mid,HISTORY-295C-COL-01,True
299CW,HISTORY,Creative Capstone Workshop,1,1,2025-2026 Spring,1,WKS,18,8,200-219,Friday,1:30:00 PM,2:50:00 PM,"Mar 30, 2026","Jun 3, 2026",hs_humanities,299,mid,HISTORY-299CW-WKS-01,True
302G,HISTORY,"Peoples, Armies and Governments of the Second World War (HISTORY 202G)",5,5,2025-2026 Spring,1,COL,18,3,200-202,"Tuesday,Thursday",9:00:00 AM,10:20:00 AM,"Mar 30, 2026","Jun 3, 2026",hs_humanities,302,advanced,HISTORY-302G-COL-01,True
304G,HISTORY,"War and Society (HISTORY 204G, INTNLREL 104G, POLISCI 104G, REES 304G)",4,5,2025-2026 Spring,1,COL,20,4,200-217,Tuesday,1:30:00 PM,4:20:00 PM,"Mar 30, 2026","Jun 3, 2026",hs_humanities,304,advanced,HISTORY-304G-COL-01,True
305G,HISTORY,"Technology and the Meaning of Life (ETHICSOC 115, HISTORY 205G)",5,5,2025-2026 Spring,1,COL,20,4,300-303,Monday,4:30:00 PM,7:20:00 PM,"Mar 30, 2026","Jun 3, 2026",hs_humanities,305,advanced,HISTORY-305G-COL-01,True
306P,HISTORY,"Police Power in World History (ANTHRO 106P, CSRE 206P, CSRE 306P, HISTORY 206P, INTNLREL 106P, SOC 206P, URBANST 206P)",4,5,2025-2026 Spring,1,COL,12,0,200-032,"Tuesday,Thursday",10:30:00 AM,11:50:00 AM,"Mar 30, 2026","Jun 3, 2026",hs_humanities,306,advanced,HISTORY-306P-COL-01,True
308C,HISTORY,"Inventing Nations: Theories and Histories of Nationalism (HISTORY 208, POLISCI 168)",5,5,2025-2026 Spring,1,COL,15,4,200-217,"Tuesday,Thursday",4:30:00 PM,5:50:00 PM,"Mar 30, 2026","Jun 3, 2026",hs_humanities,308,advanced,HISTORY-308C-COL-01,True
311M,HISTORY,New Directions in Medieval and Early Modern Studies (COMPLIT 311M),1,1,2025-2026 Spring,1,WKS,18,3,Departmental Room,Wednesday,12:00:00 PM,1:15:00 PM,"Mar 30, 2026","Jun 3, 2026",hs_humanities,311,advanced,HISTORY-311M-WKS-01,True
319,HISTORY,Slavery in Premodern Europe (HISTORY 219),3,5,2025-2026 Spring,1,COL,16,6,460-301,Monday,12:30:00 PM,3:20:00 PM,"Mar 30, 2026","Jun 3, 2026",hs_humanities,319,advanced,HISTORY-319-COL-01,True
320,HISTORY,Writing Modern Eastern Europe,4,5,2025-2026 Spring,1,COL,16,5,200-202,Wednesday,10:30:00 AM,1:20:00 PM,"Mar 30, 2026","Jun 3, 2026",hs_humanities,320,advanced,HISTORY-320-COL-01,True
323G,HISTORY,"Russia and Ukraine: Empire, Nation, Myth (HISTORY 223G, SLAVIC 203)",5,5,2025-2026 Spring,1,COL,12,2,200-124,Tuesday,10:30:00 AM,1:20:00 PM,"Mar 30, 2026","Jun 3, 2026",hs_humanities,323,advanced,HISTORY-323G-COL-01,True
331G,HISTORY,"European Reformations, 1500-1650 (HISTORY 231G, RELIGST 231, RELIGST 331)",3,5,2025-2026 Spring,1,SEM,18,2,200-032,"Tuesday,Thursday",3:00:00 PM,4:20:00 PM,"Mar 30, 2026","Jun 3, 2026",hs_humanities,331,advanced,HISTORY-331G-SEM-01,True
338J,HISTORY,"The European Scramble for Africa: Origins and Debates (AFRICAAM 238J, HISTORY 238J)",4,5,2025-2026 Spring,1,COL,15,1,200-202,Friday,10:30:00 AM,1:20:00 PM,"Mar 30, 2026","Jun 3, 2026",hs_humanities,338,advanced,HISTORY-338J-COL-01,True
339D,HISTORY,Capital and Empire (HISTORY 239D),5,5,2025-2026 Spring,1,COL,16,5,250-201,Thursday,1:30:00 PM,4:20:00 PM,"Mar 30, 2026","Jun 3, 2026",hs_humanities,339,advanced,HISTORY-339D-COL-01,True
343C,HISTORY,"People, Plants, and Medicine: Atlantic World Amerindian, African, and European Science (CSRE 243C, CSRE 443C, FEMGEN 243C, FEMGEN 443C, HISTORY 243C, HISTORY 443C)",4,5,2025-2026 Spring,1,COL,15,6,200-219,Monday,1:30:00 PM,4:20:00 PM,"Mar 30, 2026","Jun 3, 2026",hs_humanities,343,advanced,HISTORY-343C-COL-01,True
344F,HISTORY,"New Directions in Gendered Innovations in Science, Medicine, Technology, and Environment (FEMGEN 243F, FEMGEN 344F, HISTORY 244F, HISTORY 444F)",4,5,2025-2026 Spring,1,COL,15,4,200-217,Thursday,1:30:00 PM,4:20:00 PM,"Mar 30, 2026","Jun 3, 2026",hs_humanities,344,advanced,HISTORY-344F-COL-01,True
351F,HISTORY,"Core in American History, Part VI",4,5,2025-2026 Spring,1,COL,12,11,200-032,Wednesday,10:30:00 AM,1:20:00 PM,"Mar 30, 2026","Jun 3, 2026",hs_humanities,351,advanced,HISTORY-351F-COL-01,True
355D,HISTORY,"Identity in the American Imagination (AFRICAAM 255, AMSTUD 255D, CSRE 255D, FEMGEN 255M, HISTORY 255D)",4,5,2025-2026 Spring,1,COL,18,3,260-004,Tuesday,10:30:00 AM,1:20:00 PM,"Mar 30, 2026","Jun 3, 2026",hs_humanities,355,advanced,HISTORY-355D-COL-01,True
365,HISTORY,"American Marxism (AMSTUD 265, HISTORY 265)",5,5,2025-2026 Spring,1,COL,20,3,200-217,"Monday,Wednesday",1:30:00 PM,2:50:00 PM,"Mar 30, 2026","Jun 3, 2026",hs_humanities,365,advanced,HISTORY-365-COL-01,True
393D,HISTORY,"Queer and Trans History in Comparative Perspective (FEMGEN 293D, FEMGEN 393D, HISTORY 293D)",4,5,2025-2026 Spring,1,COL,15,2,200-032,Monday,1:30:00 PM,4:20:00 PM,"Mar 30, 2026","Jun 3, 2026",hs_humanities,393,advanced,HISTORY-393D-COL-01,True
397,HISTORY,"Graduate Colloquium in Modern South Asian History (ANTHRO 397H, FEMGEN 397)",4,5,2025-2026 Spring,1,COL,12,2,200-015,Monday,1:30:00 PM,4:20:00 PM,"Mar 30, 2026","Jun 3, 2026",hs_humanities,397,advanced,HISTORY-397-COL-01,True
424B,HISTORY,"The Soviet Civilization, Part 2 (HISTORY 224D, REES 224B)",4,5,2025-2026 Spring,1,SEM,15,2,,,,,"Mar 30, 2026","Jun 3, 2026",hs_humanities,424,advanced,HISTORY-424B-SEM-01,True
444F,HISTORY,"New Directions in Gendered Innovations in Science, Medicine, Technology, and Environment (FEMGEN 243F, FEMGEN 344F, HISTORY 244F, HISTORY 344F)",4,5,2025-2026 Spring,1,COL,5,0,200-217,Thursday,1:30:00 PM,4:20:00 PM,"Mar 30, 2026","Jun 3, 2026",hs_humanities,444,advanced,HISTORY-444F-COL-01,True
53SI,POLISCI,"Running the Farm: Power, Policy, and Administration at Stanford",1,1,2025-2026 Spring,1,ACT,20,14,200-217,Wednesday,3:30:00 PM,4:20:00 PM,"Mar 30, 2026","Jun 3, 2026",hs_social,53,seminar,POLISCI-53SI-ACT-01,True
55,POLISCI,"AI as Technology Accelerator (CS 132, INTLPOL 332)",2,2,2025-2026 Spring,1,SEM,15,0,,,,,,,hs_social,55,seminar,POLISCI-55-SEM-01,True
101,POLISCI,Introduction to International Relations (INTNLREL 101),4,5,2025-2026 Spring,1,LEC,96,15,260-113,"Monday,Wednesday,Friday",10:30:00 AM,11:50:00 AM,"Mar 30, 2026","Jun 3, 2026",hs_social,101,intro,POLISCI-101-LEC-01,True
102,POLISCI,"American Politics and Policy: In Defense of Democracy (AMSTUD 123X, PUBLPOL 101, PUBLPOL 201)",4,5,2025-2026 Spring,1,LEC,96,31,260-113,"Monday,Wednesday",1:30:00 PM,2:50:00 PM,"Mar 30, 2026","Jun 3, 2026",hs_social,102,intro,POLISCI-102-LEC-01,True
104G,POLISCI,"War and Society (HISTORY 204G, HISTORY 304G, INTNLREL 104G, REES 304G)",4,5,2025-2026 Spring,1,COL,15,1,200-217,Tuesday,1:30:00 PM,4:20:00 PM,"Mar 30, 2026","Jun 3, 2026",hs_social,104,intro,POLISCI-104G-COL-01,True
110E,POLISCI,The Politics of International Law (INTNLREL 110E),5,5,2025-2026 Spring,1,LEC,60,31,Lathrop 018,"Tuesday,Thursday",3:00:00 PM,4:20:00 PM,"Mar 30, 2026","Jun 3, 2026",hs_social,110,intro,POLISCI-110E-LEC-01,True
111,POLISCI,The Politics of Climate Change,5,5,2025-2026 Spring,1,LEC,30,23,Lathrop 180,"Tuesday,Thursday",1:30:00 PM,2:50:00 PM,"Mar 30, 2026","Jun 3, 2026",hs_social,111,intro,POLISCI-111-LEC-01,True
113,POLISCI,"Understanding Russia: Its Power and Purpose in a New Global Order (INTLPOL 231B, INTNLREL 131, REES 231B)",5,5,2025-2026 Spring,1,LEC,30,12,Econ 140,"Tuesday,Thursday",1:30:00 PM,2:50:00 PM,"Mar 30, 2026","Jun 3, 2026",hs_social,113,intro,POLISCI-113-LEC-01,True
114,POLISCI,"Israel: Society, Politics, and Policy (INTLPOL 234, INTNLREL 114, JEWISHST 214)",4,4,2025-2026 Spring,1,LEC,24,19,Lathrop 296,"Monday,Wednesday",10:30:00 AM,11:50:00 AM,"Mar 30, 2026","Jun 3, 2026",hs_social,114,intro,POLISCI-114-LEC-01,True
124A,POLISCI,"The American West (AMSTUD 124A, ARTHIST 152, ENGLISH 124, HISTORY 151)",5,5,2025-2026 Spring,1,LEC,105,17,200-002,"Tuesday,Thursday",10:30:00 AM,11:50:00 AM,"Mar 30, 2026","Jun 3, 2026",hs_social,124,intro,POLISCI-124A-LEC-01,True
124A,POLISCI,"The American West (AMSTUD 124A, ARTHIST 152, ENGLISH 124, HISTORY 151)",5,5,2025-2026 Spring,5,DIS,15,3,160-321,Wednesday,10:30:00 AM,11:20:00 AM,"Mar 30, 2026","Jun 3, 2026",hs_social,124,intro,POLISCI-124A-DIS-05,False
124A,POLISCI,"The American West (AMSTUD 124A, ARTHIST 152, ENGLISH 124, HISTORY 151)",5,5,2025-2026 Spring,4,DIS,15,2,160-321,Wednesday,9:30:00 AM,10:20:00 AM,"Mar 30, 2026","Jun 3, 2026",hs_social,124,intro,POLISCI-124A-DIS-04,False
124A,POLISCI,"The American West (AMSTUD 124A, ARTHIST 152, ENGLISH 124, HISTORY 151)",5,5,2025-2026 Spring,3,DIS,15,4,200-015,Wednesday,7:30:00 PM,8:20:00 PM,"Mar 30, 2026","Jun 3, 2026",hs_social,124,intro,POLISCI-124A-DIS-03,False
124A,POLISCI,"The American West (AMSTUD 124A, ARTHIST 152, ENGLISH 124, HISTORY 151)",5,5,2025-2026 Spring,6,DIS,15,1,200-013,Friday,12:30:00 PM,1:20:00 PM,"Mar 30, 2026","Jun 3, 2026",hs_social,124,intro,POLISCI-124A-DIS-06,False
124A,POLISCI,"The American West (AMSTUD 124A, ARTHIST 152, ENGLISH 124, HISTORY 151)",5,5,2025-2026 Spring,8,DIS,15,0,160-326,Thursday,1:30:00 PM,2:20:00 PM,"Mar 30, 2026","Jun 3, 2026",hs_social,124,intro,POLISCI-124A-DIS-08,False
124A,POLISCI,"The American West (AMSTUD 124A, ARTHIST 152, ENGLISH 124, HISTORY 151)",5,5,2025-2026 Spring,7,DIS,15,0,200-013,Friday,1:30:00 PM,2:20:00 PM,"Mar 30, 2026","Jun 3, 2026",hs_social,124,intro,POLISCI-124A-DIS-07,False
124L,POLISCI,"The Psychology of Communication About Politics in America (AMSTUD 124L, COMM 164, COMM 264, POLISCI 324L, PSYCH 170, PUBLPOL 164)",4,5,2025-2026 Spring,1,LEC,50,31,200-002,Tuesday,1:30:00 PM,4:20:00 PM,"Mar 30, 2026","Jun 3, 2026",hs_social,124,intro,POLISCI-124L-LEC-01,True
130,POLISCI,"Liberalism and its Critics (ETHICSOC 130, PHIL 171P)",5,5,2025-2026 Spring,1,LEC,45,18,200-303,"Tuesday,Thursday",1:30:00 PM,2:50:00 PM,"Mar 30, 2026","Jun 3, 2026",hs_social,130,intro,POLISCI-130-LEC-01,True
131L,POLISCI,Modern Political Thought: Machiavelli to Marx and Mill (ETHICSOC 131S),5,5,2025-2026 Spring,1,LEC,60,44,200-034,"Tuesday,Thursday",10:30:00 AM,11:50:00 AM,"Mar 30, 2026","Jun 3, 2026",hs_social,131,intro,POLISCI-131L-LEC-01,True
134P,POLISCI,"Contemporary Moral Problems (ETHICSOC 185M, PHIL 72)",4,5,2025-2026 Spring,1,LEC,25,9,380-380D,"Tuesday,Thursday",10:30:00 AM,11:50:00 AM,"Mar 30, 2026","Jun 3, 2026",hs_social,134,intro,POLISCI-134P-LEC-01,True
136,POLISCI,"Contemporary Muslim Political Thought (ETHICSOC 103X, GLOBAL 136, HISTORY 283M)",3,4,2025-2026 Spring,1,SEM,30,0,Encina West 108,"Tuesday,Thursday",3:00:00 PM,4:20:00 PM,"Mar 30, 2026","Jun 3, 2026",hs_social,136,intro,POLISCI-136-SEM-01,True
149S,POLISCI,"Islam, Iran, and the West",5,5,2025-2026 Spring,1,LEC,23,19,540-108,"Monday,Wednesday",1:30:00 PM,2:50:00 PM,"Mar 30, 2026","Jun 3, 2026",hs_social,149,intro,POLISCI-149S-LEC-01,True
150C,POLISCI,Causal Inference for Social Science (POLISCI 355C),3,5,2025-2026 Spring,1,LEC,30,11,200-030,"Tuesday,Thursday",1:30:00 PM,2:50:00 PM,"Mar 30, 2026","Jun 3, 2026",hs_social,150,intro,POLISCI-150C-LEC-01,True
154,POLISCI,"Data Science for Social Impact (COMM 140X, DATASCI 154, EARTHSYS 153, ECON 163, MS&E 134, PUBLPOL 155, SOC 127)",5,5,2025-2026 Spring,1,LEC,20,4,CODAB90,"Tuesday,Thursday",3:00:00 PM,4:20:00 PM,"Mar 30, 2026","Jun 3, 2026",hs_social,154,intro,POLISCI-154-LEC-01,True
168,POLISCI,"Inventing Nations: Theories and Histories of Nationalism (HISTORY 208, HISTORY 308C)",5,5,2025-2026 Spring,1,COL,15,4,200-217,"Tuesday,Thursday",4:30:00 PM,5:50:00 PM,"Mar 30, 2026","Jun 3, 2026",hs_social,168,intro,POLISCI-168-COL-01,True
227R,POLISCI,"Russian Politics Since 1991 (INTNLREL 127R, POLISCI 327R, REES 327R)",3,5,2025-2026 Spring,1,SEM,18,5,260-003,"Monday,Friday",3:00:00 PM,4:20:00 PM,"Mar 30, 2026","Jun 3, 2026",hs_social,227,mid,POLISCI-227R-SEM-01,True
234,POLISCI,"Democratic Theory (ETHICSOC 234, PHIL 176P)",5,5,2025-2026 Spring,1,SEM,20,12,Lathrop 017,"Tuesday,Thursday",10:30:00 AM,11:50:00 AM,"Mar 30, 2026","Jun 3, 2026",hs_social,234,mid,POLISCI-234-SEM-01,True
236,POLISCI,"Philanthropy for Sustainable Development (EBS 222, ETHICSOC 232T, POLISCI 236S)",4,5,2025-2026 Spring,1,SEM,45,4,Lathrop 016,Tuesday,1:30:00 PM,4:20:00 PM,"Mar 30, 2026","Jun 3, 2026",hs_social,236,mid,POLISCI-236-SEM-01,True
236S,POLISCI,"Philanthropy for Sustainable Development (EBS 222, ETHICSOC 232T, POLISCI 236)",4,5,2025-2026 Spring,1,SEM,45,7,Lathrop 016,Tuesday,1:30:00 PM,4:20:00 PM,"Mar 30, 2026","Jun 3, 2026",hs_social,236,mid,POLISCI-236S-SEM-01,True
237,POLISCI,Varieties of Conservatism in America,5,5,2025-2026 Spring,1,SEM,20,18,Econ 139,Monday,1:30:00 PM,4:20:00 PM,"Mar 30, 2026","Jun 3, 2026",hs_social,237,mid,POLISCI-237-SEM-01,True
238T,POLISCI,"Designing Democracy: Constitutional Crises, Change, and Continuity (HISTORY 258T)",5,5,2025-2026 Spring,1,SEM,20,11,Lathrop 017,"Wednesday,Friday",1:30:00 PM,2:50:00 PM,"Mar 30, 2026","Jun 3, 2026",hs_social,238,mid,POLISCI-238T-SEM-01,True
241K,POLISCI,Language in Political Societies,5,5,2025-2026 Spring,1,SEM,20,2,50-52E,"Monday,Wednesday",3:00:00 PM,4:20:00 PM,"Mar 30, 2026","Jun 3, 2026",hs_social,241,mid,POLISCI-241K-SEM-01,True
243,POLISCI,"Political Economy of Latin America (INTNLREL 153, LATINAM 343)",5,5,2025-2026 Spring,1,SEM,10,4,Departmental Room,Wednesday,1:30:00 PM,4:20:00 PM,"Mar 30, 2026","Jun 3, 2026",hs_social,243,mid,POLISCI-243-SEM-01,True
244C,POLISCI,"Wealth of Nations (ECON 134, POLISCI 344C)",3,5,2025-2026 Spring,1,SEM,30,9,200-107,"Tuesday,Thursday",4:30:00 PM,5:50:00 PM,"Mar 30, 2026","Jun 3, 2026",hs_social,244,mid,POLISCI-244C-SEM-01,True
247T,POLISCI,"Gender and Development (FEMGEN 247T, POLISCI 447T)",3,5,2025-2026 Spring,1,SEM,10,5,Econ 139,Tuesday,1:30:00 PM,4:20:00 PM,"Mar 30, 2026","Jun 3, 2026",hs_social,247,mid,POLISCI-247T-SEM-01,True
289E,POLISCI,"Desire, Violence, and the Sacred: Introduction to Rene Girard's Theory (COMPLIT 289E, FRENCH 289E, RELIGST 289X)",3,3,2025-2026 Spring,1,SEM,10,3,120-314,Tuesday,3:00:00 PM,5:50:00 PM,"Mar 30, 2026","Jun 3, 2026",hs_social,289,mid,POLISCI-289E-SEM-01,True
290C,POLISCI,Capstone Project - Spring,5,5,2025-2026 Spring,1,SEM,14,12,460-301,"Monday,Wednesday",9:30:00 AM,10:50:00 AM,"Mar 30, 2026","Jun 3, 2026",hs_social,290,mid,POLISCI-290C-SEM-01,True
293,POLISCI,Democracy in the Balance: Polarization and the Road Ahead,5,5,2025-2026 Spring,1,SEM,15,17,Encina West 202,"Monday,Wednesday",3:00:00 PM,4:20:00 PM,"Mar 30, 2026","Jun 3, 2026",hs_social,293,mid,POLISCI-293-SEM-01,True
299A,POLISCI,Research Design,5,5,2025-2026 Spring,1,SEM,12,8,Econ 206,"Tuesday,Thursday",9:00:00 AM,10:20:00 AM,"Mar 30, 2026","Jun 3, 2026",hs_social,299,mid,POLISCI-299A-SEM-01,True
312,POLISCI,"A New Cold War? Great Power Relations in the 21st Century (INTLPOL 211, REES 219)",3,5,2025-2026 Spring,1,SEM,20,10,160-323,Monday,1:30:00 PM,4:20:00 PM,"Mar 30, 2026","Jun 3, 2026",hs_social,312,advanced,POLISCI-312-SEM-01,True
315,POLISCI,Ethics and Law of War (INTLPOL 250),3,5,2025-2026 Spring,1,LEC,20,5,LAW 272,"Monday,Wednesday",2:15:00 PM,3:45:00 PM,"Mar 30, 2026","May 29, 2026",hs_social,315,advanced,POLISCI-315-LEC-01,True
321,POLISCI,"Graduate Seminar in Political Psychology (COMM 308, PSYCH 284)",1,3,2025-2026 Spring,1,SEM,25,5,120-452,Monday,12:15:00 PM,2:15:00 PM,"Mar 30, 2026","Jun 3, 2026",hs_social,321,advanced,POLISCI-321-SEM-01,True
324L,POLISCI,"The Psychology of Communication About Politics in America (AMSTUD 124L, COMM 164, COMM 264, POLISCI 124L, PSYCH 170, PUBLPOL 164)",4,5,2025-2026 Spring,1,LEC,50,0,200-002,Tuesday,1:30:00 PM,4:20:00 PM,"Mar 30, 2026","Jun 3, 2026",hs_social,324,advanced,POLISCI-324L-LEC-01,True
327R,POLISCI,"Russian Politics Since 1991 (INTNLREL 127R, POLISCI 227R, REES 327R)",3,5,2025-2026 Spring,1,SEM,20,0,260-003,"Monday,Friday",3:00:00 PM,4:20:00 PM,"Mar 30, 2026","Jun 3, 2026",hs_social,327,advanced,POLISCI-327R-SEM-01,True
344C,POLISCI,"Wealth of Nations (ECON 134, POLISCI 244C)",3,5,2025-2026 Spring,1,SEM,20,0,200-107,"Tuesday,Thursday",4:30:00 PM,5:50:00 PM,"Mar 30, 2026","Jun 3, 2026",hs_social,344,advanced,POLISCI-344C-SEM-01,True
351C,POLISCI,Institutions and Bridge-Building in Political Economy,4,4,2025-2026 Spring,1,SEM,25,1,GSB Class of 1968 101,Tuesday,3:30:00 PM,6:30:00 PM,"Mar 30, 2026","Jun 3, 2026",hs_social,351,advanced,POLISCI-351C-SEM-01,True
353C,POLISCI,Workshop in Political Methodology,1,1,2025-2026 Spring,1,WKS,30,6,Encina West 400,Thursday,12:00:00 PM,1:20:00 PM,"Mar 30, 2026","Jun 3, 2026",hs_social,353,advanced,POLISCI-353C-WKS-01,True
355C,POLISCI,Causal Inference for Social Science (POLISCI 150C),3,5,2025-2026 Spring,1,LEC,49,8,200-030,"Tuesday,Thursday",1:30:00 PM,2:50:00 PM,"Mar 30, 2026","Jun 3, 2026",hs_social,355,advanced,POLISCI-355C-LEC-01,True
356B,POLISCI,Formal Theory II,3,5,2025-2026 Spring,1,LEC,20,5,Encina West 219,Friday,1:30:00 PM,4:20:00 PM,"Mar 30, 2026","Jun 3, 2026",hs_social,356,advanced,POLISCI-356B-LEC-01,True
400C,POLISCI,Research Design,5,5,2025-2026 Spring,1,SEM,30,10,Encina West 400,Monday,1:30:00 PM,4:20:00 PM,"Mar 30, 2026","Jun 3, 2026",hs_social,400,advanced,POLISCI-400C-SEM-01,True
410C,POLISCI,"International Relations Theory, Part III",3,5,2025-2026 Spring,1,SEM,20,5,Encina West 400,Tuesday,9:00:00 AM,11:50:00 AM,"Mar 30, 2026","Jun 3, 2026",hs_social,410,advanced,POLISCI-410C-SEM-01,True
411C,POLISCI,Workshop in International Relations,1,1,2025-2026 Spring,1,WKS,30,2,Departmental Room,Thursday,12:00:00 PM,1:20:00 PM,"Mar 30, 2026","Jun 3, 2026",hs_social,411,advanced,POLISCI-411C-WKS-01,True
422,POLISCI,Workshop in American Politics,1,1,2025-2026 Spring,1,WKS,30,2,Encina West 400,Tuesday,12:00:00 PM,1:20:00 PM,"Mar 30, 2026","Jun 3, 2026",hs_social,422,advanced,POLISCI-422-WKS-01,True
432R,POLISCI,Selections in Modern Political Thought,3,5,2025-2026 Spring,1,SEM,25,7,Encina West 400,Wednesday,1:30:00 PM,4:20:00 PM,"Mar 30, 2026","Jun 3, 2026",hs_social,432,advanced,POLISCI-432R-SEM-01,True
433,POLISCI,Workshop in Political Theory,1,1,2025-2026 Spring,1,WKS,30,2,Encina West 400,Friday,11:30:00 AM,1:20:00 PM,"Mar 30, 2026","Jun 3, 2026",hs_social,433,advanced,POLISCI-433-WKS-01,True
440D,POLISCI,Workshop in Comparative Politics,1,1,2025-2026 Spring,1,WKS,30,8,Departmental Room,Tuesday,12:00:00 PM,1:20:00 PM,"Mar 30, 2026","Jun 3, 2026",hs_social,440,advanced,POLISCI-440D-WKS-01,True
447T,POLISCI,"Gender and Development (FEMGEN 247T, POLISCI 247T)",3,5,2025-2026 Spring,1,SEM,20,6,Econ 139,Tuesday,1:30:00 PM,4:20:00 PM,"Mar 30, 2026","Jun 3, 2026",hs_social,447,advanced,POLISCI-447T-SEM-01,True
450C,POLISCI,Political Methodology III: Model-Based Inference,3,5,2025-2026 Spring,1,LEC,20,11,Encina West 219,"Monday,Wednesday",9:30:00 AM,10:50:00 AM,"Mar 30, 2026","Jun 3, 2026",hs_social,450,advanced,POLISCI-450C-LEC-01,True
460A,POLISCI,Political Economy I (ECON 220),3,5,2025-2026 Spring,1,LEC,25,5,GSB Gunn 101,"Tuesday,Thursday",1:30:00 PM,3:20:00 PM,"Mar 30, 2026","Jun 3, 2026",hs_social,460,advanced,POLISCI-460A-LEC-01,True
104W,COMM,"Reporting, Writing, and Understanding the News",5,5,2025-2026 Spring,1,SEM,12,12,120-410,"Monday,Wednesday",9:30:00 AM,10:50:00 AM,"Mar 30, 2026","Jun 3, 2026",hs_social,104,intro,COMM-104W-SEM-01,True
122,COMM,"Trust and Safety (CS 152, INTLPOL 267)",3,3,2025-2026 Spring,2,DIS,20,0,320-109,Monday,10:30:00 AM,11:20:00 AM,"Mar 30, 2026","Jun 3, 2026",hs_social,122,intro,COMM-122-DIS-02,False
122,COMM,"Trust and Safety (CS 152, INTLPOL 267)",3,3,2025-2026 Spring,6,DIS,20,3,60-108,Friday,10:30:00 AM,11:20:00 AM,"Mar 30, 2026","Jun 3, 2026",hs_social,122,intro,COMM-122-DIS-06,False
122,COMM,"Trust and Safety (CS 152, INTLPOL 267)",3,3,2025-2026 Spring,4,DIS,20,3,STLC 104,Wednesday,11:30:00 AM,12:20:00 PM,"Mar 30, 2026","Jun 3, 2026",hs_social,122,intro,COMM-122-DIS-04,False
122,COMM,"Trust and Safety (CS 152, INTLPOL 267)",3,3,2025-2026 Spring,5,DIS,20,3,300-303,Wednesday,6:30:00 PM,7:20:00 PM,"Mar 30, 2026","Jun 3, 2026",hs_social,122,intro,COMM-122-DIS-05,False
122,COMM,"Trust and Safety (CS 152, INTLPOL 267)",3,3,2025-2026 Spring,1,LEC,14,11,420-041,"Tuesday,Thursday",3:00:00 PM,4:20:00 PM,"Mar 30, 2026","Jun 3, 2026",hs_social,122,intro,COMM-122-LEC-01,True
122,COMM,"Trust and Safety (CS 152, INTLPOL 267)",3,3,2025-2026 Spring,3,DIS,20,2,Lathrop 190,Monday,4:30:00 PM,5:20:00 PM,"Mar 30, 2026","Jun 3, 2026",hs_social,122,intro,COMM-122-DIS-03,False
124,COMM,"Truth, Trust, and Tech (COMM 224)",4,5,2025-2026 Spring,1,LEC,80,54,Lathrop 282,"Monday,Wednesday",1:30:00 PM,2:50:00 PM,"Mar 30, 2026","Jun 3, 2026",hs_social,124,intro,COMM-124-LEC-01,True
140X,COMM,"Data Science for Social Impact (DATASCI 154, EARTHSYS 153, ECON 163, MS&E 134, POLISCI 154, PUBLPOL 155, SOC 127)",5,5,2025-2026 Spring,1,LEC,20,2,CODAB90,"Tuesday,Thursday",3:00:00 PM,4:20:00 PM,"Mar 30, 2026","Jun 3, 2026",hs_social,140,intro,COMM-140X-LEC-01,True
145,COMM,Personality and Digital Media (COMM 245),4,5,2025-2026 Spring,1,LEC,84,82,STLC 114,"Tuesday,Thursday",10:30:00 AM,11:50:00 AM,"Mar 30, 2026","Jun 3, 2026",hs_social,145,intro,COMM-145-LEC-01,True
164,COMM,"The Psychology of Communication About Politics in America (AMSTUD 124L, COMM 264, POLISCI 124L, POLISCI 324L, PSYCH 170, PUBLPOL 164)",4,5,2025-2026 Spring,1,LEC,125,13,200-002,Tuesday,1:30:00 PM,4:20:00 PM,"Mar 30, 2026","Jun 3, 2026",hs_social,164,intro,COMM-164-LEC-01,True
176,COMM,Advanced Digital Journalism Production (COMM 276),4,5,2025-2026 Spring,1,SEM,10,2,120-410,"Tuesday,Thursday",10:30:00 AM,11:50:00 AM,"Mar 30, 2026","Jun 3, 2026",hs_social,176,intro,COMM-176-SEM-01,True
177A,COMM,News Frontiers (COMM 277A),4,5,2025-2026 Spring,1,SEM,15,0,120-410,"Monday,Wednesday",12:30:00 PM,2:20:00 PM,"Mar 30, 2026","Jun 3, 2026",hs_social,177,intro,COMM-177A-SEM-01,True
177C,COMM,"Science and Environmental Journalism (COMM 277C, EARTHSYS 177C, EARTHSYS 277C)",4,5,2025-2026 Spring,1,SEM,15,0,Y2E2 101,"Monday,Wednesday",12:30:00 PM,2:20:00 PM,"Mar 30, 2026","Jun 3, 2026",hs_social,177,intro,COMM-177C-SEM-01,True
177G,COMM,"Multimedia Environmental Communication (COMM 277G, EARTHSYS 192, EARTHSYS 292)",3,3,2025-2026 Spring,1,SEM,24,0,Y2E2 101,Monday,2:30:00 PM,5:20:00 PM,"Mar 30, 2026","Jun 3, 2026",hs_social,177,intro,COMM-177G-SEM-01,True
177I,COMM,Investigative Watchdog Reporting (COMM 277I),4,5,2025-2026 Spring,1,SEM,14,8,160-326,"Monday,Wednesday",10:30:00 AM,11:50:00 AM,"Mar 30, 2026","Jun 3, 2026",hs_social,177,intro,COMM-177I-SEM-01,True
177SW,COMM,Specialized Writing and Reporting: Sports Journalism (COMM 277S),4,5,2025-2026 Spring,1,SEM,13,10,120-101,"Tuesday,Thursday",9:00:00 AM,10:50:00 AM,"Mar 30, 2026","Jun 3, 2026",hs_social,177,intro,COMM-177SW-SEM-01,True
177Y,COMM,Specialized Writing and Reporting: Foreign Correspondence (COMM 277Y),4,5,2025-2026 Spring,1,SEM,24,20,Lathrop 190,"Tuesday,Thursday",12:00:00 PM,1:20:00 PM,"Mar 30, 2026","Jun 3, 2026",hs_social,177,intro,COMM-177Y-SEM-01,True
184,COMM,"Race and Media (AMSTUD 184, COMM 284, CSRE 185, CSRE 286)",4,5,2025-2026 Spring,1,LEC,55,47,300-300,"Tuesday,Thursday",12:00:00 PM,1:20:00 PM,"Mar 30, 2026","Jun 3, 2026",hs_social,184,intro,COMM-184-LEC-01,True
224,COMM,"Truth, Trust, and Tech (COMM 124)",4,5,2025-2026 Spring,1,LEC,30,17,Lathrop 282,"Monday,Wednesday",1:30:00 PM,2:50:00 PM,"Mar 30, 2026","Jun 3, 2026",hs_social,224,mid,COMM-224-LEC-01,True
245,COMM,Personality and Digital Media (COMM 145),4,5,2025-2026 Spring,1,LEC,35,32,STLC 114,"Tuesday,Thursday",10:30:00 AM,11:50:00 AM,"Mar 30, 2026","Jun 3, 2026",hs_social,245,mid,COMM-245-LEC-01,True
264,COMM,"The Psychology of Communication About Politics in America (AMSTUD 124L, COMM 164, POLISCI 124L, POLISCI 324L, PSYCH 170, PUBLPOL 164)",4,5,2025-2026 Spring,1,LEC,40,7,200-002,Tuesday,1:30:00 PM,4:20:00 PM,"Mar 30, 2026","Jun 3, 2026",hs_social,264,mid,COMM-264-LEC-01,True
276,COMM,Advanced Digital Journalism Production (COMM 176),4,5,2025-2026 Spring,1,SEM,15,4,120-410,"Tuesday,Thursday",10:30:00 AM,11:50:00 AM,"Mar 30, 2026","Jun 3, 2026",hs_social,276,mid,COMM-276-SEM-01,True
277A,COMM,News Frontiers (COMM 177A),4,5,2025-2026 Spring,1,SEM,20,7,120-410,"Monday,Wednesday",12:30:00 PM,2:20:00 PM,"Mar 30, 2026","Jun 3, 2026",hs_social,277,mid,COMM-277A-SEM-01,True
277C,COMM,"Science and Environmental Journalism (COMM 177C, EARTHSYS 177C, EARTHSYS 277C)",4,5,2025-2026 Spring,1,SEM,15,3,Y2E2 101,"Monday,Wednesday",12:30:00 PM,2:20:00 PM,"Mar 30, 2026","Jun 3, 2026",hs_social,277,mid,COMM-277C-SEM-01,True
277D,COMM,Specialized Writing and Reporting: Narrative Journalism (COMM 177D),4,5,2025-2026 Spring,1,SEM,11,12,Lathrop 290,"Monday,Wednesday",3:00:00 PM,4:20:00 PM,"Mar 30, 2026","Jun 3, 2026",hs_social,277,mid,COMM-277D-SEM-01,True
277G,COMM,"Multimedia Environmental Communication (COMM 177G, EARTHSYS 192, EARTHSYS 292)",3,3,2025-2026 Spring,1,SEM,24,1,Y2E2 101,Monday,2:30:00 PM,5:20:00 PM,"Mar 30, 2026","Jun 3, 2026",hs_social,277,mid,COMM-277G-SEM-01,True
277I,COMM,Investigative Watchdog Reporting (COMM 177I),4,5,2025-2026 Spring,1,SEM,15,6,160-326,"Monday,Wednesday",10:30:00 AM,11:50:00 AM,"Mar 30, 2026","Jun 3, 2026",hs_social,277,mid,COMM-277I-SEM-01,True
277S,COMM,Specialized Writing and Reporting: Sports Journalism (COMM 177SW),4,5,2025-2026 Spring,1,SEM,15,5,120-101,"Tuesday,Thursday",9:00:00 AM,10:50:00 AM,"Mar 30, 2026","Jun 3, 2026",hs_social,277,mid,COMM-277S-SEM-01,True
277Y,COMM,Specialized Writing and Reporting: Foreign Correspondence (COMM 177Y),4,5,2025-2026 Spring,1,SEM,16,10,Lathrop 190,"Tuesday,Thursday",12:00:00 PM,1:20:00 PM,"Mar 30, 2026","Jun 3, 2026",hs_social,277,mid,COMM-277Y-SEM-01,True
284,COMM,"Race and Media (AMSTUD 184, COMM 184, CSRE 185, CSRE 286)",4,5,2025-2026 Spring,1,LEC,11,10,300-300,"Tuesday,Thursday",12:00:00 PM,1:20:00 PM,"Mar 30, 2026","Jun 3, 2026",hs_social,284,mid,COMM-284-LEC-01,True
289P,COMM,Journalism Thesis,2,4,2025-2026 Spring,8,SEM,20,0,,,,,"Mar 30, 2026","Jun 3, 2026",hs_social,289,mid,COMM-289P-SEM-08,True
289P,COMM,Journalism Thesis,2,4,2025-2026 Spring,7,SEM,20,0,,,,,"Mar 30, 2026","Jun 3, 2026",hs_social,289,mid,COMM-289P-SEM-07,True
289P,COMM,Journalism Thesis,2,4,2025-2026 Spring,2,SEM,20,0,,,,,"Mar 30, 2026","Jun 3, 2026",hs_social,289,mid,COMM-289P-SEM-02,True
289P,COMM,Journalism Thesis,2,4,2025-2026 Spring,3,SEM,20,1,,,,,"Mar 30, 2026","Jun 3, 2026",hs_social,289,mid,COMM-289P-SEM-03,True
289P,COMM,Journalism Thesis,2,4,2025-2026 Spring,4,SEM,20,7,,,,,"Mar 30, 2026","Jun 3, 2026",hs_social,289,mid,COMM-289P-SEM-04,True
289P,COMM,Journalism Thesis,2,4,2025-2026 Spring,6,SEM,20,4,,,,,"Mar 30, 2026","Jun 3, 2026",hs_social,289,mid,COMM-289P-SEM-06,True
289P,COMM,Journalism Thesis,2,4,2025-2026 Spring,1,SEM,20,1,,,,,"Mar 30, 2026","Jun 3, 2026",hs_social,289,mid,COMM-289P-SEM-01,True
289P,COMM,Journalism Thesis,2,4,2025-2026 Spring,9,SEM,20,1,,,,,"Mar 30, 2026","Jun 3, 2026",hs_social,289,mid,COMM-289P-SEM-09,True
308,COMM,"Graduate Seminar in Political Psychology (POLISCI 321, PSYCH 284)",1,3,2025-2026 Spring,1,SEM,15,3,120-452,Monday,12:15:00 PM,2:15:00 PM,"Mar 30, 2026","Jun 3, 2026",hs_social,308,advanced,COMM-308-SEM-01,True
345,COMM,Personality Expression in Digitally Mediated Contexts,1,5,2025-2026 Spring,1,SEM,10,4,200-230,Wednesday,10:30:00 AM,1:20:00 PM,"Mar 30, 2026","Jun 3, 2026",hs_social,345,advanced,COMM-345-SEM-01,True
369,COMM,"Multivariate Analysis, Measurement, and Study of Change in Social Science Research (PSYCH 253)",3,3,2025-2026 Spring,1,SEM,30,4,300-303,"Tuesday,Thursday",9:00:00 AM,10:20:00 AM,"Mar 30, 2026","Jun 3, 2026",hs_social,369,advanced,COMM-369-SEM-01,True
372B,COMM,Social Responses to Technology from TV to AI,1,5,2025-2026 Spring,1,SEM,12,6,120-101,Tuesday,1:30:00 PM,4:20:00 PM,"Mar 30, 2026","Jun 3, 2026",hs_social,372,advanced,COMM-372B-SEM-01,True
385,COMM,Media as Ways of Knowing,1,5,2025-2026 Spring,1,SEM,10,8,120-452,Thursday,3:00:00 PM,5:50:00 PM,"Mar 30, 2026","Jun 3, 2026",hs_social,385,advanced,COMM-385-SEM-01,True
15,ENGR,Dynamics,3,3,2025-2026 Spring,1,LEC,100,95,300-300,"Tuesday,Thursday",10:30:00 AM,11:50:00 AM,"Mar 30, 2026","Jun 3, 2026",engineering,15,intro,ENGR-15-LEC-01,True
21,ENGR,Engineering of Systems,3,3,2025-2026 Spring,1,LEC,42,39,Y2E2 111,"Tuesday,Thursday",8:30:00 AM,9:50:00 AM,"Mar 30, 2026","Jun 3, 2026",engineering,21,intro,ENGR-21-LEC-01,True
40ACE,ENGR,An Intro to Making: What is EE,1,1,2025-2026 Spring,1,LEC,24,9,160-326,Tuesday,4:30:00 PM,6:20:00 PM,"Mar 30, 2026","Jun 3, 2026",engineering,40,intro,ENGR-40ACE-LEC-01,True
40M,ENGR,An Intro to Making: What is EE,5,5,2025-2026 Spring,1,LEC,200,174,320-105,"Monday,Wednesday,Friday",3:00:00 PM,4:20:00 PM,"Mar 30, 2026","Jun 3, 2026",engineering,40,intro,ENGR-40M-LEC-01,True
50,ENGR,"Introduction to Materials Science, Nanotechnology Emphasis (MATSCI 50)",4,4,2025-2026 Spring,1,LEC,45,33,Sequoia Hall 200,"Monday,Wednesday,Friday",11:30:00 AM,12:20:00 PM,"Mar 30, 2026","Jun 3, 2026",engineering,50,intro,ENGR-50-LEC-01,True
50S,ENGR,STEMentors: Introduction to Materials Science ,1,1,2025-2026 Spring,1,LEC,10,2,240-101,Thursday,10:30:00 AM,11:20:00 AM,"Mar 30, 2026","Jun 3, 2026",engineering,50,intro,ENGR-50S-LEC-01,True
50S,ENGR,STEMentors: Introduction to Materials Science ,1,1,2025-2026 Spring,2,LEC,10,3,50-51B,Thursday,12:30:00 PM,1:20:00 PM,"Mar 30, 2026","Jun 3, 2026",engineering,50,intro,ENGR-50S-LEC-02,True
60,ENGR,Engineering Economics and Sustainability (CEE 146S),3,3,2025-2026 Spring,1,LEC,65,12,,,,,"Mar 30, 2026","Jun 3, 2026",engineering,60,intro,ENGR-60-LEC-01,True
76,ENGR,Information Science and Engineering,5,5,2025-2026 Spring,1,LEC,300,135,STLC 111,"Tuesday,Thursday",1:30:00 PM,2:50:00 PM,"Mar 30, 2026","Jun 3, 2026",engineering,76,intro,ENGR-76-LEC-01,True
80,ENGR,Introduction to Bioengineering (Engineering Living Matter) (BIOE 80),4,4,2025-2026 Spring,1,LEC,40,32,CODAB60,"Monday,Wednesday,Friday",1:30:00 PM,2:20:00 PM,"Mar 30, 2026","Jun 3, 2026",engineering,80,intro,ENGR-80-LEC-01,True
100,ENGR,Teaching Public Speaking,3,3,2025-2026 Spring,1,SEM,20,7,,,,,"Mar 30, 2026","Jun 3, 2026",engineering,100,intro,ENGR-100-SEM-01,True
102W,ENGR,Technical and Professional Communication (CEE 102W),3,3,2025-2026 Spring,1,PRA,15,6,SpilkerEngAppliedSci317,"Tuesday,Thursday",3:00:00 PM,4:20:00 PM,"Mar 30, 2026","Jun 3, 2026",engineering,102,intro,ENGR-102W-PRA-01,True
103,ENGR,Public Speaking (ENGR 203),3,3,2025-2026 Spring,1,PRA,50,21,Shriram 108,Tuesday,6:00:00 PM,8:50:00 PM,"Mar 30, 2026","Jun 3, 2026",engineering,103,intro,ENGR-103-PRA-01,True
103,ENGR,Public Speaking (ENGR 203),3,3,2025-2026 Spring,4,PRA,50,4,SpilkerEngAppliedSci143,"Tuesday,Thursday",6:00:00 PM,7:20:00 PM,"Mar 30, 2026","Jun 3, 2026",engineering,103,intro,ENGR-103-PRA-04,True
103,ENGR,Public Speaking (ENGR 203),3,3,2025-2026 Spring,3,PRA,50,5,,Thursday,6:00:00 PM,8:50:00 PM,"Mar 30, 2026","Jun 3, 2026",engineering,103,intro,ENGR-103-PRA-03,True
103,ENGR,Public Speaking (ENGR 203),3,3,2025-2026 Spring,6,PRA,8,5,Green Earth Sciences150,Tuesday,12:00:00 PM,2:50:00 PM,"Mar 30, 2026","Jun 3, 2026",engineering,103,intro,ENGR-103-PRA-06,True
103,ENGR,Public Speaking (ENGR 203),3,3,2025-2026 Spring,7,PRA,15,4,Gates B12,Thursday,12:00:00 PM,2:50:00 PM,"Mar 30, 2026","Jun 3, 2026",engineering,103,intro,ENGR-103-PRA-07,True
103,ENGR,Public Speaking (ENGR 203),3,3,2025-2026 Spring,5,PRA,15,9,SpilkerEngAppliedSci143,"Tuesday,Thursday",7:30:00 PM,8:50:00 PM,"Mar 30, 2026","Jun 3, 2026",engineering,103,intro,ENGR-103-PRA-05,True
103,ENGR,Public Speaking (ENGR 203),3,3,2025-2026 Spring,2,PRA,50,11,Shriram 108,Wednesday,6:00:00 PM,8:50:00 PM,"Mar 30, 2026","Jun 3, 2026",engineering,103,intro,ENGR-103-PRA-02,True
104B,ENGR,Designing Your Life,1,2,2025-2026 Spring,1,SEM,64,0,,,,,,,engineering,104,intro,ENGR-104B-SEM-01,True
104R,ENGR,Designing Your Spiritual Life (ENGR 204R),2,2,2025-2026 Spring,1,PRA,35,0,,,,,,,engineering,104,intro,ENGR-104R-PRA-01,True
105,ENGR,Feedback Control Design,3,3,2025-2026 Spring,1,LEC,75,47,Gates B3,"Tuesday,Thursday",9:00:00 AM,10:20:00 AM,"Mar 30, 2026","Jun 3, 2026",engineering,105,intro,ENGR-105-LEC-01,True
140A,ENGR,Leadership of Technology Ventures,3,3,2025-2026 Spring,1,LEC,20,12,STLC 105,Wednesday,9:30:00 AM,12:20:00 PM,"Mar 30, 2026","Jun 3, 2026",engineering,140,intro,ENGR-140A-LEC-01,True
154,ENGR,Vector Calculus for Engineers (CME 100),5,5,2025-2026 Spring,1,LEC,188,0,Hewlett Teaching Center 201,"Tuesday,Thursday",9:00:00 AM,10:50:00 AM,"Mar 30, 2026","Jun 3, 2026",engineering,154,intro,ENGR-154-LEC-01,True
155A,ENGR,Ordinary Differential Equations for Engineers (CME 102),5,5,2025-2026 Spring,3,DIS,999,0,,,,,,,engineering,155,intro,ENGR-155A-DIS-03,False
155A,ENGR,Ordinary Differential Equations for Engineers (CME 102),5,5,2025-2026 Spring,1,LEC,999,0,,,,,,,engineering,155,intro,ENGR-155A-LEC-01,True
155B,ENGR,Linear Algebra and Partial Differential Equations for Engineers (CME 104),5,5,2025-2026 Spring,1,LEC,45,0,320-109,"Tuesday,Thursday",5:30:00 PM,7:20:00 PM,"Mar 30, 2026","Jun 3, 2026",engineering,155,intro,ENGR-155B-LEC-01,True
155C,ENGR,Introduction to Probability and Statistics for Engineers (CME 106),4,4,2025-2026 Spring,1,LEC,188,1,,,,,,,engineering,155,intro,ENGR-155C-LEC-01,True
159Q,ENGR,Japanese Companies and Japanese Society (MATSCI 159Q),3,3,2025-2026 Spring,1,ISS,20,11,Departmental Room,Wednesday,5:30:00 PM,7:20:00 PM,"Mar 30, 2026","Jun 3, 2026",engineering,159,intro,ENGR-159Q-ISS-01,True
193,ENGR,"Develop Your Leadership Toolkit: Aim High, Embrace Uncertainty, and Achieve Impact",1,1,2025-2026 Spring,1,SEM,24,19,160-120,Wednesday,4:30:00 PM,5:20:00 PM,"Mar 30, 2026","Jun 3, 2026",engineering,193,intro,ENGR-193-SEM-01,True
199A,ENGR,Additional Calculus for Engineers,1,1,2025-2026 Spring,1,LAB,30,0,,,,,"Mar 30, 2026","Jun 3, 2026",engineering,199,intro,ENGR-199A-LAB-01,True
202S,ENGR,Directed Writing Projects,1,1,2025-2026 Spring,1,PRA,25,25,,,,,"Mar 30, 2026","Jun 3, 2026",engineering,202,mid,ENGR-202S-PRA-01,True
202W,ENGR,Technical  Communication,3,3,2025-2026 Spring,1,PRA,18,10,SpilkerEngAppliedSci143,"Tuesday,Thursday",3:00:00 PM,4:20:00 PM,"Mar 30, 2026","Jun 3, 2026",engineering,202,mid,ENGR-202W-PRA-01,True
203,ENGR,Public Speaking (ENGR 103),3,3,2025-2026 Spring,4,PRA,30,1,SpilkerEngAppliedSci143,"Tuesday,Thursday",6:00:00 PM,7:20:00 PM,"Mar 30, 2026","Jun 3, 2026",engineering,203,mid,ENGR-203-PRA-04,True
203,ENGR,Public Speaking (ENGR 103),3,3,2025-2026 Spring,7,PRA,15,5,Gates B12,Thursday,12:00:00 PM,2:50:00 PM,"Mar 30, 2026","Jun 3, 2026",engineering,203,mid,ENGR-203-PRA-07,True
203,ENGR,Public Speaking (ENGR 103),3,3,2025-2026 Spring,1,PRA,15,3,Shriram 108,Tuesday,6:00:00 PM,8:50:00 PM,"Mar 30, 2026","Jun 3, 2026",engineering,203,mid,ENGR-203-PRA-01,True
203,ENGR,Public Speaking (ENGR 103),3,3,2025-2026 Spring,2,PRA,30,9,Shriram 108,Wednesday,6:00:00 PM,8:50:00 PM,"Mar 30, 2026","Jun 3, 2026",engineering,203,mid,ENGR-203-PRA-02,True
203,ENGR,Public Speaking (ENGR 103),3,3,2025-2026 Spring,6,PRA,15,5,Green Earth Sciences150,Tuesday,12:00:00 PM,2:50:00 PM,"Mar 30, 2026","Jun 3, 2026",engineering,203,mid,ENGR-203-PRA-06,True
203,ENGR,Public Speaking (ENGR 103),3,3,2025-2026 Spring,5,PRA,30,4,SpilkerEngAppliedSci143,"Tuesday,Thursday",7:30:00 PM,8:50:00 PM,"Mar 30, 2026","Jun 3, 2026",engineering,203,mid,ENGR-203-PRA-05,True
203,ENGR,Public Speaking (ENGR 103),3,3,2025-2026 Spring,3,PRA,30,4,,Thursday,6:00:00 PM,8:50:00 PM,"Mar 30, 2026","Jun 3, 2026",engineering,203,mid,ENGR-203-PRA-03,True
204R,ENGR,Designing Your Spiritual Life (ENGR 104R),2,2,2025-2026 Spring,1,PRA,30,0,,,,,,,engineering,204,mid,ENGR-204R-PRA-01,True
241,ENGR,Advanced Micro and Nano Fabrication Laboratory,3,3,2025-2026 Spring,1,LAB,24,20,STLC 105,"Tuesday,Thursday",4:30:00 PM,5:50:00 PM,"Mar 30, 2026","Jun 3, 2026",engineering,241,mid,ENGR-241-LAB-01,True
245,ENGR,The Lean LaunchPad: Getting Your Lean Startup Off the Ground,4,4,2025-2026 Spring,1,LEC,48,35,Thornton 110,Wednesday,5:30:00 PM,8:20:00 PM,"Mar 30, 2026","Jun 3, 2026",engineering,245,mid,ENGR-245-LEC-01,True
265,ENGR,Technology Licensing and Commercialization,3,3,2025-2026 Spring,1,LEC,999,0,,,,,,,engineering,265,mid,ENGR-265-LEC-01,True
289,ENGR,"Career Building: Entrepreneurship / Intrapreneurship, People, Innovation, Decision-Making and Impact (CHEMENG 189, CHEMENG 289, RAD 189, RAD 289)",3,3,2025-2026 Spring,1,LEC,100,20,200-002,Thursday,1:30:00 PM,4:20:00 PM,"Mar 30, 2026","Jun 3, 2026",engineering,289,mid,ENGR-289-LEC-01,True
295,ENGR,"Learning & Teaching of Science (CTL 280, EDUC 280, PHYSICS 295)",3,3,2025-2026 Spring,1,LEC,35,2,Raikes 111,"Tuesday,Thursday",10:30:00 AM,11:50:00 AM,"Mar 30, 2026","Jun 3, 2026",engineering,295,mid,ENGR-295-LEC-01,True
298,ENGR,Seminar in Fluid Mechanics,1,1,2025-2026 Spring,1,COL,30,4,300-300,Tuesday,4:30:00 PM,5:50:00 PM,"Mar 30, 2026","Jun 3, 2026",engineering,298,mid,ENGR-298-COL-01,True
306,ENGR,Capital-Formation Design Theory in Practice,1,3,2025-2026 Spring,2,LBS,92,44,Lathrop 018,Friday,8:30:00 AM,10:20:00 AM,"Mar 30, 2026","Jun 3, 2026",engineering,306,advanced,ENGR-306-LBS-02,False
306,ENGR,Capital-Formation Design Theory in Practice,1,3,2025-2026 Spring,1,LEC,92,44,Lathrop 018,Wednesday,4:30:00 PM,7:20:00 PM,"Mar 30, 2026","Jun 3, 2026",engineering,306,advanced,ENGR-306-LEC-01,True
311B,ENGR,Designing the Professional,1,2,2025-2026 Spring,1,SEM,64,22,Departmental Room,Thursday,1:30:00 PM,3:20:00 PM,"Mar 30, 2026","Jun 3, 2026",engineering,311,advanced,ENGR-311B-SEM-01,True
311D,ENGR,Portfolio to Professional: Supporting the Development of Digital Presence Through ePortfolios,1,1,2025-2026 Spring,1,SEM,999,1,,,,,,,engineering,311,advanced,ENGR-311D-SEM-01,True
319,ENGR,Robotics and Autonomous Systems Seminar,1,1,2025-2026 Spring,1,COL,100,73,Gates B3,Friday,3:00:00 PM,4:20:00 PM,"Mar 30, 2026","Jun 3, 2026",engineering,319,advanced,ENGR-319-COL-01,True
70,ME,Introductory Fluids Engineering,3,3,2025-2026 Spring,1,LEC,79,49,530-127,"Monday,Wednesday",1:30:00 PM,2:50:00 PM,"Mar 30, 2026","Jun 3, 2026",engineering,70,intro,ME-70-LEC-01,True
104,ME,Mechanical Systems Design,4,4,2025-2026 Spring,1,LEC,72,52,Departmental Room,"Tuesday,Thursday",1:30:00 PM,3:20:00 PM,"Mar 30, 2026","Jun 3, 2026",engineering,104,intro,ME-104-LEC-01,True
123,ME,Computational Engineering,4,4,2025-2026 Spring,1,LEC,62,40,Thornton 110,"Monday,Wednesday,Friday",10:30:00 AM,11:50:00 AM,"Mar 30, 2026","Jun 3, 2026",engineering,123,intro,ME-123-LEC-01,True
131,ME,Heat Transfer,4,4,2025-2026 Spring,1,LEC,96,43,260-113,"Monday,Wednesday,Friday",9:30:00 AM,10:20:00 AM,"Mar 30, 2026","Jun 3, 2026",engineering,131,intro,ME-131-LEC-01,True
149,ME,Mechanical Measurements,4,4,2025-2026 Spring,5,LBS,15,8,Departmental Room,Thursday,1:30:00 PM,5:20:00 PM,"Mar 30, 2026","Jun 3, 2026",engineering,149,intro,ME-149-LBS-05,False
149,ME,Mechanical Measurements,4,4,2025-2026 Spring,2,LBS,15,17,Departmental Room,Monday,12:30:00 PM,4:20:00 PM,"Mar 30, 2026","Jun 3, 2026",engineering,149,intro,ME-149-LBS-02,False
149,ME,Mechanical Measurements,4,4,2025-2026 Spring,4,LBS,15,12,Departmental Room,Tuesday,1:30:00 PM,5:20:00 PM,"Mar 30, 2026","Jun 3, 2026",engineering,149,intro,ME-149-LBS-04,False
149,ME,Mechanical Measurements,4,4,2025-2026 Spring,3,LBS,15,16,Departmental Room,Wednesday,12:30:00 PM,4:20:00 PM,"Mar 30, 2026","Jun 3, 2026",engineering,149,intro,ME-149-LBS-03,False
149,ME,Mechanical Measurements,4,4,2025-2026 Spring,1,LAB,60,53,60-109,"Monday,Wednesday",4:30:00 PM,5:20:00 PM,"Mar 30, 2026","Jun 3, 2026",engineering,149,intro,ME-149-LAB-01,True
170C,ME,Mechanical Engineering Design - Integrating Context with Engineering III,1,3,2025-2026 Spring,1,LEC,40,7,320-220,Thursday,10:30:00 AM,11:20:00 AM,"Mar 30, 2026","Jun 3, 2026",engineering,170,intro,ME-170C-LEC-01,True
206B,ME,Design for Extreme Affordability,4,4,2025-2026 Spring,1,LEC,40,15,,"Monday,Wednesday",10:30:00 AM,12:20:00 PM,"Mar 30, 2026","Jun 3, 2026",engineering,206,mid,ME-206B-LEC-01,True
206B,ME,Design for Extreme Affordability,4,4,2025-2026 Spring,1,LEC,40,15,,Thursday,6:30:00 PM,8:30:00 PM,"Mar 30, 2026","Jun 3, 2026",engineering,206,mid,ME-206B-LEC-01,True
218C,ME,Smart Product Design Practice,4,5,2025-2026 Spring,1,LEC,72,17,Departmental Room,"Tuesday,Thursday",11:30:00 AM,1:20:00 PM,"Mar 30, 2026","Jun 3, 2026",engineering,218,mid,ME-218C-LEC-01,True
235,ME,"Biotransport Phenomena (APPPHYS 235, BIOE 235, BIOPHYS 235)",3,3,2025-2026 Spring,1,LEC,30,15,160-127,"Monday,Wednesday",1:30:00 PM,2:50:00 PM,"Mar 30, 2026","Jun 3, 2026",engineering,235,mid,ME-235-LEC-01,True
236,ME,Tales to Design Cars By,1,3,2025-2026 Spring,1,LEC,16,9,Departmental Room,Tuesday,1:30:00 PM,4:20:00 PM,"Mar 30, 2026","Jun 3, 2026",engineering,236,mid,ME-236-LEC-01,True
283,ME,Introduction to Biomechanics and Mechanobiology (BIOE 282),3,3,2025-2026 Spring,1,LEC,80,33,Thornton 102,"Monday,Wednesday",9:30:00 AM,10:50:00 AM,"Mar 30, 2026","Jun 3, 2026",engineering,283,mid,ME-283-LEC-01,True
286,ME,Identification and Estimation in Engineering Design,3,3,2025-2026 Spring,1,LEC,12,0,,,,,,,engineering,286,mid,ME-286-LEC-01,True
300C,ME,Introduction to Numerical Methods for Engineering (CME 206),3,3,2025-2026 Spring,1,LEC,79,29,530-127,"Tuesday,Thursday",10:30:00 AM,11:50:00 AM,"Mar 30, 2026","Jun 3, 2026",engineering,300,advanced,ME-300C-LEC-01,True
310C,ME,"Global Engineering Design Thinking, Innovation, and Entrepreneurship",4,5,2025-2026 Spring,1,LAB,50,16,Departmental Room,Thursday,3:00:00 PM,5:50:00 PM,"Mar 30, 2026","Jun 3, 2026",engineering,310,advanced,ME-310C-LAB-01,True
310C,ME,"Global Engineering Design Thinking, Innovation, and Entrepreneurship",4,5,2025-2026 Spring,1,LAB,50,16,Departmental Room,Tuesday,4:30:00 PM,5:50:00 PM,"Mar 30, 2026","Jun 3, 2026",engineering,310,advanced,ME-310C-LAB-01,True
318,ME,Computer-Aided Product Creation,3,4,2025-2026 Spring,3,LBS,18,0,,,,,,,engineering,318,advanced,ME-318-LBS-03,False
318,ME,Computer-Aided Product Creation,3,4,2025-2026 Spring,2,LBS,18,0,,,,,,,engineering,318,advanced,ME-318-LBS-02,False
318,ME,Computer-Aided Product Creation,3,4,2025-2026 Spring,1,LEC,18,0,,,,,,,engineering,318,advanced,ME-318-LEC-01,True
327,ME,Design and Control of Haptic Systems,3,3,2025-2026 Spring,1,LEC,79,72,Departmental Room,"Tuesday,Thursday",9:00:00 AM,10:20:00 AM,"Mar 30, 2026","Jun 3, 2026",engineering,327,advanced,ME-327-LEC-01,True
331B,ME,"Advanced Dynamics, Simulation & Control",3,3,2025-2026 Spring,1,LEC,79,24,530-127,"Wednesday,Friday",3:00:00 PM,4:20:00 PM,"Mar 30, 2026","Jun 3, 2026",engineering,331,advanced,ME-331B-LEC-01,True
338,ME,Continuum Mechanics,3,3,2025-2026 Spring,1,LEC,30,15,McCullough 122,"Tuesday,Thursday",1:30:00 PM,2:50:00 PM,"Mar 30, 2026","Jun 3, 2026",engineering,338,advanced,ME-338-LEC-01,True
339,ME,"Introduction to parallel computing using MPI, openMP, and CUDA (CME 213)",3,3,2025-2026 Spring,1,LEC,100,6,Gates B3,"Monday,Wednesday,Friday",1:30:00 PM,2:50:00 PM,"Mar 30, 2026","Jun 3, 2026",engineering,339,advanced,ME-339-LEC-01,True
352C,ME,Convective Heat Transfer,3,3,2025-2026 Spring,1,LEC,45,26,200-030,"Monday,Wednesday,Friday",9:30:00 AM,10:20:00 AM,"Mar 30, 2026","Jun 3, 2026",engineering,352,advanced,ME-352C-LEC-01,True
354,ME,Experimental Methods in Fluid Mechanics,3,3,2025-2026 Spring,1,LEC,24,14,200-105,"Tuesday,Thursday",3:00:00 PM,4:20:00 PM,"Mar 30, 2026","Jun 3, 2026",engineering,354,advanced,ME-354-LEC-01,True
360,ME,Physics of  Microfluidics,3,3,2025-2026 Spring,1,LEC,24,8,200-105,"Tuesday,Thursday",1:30:00 PM,2:50:00 PM,"Mar 30, 2026","Jun 3, 2026",engineering,360,advanced,ME-360-LEC-01,True
361,ME,Turbulence,3,3,2025-2026 Spring,1,LEC,40,24,200-303,"Monday,Wednesday,Friday",3:00:00 PM,4:20:00 PM,"Mar 30, 2026","Jun 3, 2026",engineering,361,advanced,ME-361-LEC-01,True
367,ME,Optical Diagnostics and Spectroscopy Laboratory,4,4,2025-2026 Spring,1,LEC,50,6,540-108,"Monday,Wednesday,Friday",9:30:00 AM,10:20:00 AM,"Mar 30, 2026","Jun 3, 2026",engineering,367,advanced,ME-367-LEC-01,True
368B,ME,"Biodesign Innovation: Concept Development and Implementation (BIOE 374B, MED 272B)",4,4,2025-2026 Spring,1,LEC,25,5,GSB Gunn 102,"Tuesday,Thursday",4:25:00 PM,6:10:00 PM,"Mar 30, 2026","Jun 3, 2026",engineering,368,advanced,ME-368B-LEC-01,True
378,ME,"Tell, Make, Engage: Action Stories for Entrepreneuring",1,3,2025-2026 Spring,1,LEC,21,19,Departmental Room,Wednesday,1:30:00 PM,3:20:00 PM,"Mar 30, 2026","Jun 3, 2026",engineering,378,advanced,ME-378-LEC-01,True
390A,ME,"Thermofluids, Energy, and Propulsion Research Seminar",1,1,2025-2026 Spring,1,SEM,25,17,Departmental Room,Wednesday,4:30:00 PM,5:20:00 PM,"Mar 30, 2026","Jun 3, 2026",engineering,390,advanced,ME-390A-SEM-01,True
395,ME,Seminar in Solid Mechanics,1,1,2025-2026 Spring,1,SEM,79,19,530-127,Thursday,4:30:00 PM,5:20:00 PM,"Mar 30, 2026","Jun 3, 2026",engineering,395,advanced,ME-395-SEM-01,True
412,ME,Engineering Functional Analysis and Finite Elements (CME 356),3,3,2025-2026 Spring,1,LEC,15,5,200-201,"Tuesday,Thursday",10:30:00 AM,11:50:00 AM,"Mar 30, 2026","Jun 3, 2026",engineering,412,advanced,ME-412-LEC-01,True
469,ME,Computational Methods in Fluid Mechanics (CME 369),3,3,2025-2026 Spring,1,LEC,25,8,Thornton 211,"Tuesday,Thursday",10:30:00 AM,11:50:00 AM,"Mar 30, 2026","Jun 3, 2026",engineering,469,advanced,ME-469-LEC-01,True
470,ME,Uncertainty Quantification (CEE 362A),3,3,2025-2026 Spring,1,LEC,30,0,,,,,,,engineering,470,advanced,ME-470-LEC-01,True
31C,CEE,Computation & Generative Design,3,3,2025-2026 Spring,1,LEC,15,2,Departmental Room,"Monday,Wednesday",9:30:00 AM,11:20:00 AM,"Mar 30, 2026","Jun 3, 2026",engineering,31,intro,CEE-31C-LEC-01,True
32H,CEE,Responsive Structures (CEE 132H),3,3,2025-2026 Spring,1,LEC,15,0,Departmental Room,Wednesday,6:00:00 PM,8:50:00 PM,"Mar 30, 2026","Jun 3, 2026",engineering,32,intro,CEE-32H-LEC-01,True
32V,CEE,Architectural Design Lecture Series Course,1,1,2025-2026 Spring,1,LEC,50,3,Departmental Room,Wednesday,4:30:00 PM,6:20:00 PM,"Mar 30, 2026","Jun 3, 2026",engineering,32,intro,CEE-32V-LEC-01,True
33E,CEE,A Global History of Architecture and Engineering (ARTHIST 133E),3,4,2025-2026 Spring,1,LEC,79,17,McMurtry Art Building Oshman,"Monday,Wednesday",10:30:00 AM,12:20:00 PM,"Mar 30, 2026","Jun 3, 2026",engineering,33,intro,CEE-33E-LEC-01,True
33Q,CEE,"Studio 1: Architecture - Space, Light, and Movement",5,5,2025-2026 Spring,1,ISS,20,14,Y2E2 266,"Tuesday,Thursday",1:30:00 PM,4:20:00 PM,"Mar 30, 2026","Jun 3, 2026",engineering,33,seminar,CEE-33Q-ISS-01,True
34N,CEE,Wind Energy Explained,3,3,2025-2026 Spring,1,ISF,16,10,Departmental Room,"Tuesday,Thursday",9:00:00 AM,10:20:00 AM,"Mar 30, 2026","Jun 3, 2026",engineering,34,seminar,CEE-34N-ISF-01,True
86Q,CEE,From the Foothills to the Bay: Perspectives on the Sacramento River & SF Bay/Delta (OCEANS 86Q),3,3,2025-2026 Spring,1,ISS,18,7,Departmental Room,"Monday,Wednesday",4:30:00 PM,5:50:00 PM,"Mar 30, 2026","Jun 3, 2026",engineering,86,seminar,CEE-86Q-ISS-01,True
102W,CEE,Technical and Professional Communication (ENGR 102W),3,3,2025-2026 Spring,1,PRA,15,2,SpilkerEngAppliedSci317,"Tuesday,Thursday",3:00:00 PM,4:20:00 PM,"Mar 30, 2026","Jun 3, 2026",engineering,102,intro,CEE-102W-PRA-01,True
107A,CEE,"Understand Energy (CEE 207A, EARTHSYS 103, ENERGY 107A, ENERGY 207A)",3,5,2025-2026 Spring,1,LEC,125,36,Shriram 104,"Monday,Wednesday,Friday",10:30:00 AM,11:50:00 AM,"Mar 30, 2026","Jun 3, 2026",engineering,107,intro,CEE-107A-LEC-01,True
107R,CEE,E^3: Extreme Energy Efficiency (CEE 207R),3,5,2025-2026 Spring,2,DIS,50,3,Y2E2 292A,Wednesday,4:30:00 PM,5:20:00 PM,"Mar 30, 2026","Jun 3, 2026",engineering,107,intro,CEE-107R-DIS-02,False
107R,CEE,E^3: Extreme Energy Efficiency (CEE 207R),3,5,2025-2026 Spring,1,WKS,40,4,Y2E2 292A,Wednesday,1:30:00 PM,4:20:00 PM,"Mar 30, 2026","Jun 3, 2026",engineering,107,intro,CEE-107R-WKS-01,True
108X,CEE,"Explore Energy Seminar: Propel (CEE 208X, ENERGY 108X, ENERGY 208X)",1,2,2025-2026 Spring,1,SEM,40,3,Potter House,Tuesday,6:00:00 PM,7:20:00 PM,"Mar 30, 2026","Jun 3, 2026",engineering,108,intro,CEE-108X-SEM-01,True
112E,CEE,"Geomorphology: The Mechanics of Earth's Landscapes (CEE 212E, EARTHSYS 112G, EARTHSYS 212G, EPS 112, ESS 137, ESS 237, GEOPHYS 113, GEOPHYS 213)",4,4,2025-2026 Spring,1,LEC,24,0,320-241,"Tuesday,Thursday",9:00:00 AM,10:20:00 AM,"Mar 30, 2026","Jun 3, 2026",engineering,112,intro,CEE-112E-LEC-01,True
112E,CEE,"Geomorphology: The Mechanics of Earth's Landscapes (CEE 212E, EARTHSYS 112G, EARTHSYS 212G, EPS 112, ESS 137, ESS 237, GEOPHYS 113, GEOPHYS 213)",4,4,2025-2026 Spring,1,LEC,24,0,320-241,"Tuesday,Thursday",10:30:00 AM,11:50:00 AM,"Mar 30, 2026","Jun 3, 2026",engineering,112,intro,CEE-112E-LEC-01,True
120C,CEE,Parametric Design and Optimization (CEE 220C),2,4,2025-2026 Spring,1,LEC,90,5,,,,,"Mar 30, 2026","Jun 3, 2026",engineering,120,intro,CEE-120C-LEC-01,True
121,CEE,"Global AI Entrepreneurship, Infrastructure, and Sustainability (CEE 221)",1,1,2025-2026 Spring,1,SEM,60,28,CODAB90,Monday,4:30:00 PM,5:20:00 PM,"Mar 30, 2026","Jun 3, 2026",engineering,121,intro,CEE-121-SEM-01,True
122B,CEE,Computer Integrated A/E/C,3,3,2025-2026 Spring,1,LEC,30,1,Departmental Room,Friday,12:30:00 PM,3:20:00 PM,"Mar 30, 2026","Jun 3, 2026",engineering,122,intro,CEE-122B-LEC-01,True
130R,CEE,"Racial Equity in Energy (AFRICAAM 131, CEE 330)",2,3,2025-2026 Spring,1,LEC,24,9,Y2E2 292A,"Monday,Wednesday",11:30:00 AM,12:20:00 PM,"Mar 30, 2026","Jun 3, 2026",engineering,130,intro,CEE-130R-LEC-01,True
132C,CEE,SA+E Colloquium C,1,1,2025-2026 Spring,1,COL,18,5,Departmental Room,Friday,11:30:00 AM,12:20:00 PM,"Mar 30, 2026","Jun 3, 2026",engineering,132,intro,CEE-132C-COL-01,True
132H,CEE,Responsive Structures (CEE 32H),3,3,2025-2026 Spring,1,LEC,20,9,Departmental Room,Wednesday,6:00:00 PM,8:50:00 PM,"Mar 30, 2026","Jun 3, 2026",engineering,132,intro,CEE-132H-LEC-01,True
133A,CEE,"Studio 1: Architecture - Space, Light, and Movement (CEE 233A)",5,5,2025-2026 Spring,1,LAB,18,8,Y2E2 266,"Monday,Wednesday",9:30:00 AM,12:20:00 PM,"Mar 30, 2026","Jun 3, 2026",engineering,133,intro,CEE-133A-LAB-01,True
133C,CEE,Studio 3: Integrated Architecture and Engineering (CEE 233C),5,5,2025-2026 Spring,1,LAB,18,0,,,,,,,engineering,133,intro,CEE-133C-LAB-01,True
133F,CEE,Studio 6: Integrated Design Capstone (CEE 233F),5,5,2025-2026 Spring,1,LAB,18,11,Y2E2 266,"Monday,Wednesday",3:00:00 PM,5:50:00 PM,"Mar 30, 2026","Jun 3, 2026",engineering,133,intro,CEE-133F-LAB-01,True
134E,CEE,"Architectural Theory of the American City (AMSTUD 33, URBANST 33)",3,3,2025-2026 Spring,1,SEM,20,11,Departmental Room,"Tuesday,Thursday",10:30:00 AM,11:50:00 AM,"Mar 30, 2026","Jun 3, 2026",engineering,134,intro,CEE-134E-SEM-01,True
139B,CEE,Graphic Design and Visual Communication,3,3,2025-2026 Spring,1,LAB,18,10,Departmental Room,Thursday,1:30:00 PM,4:20:00 PM,"Mar 30, 2026","Jun 3, 2026",engineering,139,intro,CEE-139B-LAB-01,True
141C,CEE,Global Infrastructure Projects Seminar (CEE 241C),1,2,2025-2026 Spring,1,SEM,75,7,Turing Auditorium,Friday,9:30:00 AM,11:20:00 AM,"Mar 30, 2026","Jun 3, 2026",engineering,141,intro,CEE-141C-SEM-01,True
146S,CEE,Engineering Economics and Sustainability (ENGR 60),3,3,2025-2026 Spring,1,LEC,300,33,,,,,"Mar 30, 2026","Jun 3, 2026",engineering,146,intro,CEE-146S-LEC-01,True
151,CEE,Negotiation (CEE 251),3,3,2025-2026 Spring,1,LEC,60,23,Y2E2 111,Wednesday,11:30:00 AM,1:20:00 PM,"Mar 30, 2026","Jun 3, 2026",engineering,151,intro,CEE-151-LEC-01,True
162E,CEE,"Rivers, Streams, and Canals (CEE 262E)",3,3,2025-2026 Spring,1,LEC,65,1,Thornton 110,"Monday,Wednesday",3:00:00 PM,4:20:00 PM,"Mar 30, 2026","Jun 3, 2026",engineering,162,intro,CEE-162E-LEC-01,True
166A,CEE,Watershed Hydrologic Processes and Models (CEE 266A),3,3,2025-2026 Spring,1,LEC,62,2,Thornton 110,"Tuesday,Wednesday,Thursday",4:30:00 PM,5:20:00 PM,"Mar 30, 2026","Jun 3, 2026",engineering,166,intro,CEE-166A-LEC-01,True
172,CEE,Air Quality Management,3,3,2025-2026 Spring,1,LEC,75,10,Turing Auditorium,"Monday,Wednesday,Friday",3:30:00 PM,4:20:00 PM,"Mar 30, 2026","Jun 3, 2026",engineering,172,intro,CEE-172-LEC-01,True
175A,CEE,"California Coast: Science, Policy, and Law (CEE 275A, EBS 175, EBS 275)",3,4,2025-2026 Spring,1,LEC,40,7,,"Monday,Wednesday",11:10:00 AM,12:40:00 PM,"Mar 30, 2026","May 29, 2026",engineering,175,intro,CEE-175A-LEC-01,True
176B,CEE,"100% Clean, Renewable Energy and Storage for Everything (CEE 276B)",3,4,2025-2026 Spring,1,LEC,125,46,Shriram 104,"Tuesday,Thursday",1:30:00 PM,2:50:00 PM,"Mar 30, 2026","Jun 3, 2026",engineering,176,intro,CEE-176B-LEC-01,True
176M,CEE,"Spatial Planning for Gigascale Renewables & Transmission (CEE 276M, EARTHSYS 176M, EARTHSYS 276M)",3,3,2025-2026 Spring,1,PRA,40,5,160-124,"Tuesday,Thursday",9:00:00 AM,10:20:00 AM,"Mar 30, 2026","Jun 3, 2026",engineering,176,intro,CEE-176M-PRA-01,True
179E,CEE,Wastewater Treatment: From Disposal to Resource Recovery (CEE 279E),3,3,2025-2026 Spring,1,LEC,62,10,Y2E2 111,"Tuesday,Thursday",1:30:00 PM,2:50:00 PM,"Mar 30, 2026","Jun 3, 2026",engineering,179,intro,CEE-179E-LEC-01,True
180,CEE,Structural Analysis,4,4,2025-2026 Spring,1,LEC,40,12,Departmental Room,"Tuesday,Thursday",10:30:00 AM,12:20:00 PM,"Mar 30, 2026","Jun 3, 2026",engineering,180,intro,CEE-180-LEC-01,True
183,CEE,Integrated Civil Engineering Design Project,4,4,2025-2026 Spring,1,LEC,20,13,Departmental Room,"Monday,Wednesday",3:00:00 PM,5:50:00 PM,"Mar 30, 2026","Jun 3, 2026",engineering,183,intro,CEE-183-LEC-01,True
207A,CEE,"Understand Energy (CEE 107A, EARTHSYS 103, ENERGY 107A, ENERGY 207A)",3,5,2025-2026 Spring,1,LEC,60,13,Shriram 104,"Monday,Wednesday,Friday",10:30:00 AM,11:50:00 AM,"Mar 30, 2026","Jun 3, 2026",engineering,207,mid,CEE-207A-LEC-01,True
207R,CEE,E^3: Extreme Energy Efficiency (CEE 107R),3,5,2025-2026 Spring,2,DIS,50,7,Y2E2 292A,Wednesday,4:30:00 PM,5:20:00 PM,"Mar 30, 2026","Jun 3, 2026",engineering,207,mid,CEE-207R-DIS-02,False
207R,CEE,E^3: Extreme Energy Efficiency (CEE 107R),3,5,2025-2026 Spring,1,WKS,40,11,Y2E2 292A,Wednesday,1:30:00 PM,4:20:00 PM,"Mar 30, 2026","Jun 3, 2026",engineering,207,mid,CEE-207R-WKS-01,True
208X,CEE,"Explore Energy Seminar: Propel (CEE 108X, ENERGY 108X, ENERGY 208X)",1,2,2025-2026 Spring,1,SEM,44,5,Potter House,Tuesday,6:00:00 PM,7:20:00 PM,"Mar 30, 2026","Jun 3, 2026",engineering,208,mid,CEE-208X-SEM-01,True
212E,CEE,"Geomorphology: The Mechanics of Earth's Landscapes (CEE 112E, EARTHSYS 112G, EARTHSYS 212G, EPS 112, ESS 137, ESS 237, GEOPHYS 113, GEOPHYS 213)",4,4,2025-2026 Spring,1,LEC,30,0,320-241,"Tuesday,Thursday",9:00:00 AM,10:20:00 AM,"Mar 30, 2026","Jun 3, 2026",engineering,212,mid,CEE-212E-LEC-01,True
212E,CEE,"Geomorphology: The Mechanics of Earth's Landscapes (CEE 112E, EARTHSYS 112G, EARTHSYS 212G, EPS 112, ESS 137, ESS 237, GEOPHYS 113, GEOPHYS 213)",4,4,2025-2026 Spring,1,LEC,30,0,320-241,"Tuesday,Thursday",10:30:00 AM,11:50:00 AM,"Mar 30, 2026","Jun 3, 2026",engineering,212,mid,CEE-212E-LEC-01,True
216,CEE,Entrepreneurship through the Lens of Venture Capital,1,1,2025-2026 Spring,1,SEM,40,28,Mitchell Earth Sciences B67,Monday,2:30:00 PM,3:20:00 PM,"Mar 30, 2026","Jun 3, 2026",engineering,216,mid,CEE-216-SEM-01,True
220C,CEE,Parametric Design and Optimization (CEE 120C),2,4,2025-2026 Spring,1,LEC,65,30,,,,,"Mar 30, 2026","Jun 3, 2026",engineering,220,mid,CEE-220C-LEC-01,True
221,CEE,"Global AI Entrepreneurship, Infrastructure, and Sustainability (CEE 121)",1,1,2025-2026 Spring,1,SEM,120,18,CODAB90,Monday,4:30:00 PM,5:20:00 PM,"Mar 30, 2026","Jun 3, 2026",engineering,221,mid,CEE-221-SEM-01,True
222B,CEE,Computer Integrated Architecture/Engineering/Construction (AEC) Global Teamwork,3,3,2025-2026 Spring,1,LEC,30,8,Departmental Room,Friday,12:30:00 PM,3:20:00 PM,"Mar 30, 2026","Jun 3, 2026",engineering,222,mid,CEE-222B-LEC-01,True
226E,CEE,Techniques and Methods for Decarbonized and Energy Efficient Building Design,2,3,2025-2026 Spring,1,LEC,49,25,Departmental Room,"Tuesday,Thursday",3:00:00 PM,4:20:00 PM,"Mar 30, 2026","Jun 3, 2026",engineering,226,mid,CEE-226E-LEC-01,True
227,CEE,Global Project Finance,3,5,2025-2026 Spring,1,CAS,62,49,Y2E2 111,"Tuesday,Thursday",10:30:00 AM,11:50:00 AM,"Mar 30, 2026","Jun 3, 2026",engineering,227,mid,CEE-227-CAS-01,True
233A,CEE,"Studio 1: Architecture - Space, Light, and Movement (CEE 133A)",5,5,2025-2026 Spring,1,LAB,18,0,Y2E2 266,"Monday,Wednesday",9:30:00 AM,12:20:00 PM,"Mar 30, 2026","Jun 3, 2026",engineering,233,mid,CEE-233A-LAB-01,True
233C,CEE,Studio 3: Integrated Architecture and Engineering (CEE 133C),5,5,2025-2026 Spring,1,LAB,18,0,,,,,,,engineering,233,mid,CEE-233C-LAB-01,True
233F,CEE,Studio 6: Integrated Design Capstone (CEE 133F),5,5,2025-2026 Spring,1,LAB,18,0,Y2E2 266,"Monday,Wednesday",3:00:00 PM,5:50:00 PM,"Mar 30, 2026","Jun 3, 2026",engineering,233,mid,CEE-233F-LAB-01,True
240C,CEE,Strategic Management of Construction Businesses,2,2,2025-2026 Spring,1,LEC,30,24,Y2E2 101,Friday,3:30:00 PM,5:20:00 PM,"Mar 30, 2026","Jun 3, 2026",engineering,240,mid,CEE-240C-LEC-01,True
241C,CEE,Global Infrastructure Projects Seminar (CEE 141C),1,2,2025-2026 Spring,1,SEM,78,36,Turing Auditorium,Friday,9:30:00 AM,11:20:00 AM,"Mar 30, 2026","Jun 3, 2026",engineering,241,mid,CEE-241C-SEM-01,True
242,CEE,Organization Design for Projects and Companies,3,4,2025-2026 Spring,1,LEC,40,25,Y2E2 292A,"Tuesday,Thursday",10:30:00 AM,11:50:00 AM,"Mar 30, 2026","Jun 3, 2026",engineering,242,mid,CEE-242-LEC-01,True
246B,CEE,Real Estate Development and Finance,3,3,2025-2026 Spring,1,LEC,62,33,Y2E2 111,"Monday,Wednesday",6:00:00 PM,7:20:00 PM,"Mar 30, 2026","Jun 3, 2026",engineering,246,mid,CEE-246B-LEC-01,True
246S,CEE,Real Estate Finance Seminar or Real Estate Career Development Seminar,1,1,2025-2026 Spring,1,SEM,25,21,Departmental Room,Wednesday,6:00:00 PM,7:20:00 PM,"Mar 30, 2026","Jun 3, 2026",engineering,246,mid,CEE-246S-SEM-01,True
248,CEE,Introduction to Real Estate Development,2,2,2025-2026 Spring,1,LEC,30,29,Y2E2 292A,Thursday,4:30:00 PM,6:20:00 PM,"Mar 30, 2026","Jun 3, 2026",engineering,248,mid,CEE-248-LEC-01,True
250,CEE,Product Management Fundamentals for the Real Economy,3,3,2025-2026 Spring,1,LEC,125,22,Shriram 104,Tuesday,4:30:00 PM,7:20:00 PM,"Mar 30, 2026","Jun 3, 2026",engineering,250,mid,CEE-250-LEC-01,True
251,CEE,Negotiation (CEE 151),3,3,2025-2026 Spring,1,LEC,60,30,Y2E2 111,Wednesday,11:30:00 AM,1:20:00 PM,"Mar 30, 2026","Jun 3, 2026",engineering,251,mid,CEE-251-LEC-01,True
252,CEE,Silicon Valley and the U.S. Government (INTLPOL 300V),1,1,2025-2026 Spring,1,SEM,54,26,Y2E2 292A,Monday,5:30:00 PM,6:20:00 PM,"Mar 30, 2026","Jun 3, 2026",engineering,252,mid,CEE-252-SEM-01,True
261D,CEE,Data Assimilation,3,3,2025-2026 Spring,1,LEC,60,11,Thornton 110,"Monday,Wednesday,Friday",9:30:00 AM,10:20:00 AM,"Mar 30, 2026","Jun 3, 2026",engineering,261,mid,CEE-261D-LEC-01,True
262E,CEE,"Rivers, Streams, and Canals (CEE 162E)",3,3,2025-2026 Spring,1,LEC,65,14,Thornton 110,"Monday,Wednesday",3:00:00 PM,4:20:00 PM,"Mar 30, 2026","Jun 3, 2026",engineering,262,mid,CEE-262E-LEC-01,True
262F,CEE,"Ocean Waves (OCEANS 162F, OCEANS 262F)",3,3,2025-2026 Spring,1,LEC,16,9,Lathrop 015,"Tuesday,Thursday",10:30:00 AM,11:50:00 AM,"Mar 30, 2026","Jun 3, 2026",engineering,262,mid,CEE-262F-LEC-01,True
262H,CEE,Observational Methods in Coastal Oceanography (OCEANS 306),3,3,2025-2026 Spring,1,LEC,30,4,Departmental Room,"Tuesday,Thursday",1:30:00 PM,2:50:00 PM,"Mar 30, 2026","Jun 3, 2026",engineering,262,mid,CEE-262H-LEC-01,True
263E,CEE,Cloud and Aerosol: From Microphysics to Climate Change (ESS 288),3,3,2025-2026 Spring,1,LEC,10,8,STLC 105,"Tuesday,Thursday",3:00:00 PM,4:20:00 PM,"Mar 30, 2026","Jun 3, 2026",engineering,263,mid,CEE-263E-LEC-01,True
263G,CEE,"Energy Policy in California and the West (ENERGY 73, POLISCI 73, PUBLPOL 73)",1,1,2025-2026 Spring,1,LEC,24,17,Shriram 108,Wednesday,1:30:00 PM,2:50:00 PM,"Mar 30, 2026","Jun 3, 2026",engineering,263,mid,CEE-263G-LEC-01,True
263S,CEE,Atmosphere/Energy Seminar,1,1,2025-2026 Spring,1,SEM,18,11,Turing Auditorium,Tuesday,12:00:00 PM,1:20:00 PM,"Mar 30, 2026","Jun 3, 2026",engineering,263,mid,CEE-263S-SEM-01,True
266A,CEE,Watershed Hydrologic Processes and Models (CEE 166A),3,3,2025-2026 Spring,1,LEC,45,24,Thornton 110,"Tuesday,Wednesday,Thursday",4:30:00 PM,5:20:00 PM,"Mar 30, 2026","Jun 3, 2026",engineering,266,mid,CEE-266A-LEC-01,True
266G,CEE,Water Resources Systems Analysis,3,3,2025-2026 Spring,1,LEC,62,16,Y2E2 111,"Monday,Wednesday",1:30:00 PM,2:50:00 PM,"Mar 30, 2026","Jun 3, 2026",engineering,266,mid,CEE-266G-LEC-01,True
271B,CEE,Environmental Biotechnology,4,4,2025-2026 Spring,1,LEC,40,4,530-127,"Wednesday,Friday",9:30:00 AM,11:20:00 AM,"Mar 30, 2026","Jun 3, 2026",engineering,271,mid,CEE-271B-LEC-01,True
272M,CEE,Sustainable Mobility Seminar,1,1,2025-2026 Spring,1,SEM,45,24,Hewlett Teaching Center Rm 101,Wednesday,1:30:00 PM,2:20:00 PM,"Mar 30, 2026","Jun 3, 2026",engineering,272,mid,CEE-272M-SEM-01,True
272T,CEE,SmartGrids and Advanced Power Systems Seminar (EE 292T),1,2,2025-2026 Spring,1,SEM,60,24,Y2E2 292A,Thursday,1:30:00 PM,2:50:00 PM,"Mar 30, 2026","Jun 3, 2026",engineering,272,mid,CEE-272T-SEM-01,True
273B,CEE,The Business of Water (EBS 273),1,2,2025-2026 Spring,1,LEC,35,11,LAW 280A,Tuesday,4:15:00 PM,6:15:00 PM,"Mar 30, 2026","May 29, 2026",engineering,273,mid,CEE-273B-LEC-01,True
275A,CEE,"California Coast: Science, Policy, and Law (CEE 175A, EBS 175, EBS 275)",3,4,2025-2026 Spring,1,LEC,40,11,,"Monday,Wednesday",11:10:00 AM,12:40:00 PM,"Mar 30, 2026","May 29, 2026",engineering,275,mid,CEE-275A-LEC-01,True
276B,CEE,"100% Clean, Renewable Energy and Storage for Everything (CEE 176B)",3,4,2025-2026 Spring,1,LEC,125,25,Shriram 104,"Tuesday,Thursday",1:30:00 PM,2:50:00 PM,"Mar 30, 2026","Jun 3, 2026",engineering,276,mid,CEE-276B-LEC-01,True
276M,CEE,"Spatial Planning for Gigascale Renewables & Transmission (CEE 176M, EARTHSYS 176M, EARTHSYS 276M)",3,3,2025-2026 Spring,1,PRA,18,17,160-124,"Tuesday,Thursday",9:00:00 AM,10:20:00 AM,"Mar 30, 2026","Jun 3, 2026",engineering,276,mid,CEE-276M-PRA-01,True
279E,CEE,Wastewater Treatment: From Disposal to Resource Recovery (CEE 179E),3,3,2025-2026 Spring,1,LEC,62,10,Y2E2 111,"Tuesday,Thursday",1:30:00 PM,2:50:00 PM,"Mar 30, 2026","Jun 3, 2026",engineering,279,mid,CEE-279E-LEC-01,True
284W,CEE,The Dynamics of Wind Turbines,3,3,2025-2026 Spring,1,LEC,18,8,Departmental Room,"Tuesday,Thursday",3:00:00 PM,4:20:00 PM,"Mar 30, 2026","Jun 3, 2026",engineering,284,mid,CEE-284W-LEC-01,True
286,CEE,Structural Monitoring,3,4,2025-2026 Spring,1,LEC,62,10,Departmental Room,"Tuesday,Thursday",10:30:00 AM,11:50:00 AM,"Mar 30, 2026","Jun 3, 2026",engineering,286,mid,CEE-286-LEC-01,True
287,CEE,Earthquake Resistant Design and Construction,3,4,2025-2026 Spring,1,LEC,60,36,Turing Auditorium,"Monday,Wednesday",11:30:00 AM,1:20:00 PM,"Mar 30, 2026","Jun 3, 2026",engineering,287,mid,CEE-287-LEC-01,True
290,CEE,Structural Performance and Failures,2,2,2025-2026 Spring,1,LEC,62,32,Thornton 110,Monday,4:30:00 PM,5:50:00 PM,"Mar 30, 2026","Jun 3, 2026",engineering,290,mid,CEE-290-LEC-01,True
297M,CEE,Managing Critical Infrastructure,2,2,2025-2026 Spring,1,LEC,62,8,Shriram 104,Wednesday,4:30:00 PM,6:20:00 PM,"Mar 30, 2026","Jun 3, 2026",engineering,297,mid,CEE-297M-LEC-01,True
301,CEE,"The Stanford Energy Seminar (ENERGY 301, MS&E 494)",1,1,2025-2026 Spring,1,SEM,50,20,Hewlett Teaching Center 201,Monday,4:30:00 PM,5:20:00 PM,"Mar 30, 2026","Jun 3, 2026",engineering,301,advanced,CEE-301-SEM-01,True
314,CEE,Computational Poromechanics,3,3,2025-2026 Spring,1,LEC,20,14,Y2E2 111,"Monday,Wednesday,Friday",9:30:00 AM,11:20:00 AM,"Mar 30, 2026","Jun 3, 2026",engineering,314,advanced,CEE-314-LEC-01,True
324,CEE,Industrialized Construction,2,3,2025-2026 Spring,1,LEC,20,15,Departmental Room,"Monday,Wednesday,Friday",8:30:00 AM,9:20:00 AM,"Mar 30, 2026","Jun 3, 2026",engineering,324,advanced,CEE-324-LEC-01,True
327,CEE,Construction Robotics,3,3,2025-2026 Spring,1,LEC,24,8,Y2E2 292A,"Tuesday,Thursday",9:00:00 AM,10:20:00 AM,"Mar 30, 2026","Jun 3, 2026",engineering,327,advanced,CEE-327-LEC-01,True
327S,CEE,Construction Robotics Seminar,1,1,2025-2026 Spring,1,SEM,24,18,Y2E2 292E,Tuesday,9:00:00 AM,10:20:00 AM,"Mar 30, 2026","Jun 3, 2026",engineering,327,advanced,CEE-327S-SEM-01,True
329,CEE,Artificial Intelligence Applications in the AEC Industry,3,3,2025-2026 Spring,1,LEC,24,17,Y2E2 292A,"Monday,Wednesday",9:30:00 AM,10:50:00 AM,"Mar 30, 2026","Jun 3, 2026",engineering,329,advanced,CEE-329-LEC-01,True
330,CEE,"Racial Equity in Energy (AFRICAAM 131, CEE 130R)",2,3,2025-2026 Spring,1,LEC,60,14,Y2E2 292A,"Monday,Wednesday",11:30:00 AM,12:20:00 PM,"Mar 30, 2026","Jun 3, 2026",engineering,330,advanced,CEE-330-LEC-01,True
342,CEE,Designing for Gradient Spaces,3,3,2025-2026 Spring,1,LEC,24,3,Y2E2 292A,Monday,1:30:00 PM,4:20:00 PM,"Mar 30, 2026","Jun 3, 2026",engineering,342,advanced,CEE-342-LEC-01,True
362A,CEE,Uncertainty Quantification (ME 470),3,3,2025-2026 Spring,1,LEC,42,0,,,,,,,engineering,362,advanced,CEE-362A-LEC-01,True
363B,CEE,Chaos and Turbulence,3,3,2025-2026 Spring,1,LEC,30,10,Hewlett Teaching Center 102,"Monday,Wednesday",1:30:00 PM,2:50:00 PM,"Mar 30, 2026","Jun 3, 2026",engineering,363,advanced,CEE-363B-LEC-01,True
363F,CEE,Geophysical Fluid Dynamics (ESS 363F),3,3,2025-2026 Spring,1,LEC,18,4,Departmental Room,"Tuesday,Thursday",3:00:00 PM,4:20:00 PM,"Mar 30, 2026","Jun 3, 2026",engineering,363,advanced,CEE-363F-LEC-01,True
374W,CEE,"Advanced Topics in Water, Health and Development",1,18,2025-2026 Spring,1,RSC,200,0,,,,,"Mar 30, 2026","Jun 3, 2026",engineering,374,advanced,CEE-374W-RSC-01,True
42,BIOE,Physical Biology,4,4,2025-2026 Spring,2,DIS,75,62,Beckman Center B060,Wednesday,3:00:00 PM,4:20:00 PM,"Mar 30, 2026","Jun 3, 2026",engineering,42,seminar,BIOE-42-DIS-02,False
42,BIOE,Physical Biology,4,4,2025-2026 Spring,1,LEC,75,64,Beckman Center B060,"Monday,Friday",3:00:00 PM,4:20:00 PM,"Mar 30, 2026","Jun 3, 2026",engineering,42,intro,BIOE-42-LEC-01,True
44,BIOE,Fundamentals for Engineering Biology Lab,4,4,2025-2026 Spring,2,LBS,28,22,Departmental Room,"Tuesday,Thursday",1:30:00 PM,4:20:00 PM,"Mar 30, 2026","Jun 3, 2026",engineering,44,seminar,BIOE-44-LBS-02,False
44,BIOE,Fundamentals for Engineering Biology Lab,4,4,2025-2026 Spring,1,LEC,28,22,Departmental Room,"Monday,Wednesday",9:30:00 AM,10:20:00 AM,"Mar 30, 2026","Jun 3, 2026",engineering,44,intro,BIOE-44-LEC-01,True
51,BIOE,Anatomy for Bioengineers,4,4,2025-2026 Spring,4,LBS,80,0,,,,,,,engineering,51,seminar,BIOE-51-LBS-04,False
51,BIOE,Anatomy for Bioengineers,4,4,2025-2026 Spring,2,LBS,45,40,Departmental Room,"Tuesday,Thursday",1:30:00 PM,2:50:00 PM,"Mar 30, 2026","Jun 3, 2026",engineering,51,seminar,BIOE-51-LBS-02,False
51,BIOE,Anatomy for Bioengineers,4,4,2025-2026 Spring,3,LBS,45,39,Departmental Room,"Tuesday,Thursday",3:00:00 PM,4:20:00 PM,"Mar 30, 2026","Jun 3, 2026",engineering,51,seminar,BIOE-51-LBS-03,False
51,BIOE,Anatomy for Bioengineers,4,4,2025-2026 Spring,1,LEC,80,79,,,,,"Mar 30, 2026","Jun 3, 2026",engineering,51,intro,BIOE-51-LEC-01,True
70Q,BIOE,Medical Device Innovation,3,3,2025-2026 Spring,1,ISS,23,23,STLC 119,"Tuesday,Thursday",1:30:00 PM,2:50:00 PM,"Mar 30, 2026","Jun 3, 2026",engineering,70,seminar,BIOE-70Q-ISS-01,True
72N,BIOE,Pathophysiology and Design for Cardiovascular Disease,3,3,2025-2026 Spring,1,ISF,16,15,Departmental Room,"Tuesday,Thursday",1:30:00 PM,2:50:00 PM,"Mar 30, 2026","Jun 3, 2026",engineering,72,seminar,BIOE-72N-ISF-01,True
80,BIOE,Introduction to Bioengineering (Engineering Living Matter) (ENGR 80),4,4,2025-2026 Spring,1,LEC,110,95,CODAB60,"Monday,Wednesday,Friday",1:30:00 PM,2:20:00 PM,"Mar 30, 2026","Jun 3, 2026",engineering,80,intro,BIOE-80-LEC-01,True
103,BIOE,Systems Physiology and Design,4,4,2025-2026 Spring,2,DIS,90,55,Turing Auditorium,Friday,11:30:00 AM,12:20:00 PM,"Mar 30, 2026","Jun 3, 2026",engineering,103,intro,BIOE-103-DIS-02,False
103,BIOE,Systems Physiology and Design,4,4,2025-2026 Spring,1,LEC,90,55,Shriram 104,"Tuesday,Thursday",10:30:00 AM,11:50:00 AM,"Mar 30, 2026","Jun 3, 2026",engineering,103,intro,BIOE-103-LEC-01,True
131,BIOE,Ethics in Bioengineering (ETHICSOC 131X),3,3,2025-2026 Spring,1,LEC,242,161,320-105,"Monday,Wednesday",4:30:00 PM,5:50:00 PM,"Mar 30, 2026","Jun 3, 2026",engineering,131,intro,BIOE-131-LEC-01,True
190,BIOE,Design Thinking in Human Performance Research,2,2,2025-2026 Spring,1,SEM,25,22,Clark Center S361,Tuesday,9:00:00 AM,10:20:00 AM,"Mar 30, 2026","Jun 3, 2026",engineering,190,intro,BIOE-190-SEM-01,True
201C,BIOE,Diagnostic Devices Lab (BIOE 301C),2,5,2025-2026 Spring,2,LBS,40,9,Clark Center S361,"Wednesday,Friday",2:30:00 PM,4:20:00 PM,"Mar 30, 2026","Jun 3, 2026",engineering,201,mid,BIOE-201C-LBS-02,False
201C,BIOE,Diagnostic Devices Lab (BIOE 301C),2,5,2025-2026 Spring,1,LEC,40,9,Clark Center S361,Monday,11:30:00 AM,12:20:00 PM,"Mar 30, 2026","Jun 3, 2026",engineering,201,mid,BIOE-201C-LEC-01,True
204,BIOE,Genetic and Epigenetic Engineering,3,3,2025-2026 Spring,1,LEC,30,18,Departmental Room,"Tuesday,Thursday",1:30:00 PM,2:50:00 PM,"Mar 30, 2026","Jun 3, 2026",engineering,204,mid,BIOE-204-LEC-01,True
212,BIOE,"Introduction to Biomedical Informatics Research Methodology (BMDS 212, CS 272, GENE 212)",3,5,2025-2026 Spring,1,LEC,40,1,"Alway Building, Room M112","Tuesday,Thursday",12:00:00 PM,1:20:00 PM,"Mar 30, 2026","Jun 3, 2026",engineering,212,mid,BIOE-212-LEC-01,True
230,BIOE,"Measurements, Statistics, and Probability",4,4,2025-2026 Spring,1,LEC,49,42,Hewlett Teaching Center 103,"Tuesday,Thursday",10:30:00 AM,11:50:00 AM,"Mar 30, 2026","Jun 3, 2026",engineering,230,mid,BIOE-230-LEC-01,True
231,BIOE,Protein Engineering (BIOE 331),3,3,2025-2026 Spring,1,LEC,32,10,Departmental Room,"Tuesday,Thursday",10:30:00 AM,11:50:00 AM,"Mar 30, 2026","Jun 3, 2026",engineering,231,mid,BIOE-231-LEC-01,True
232,BIOE,"Advanced Imaging Lab in Biophysics (APPPHYS 232, BIO 132, BIO 232, BIOPHYS 232, GENE 232)",4,4,2025-2026 Spring,1,LEC,12,5,Departmental Room,"Monday,Wednesday",1:30:00 PM,3:20:00 PM,"Mar 30, 2026","Jun 3, 2026",engineering,232,mid,BIOE-232-LEC-01,True
235,BIOE,"Biotransport Phenomena (APPPHYS 235, BIOPHYS 235, ME 235)",3,3,2025-2026 Spring,1,LEC,30,7,160-127,"Monday,Wednesday",1:30:00 PM,2:50:00 PM,"Mar 30, 2026","Jun 3, 2026",engineering,235,mid,BIOE-235-LEC-01,True
256,BIOE,Technology Assessment and Regulation of Medical Devices (MS&E 256),3,3,2025-2026 Spring,1,LEC,30,18,Thornton 102,Friday,9:30:00 AM,11:20:00 AM,"Mar 30, 2026","Jun 3, 2026",engineering,256,mid,BIOE-256-LEC-01,True
260,BIOE,Tissue Engineering (ORTHO 260),4,4,2025-2026 Spring,1,LEC,30,26,School of Medicine Room,"Tuesday,Thursday",9:00:00 AM,10:20:00 AM,"Mar 30, 2026","Jun 3, 2026",engineering,260,mid,BIOE-260-LEC-01,True
264,BIOE,Innovating for Underserved Communities Using Biodesign (MED 264),3,3,2025-2026 Spring,1,PRA,24,12,320-220,Tuesday,3:00:00 PM,5:50:00 PM,"Mar 30, 2026","Jun 3, 2026",engineering,264,mid,BIOE-264-PRA-01,True
282,BIOE,Introduction to Biomechanics and Mechanobiology (ME 283),3,3,2025-2026 Spring,1,LEC,55,2,Thornton 102,"Monday,Wednesday",9:30:00 AM,10:50:00 AM,"Mar 30, 2026","Jun 3, 2026",engineering,282,mid,BIOE-282-LEC-01,True
296,BIOE,Evidence-Based Approaches in Effective Teaching & Research Mentorship,1,1,2025-2026 Spring,1,LEC,18,8,Departmental Room,Friday,2:30:00 PM,4:20:00 PM,"Mar 30, 2026","Jun 3, 2026",engineering,296,mid,BIOE-296-LEC-01,True
301C,BIOE,Diagnostic Devices Lab (BIOE 201C),2,5,2025-2026 Spring,1,LEC,40,13,Clark Center S361,Monday,11:30:00 AM,12:20:00 PM,"Mar 30, 2026","Jun 3, 2026",engineering,301,advanced,BIOE-301C-LEC-01,True
301C,BIOE,Diagnostic Devices Lab (BIOE 201C),2,5,2025-2026 Spring,2,LBS,40,13,Clark Center S361,"Wednesday,Friday",2:30:00 PM,4:20:00 PM,"Mar 30, 2026","Jun 3, 2026",engineering,301,advanced,BIOE-301C-LBS-02,False
313,BIOE,Neuromorphics: Brains in Silicon (EE 207),3,3,2025-2026 Spring,1,LEC,40,10,Littlefield 107,"Tuesday,Thursday",9:00:00 AM,10:20:00 AM,"Mar 30, 2026","Jun 3, 2026",engineering,313,advanced,BIOE-313-LEC-01,True
331,BIOE,Protein Engineering (BIOE 231),3,3,2025-2026 Spring,1,LEC,32,11,Departmental Room,"Tuesday,Thursday",10:30:00 AM,11:50:00 AM,"Mar 30, 2026","Jun 3, 2026",engineering,331,advanced,BIOE-331-LEC-01,True
355,BIOE,Advanced Biochemical Engineering (CHEMENG 355),3,3,2025-2026 Spring,1,LEC,60,1,Packrd101,"Tuesday,Thursday",10:30:00 AM,11:50:00 AM,"Mar 30, 2026","Jun 3, 2026",engineering,355,advanced,BIOE-355-LEC-01,True
361,BIOE,Biomaterials in Regenerative Medicine (MATSCI 381),3,3,2025-2026 Spring,1,LEC,40,8,320-109,"Tuesday,Thursday",9:30:00 AM,11:20:00 AM,"Mar 30, 2026","Jun 3, 2026",engineering,361,advanced,BIOE-361-LEC-01,True
374B,BIOE,"Biodesign Innovation: Concept Development and Implementation (ME 368B, MED 272B)",4,4,2025-2026 Spring,1,LEC,50,8,GSB Gunn 102,"Tuesday,Thursday",4:25:00 PM,6:10:00 PM,"Mar 30, 2026","Jun 3, 2026",engineering,374,advanced,BIOE-374B-LEC-01,True
376,BIOE,Startup Garage: Design (SUSTAIN 376),4,4,2025-2026 Spring,1,LEC,70,2,GSB McClelland 101D,"Tuesday,Friday",8:00:00 AM,9:45:00 AM,"Mar 30, 2026","Jun 3, 2026",engineering,376,advanced,BIOE-376-LEC-01,True
395,BIOE,Problem choice and decision trees in science and engineering,3,3,2025-2026 Spring,1,SEM,20,16,Departmental Room,Wednesday,3:00:00 PM,5:50:00 PM,"Mar 30, 2026","Jun 3, 2026",engineering,395,advanced,BIOE-395-SEM-01,True
396,BIOE,BioEntrepreneurship Bootcamp,2,2,2025-2026 Spring,1,SEM,30,25,160-B40,Friday,10:30:00 AM,12:20:00 PM,"Mar 30, 2026","Jun 3, 2026",engineering,396,advanced,BIOE-396-SEM-01,True
105,CHEMENG,Applied Mathematics in Chemical Engineering,4,4,2025-2026 Spring,1,LEC,40,32,Y2E2 111,"Tuesday,Thursday",12:00:00 PM,1:20:00 PM,"Mar 30, 2026","Jun 3, 2026",engineering,105,intro,CHEMENG-105-LEC-01,True
120B,CHEMENG,Energy and Mass Transport,4,4,2025-2026 Spring,1,LEC,25,18,McCullough 122,"Monday,Wednesday,Friday",11:30:00 AM,12:50:00 PM,"Mar 30, 2026","Jun 3, 2026",engineering,120,intro,CHEMENG-120B-LEC-01,True
130A,CHEMENG,Microkinetics - Molecular Principles of Chemical Kinetics,4,4,2025-2026 Spring,1,LEC,35,32,Hewlett Teaching Center 103,"Tuesday,Thursday",9:00:00 AM,10:20:00 AM,"Mar 30, 2026","Jun 3, 2026",engineering,130,intro,CHEMENG-130A-LEC-01,True
180,CHEMENG,Chemical Engineering Plant Design,4,4,2025-2026 Spring,2,DIS,25,24,320-220,Thursday,3:30:00 PM,4:20:00 PM,"Mar 30, 2026","Jun 3, 2026",engineering,180,intro,CHEMENG-180-DIS-02,False
180,CHEMENG,Chemical Engineering Plant Design,4,4,2025-2026 Spring,1,LEC,30,24,McCullough 122,"Monday,Wednesday,Friday",3:00:00 PM,4:20:00 PM,"Mar 30, 2026","Jun 3, 2026",engineering,180,intro,CHEMENG-180-LEC-01,True
189,CHEMENG,"Career Building: Entrepreneurship / Intrapreneurship, People, Innovation, Decision-Making and Impact (CHEMENG 289, ENGR 289, RAD 189, RAD 289)",3,3,2025-2026 Spring,1,LEC,100,3,200-002,Thursday,1:30:00 PM,4:20:00 PM,"Mar 30, 2026","Jun 3, 2026",engineering,189,intro,CHEMENG-189-LEC-01,True
191H,CHEMENG,Undergraduate Honors Seminar,1,1,2025-2026 Spring,1,SEM,20,9,Departmental Room,Friday,1:30:00 PM,2:20:00 PM,"Mar 30, 2026","Jun 3, 2026",engineering,191,intro,CHEMENG-191H-SEM-01,True
289,CHEMENG,"Career Building: Entrepreneurship / Intrapreneurship, People, Innovation, Decision-Making and Impact (CHEMENG 189, ENGR 289, RAD 189, RAD 289)",3,3,2025-2026 Spring,1,LEC,100,42,200-002,Thursday,1:30:00 PM,4:20:00 PM,"Mar 30, 2026","Jun 3, 2026",engineering,289,mid,CHEMENG-289-LEC-01,True
299,CHEMENG,Graduate Practical Training,1,1,2025-2026 Spring,1,PRA,30,0,,,,,"Mar 30, 2026","Jun 3, 2026",engineering,299,mid,CHEMENG-299-PRA-01,True
345,CHEMENG,Fundamentals and Applications of Spectroscopy (PHOTON 345),3,3,2025-2026 Spring,1,LEC,80,42,Thornton 102,"Tuesday,Thursday",9:00:00 AM,10:20:00 AM,"Mar 30, 2026","Jun 3, 2026",engineering,345,advanced,CHEMENG-345-LEC-01,True
355,CHEMENG,Advanced Biochemical Engineering (BIOE 355),3,3,2025-2026 Spring,1,LEC,80,24,Packrd101,"Tuesday,Thursday",10:30:00 AM,11:50:00 AM,"Mar 30, 2026","Jun 3, 2026",engineering,355,advanced,CHEMENG-355-LEC-01,True
424,CHEMENG,Structure and Reactivity of Solid Surfaces (ENERGY 424),3,3,2025-2026 Spring,1,LEC,30,13,Hewlett Teaching Center 103,"Tuesday,Thursday",1:30:00 PM,2:50:00 PM,"Mar 30, 2026","Jun 3, 2026",engineering,424,advanced,CHEMENG-424-LEC-01,True
455,CHEMENG,The Future of Food: Defining Challenges to Reinvent Food Systems,3,3,2025-2026 Spring,1,LEC,24,8,Departmental Room,Wednesday,4:30:00 PM,7:20:00 PM,"Mar 30, 2026","Jun 3, 2026",engineering,455,advanced,CHEMENG-455-LEC-01,True
467,CHEMENG,A Synthetic Menagerie: Why and How We Emulate Nature and Tinker with Animals,3,3,2025-2026 Spring,1,LEC,20,10,Departmental Room,"Monday,Wednesday",9:30:00 AM,10:50:00 AM,"Mar 30, 2026","Jun 3, 2026",engineering,467,advanced,CHEMENG-467-LEC-01,True
480,CHEMENG,Metabolism in Health and Disease: From Technological Advances to Novel Insights,3,3,2025-2026 Spring,1,LEC,20,16,McCullough 126,"Tuesday,Thursday",9:00:00 AM,10:20:00 AM,"Mar 30, 2026","Jun 3, 2026",engineering,480,advanced,CHEMENG-480-LEC-01,True
699,CHEMENG,Colloquium,1,1,2025-2026 Spring,1,COL,125,53,Shriram 104,Monday,4:30:00 PM,5:50:00 PM,"Mar 30, 2026","Jun 3, 2026",engineering,699,advanced,CHEMENG-699-COL-01,True
111X,MS&E,Introduction to Optimization (Accelerated) (MS&E 211X),3,4,2025-2026 Spring,1,LEC,59,20,Gates B1,"Tuesday,Thursday",3:00:00 PM,4:20:00 PM,"Mar 30, 2026","Jun 3, 2026",engineering,111,intro,MS&E-111X-LEC-01,True
111X,MS&E,Introduction to Optimization (Accelerated) (MS&E 211X),3,4,2025-2026 Spring,2,DIS,64,19,Lathrop 016,Friday,1:30:00 PM,2:20:00 PM,"Mar 30, 2026","Jun 3, 2026",engineering,111,intro,MS&E-111X-DIS-02,False
125,MS&E,Introduction to Applied Statistics,4,4,2025-2026 Spring,1,LEC,115,81,Hewlett Teaching Center 201,"Monday,Wednesday",10:30:00 AM,11:50:00 AM,"Mar 30, 2026","Jun 3, 2026",engineering,125,intro,MS&E-125-LEC-01,True
134,MS&E,"Data Science for Social Impact (COMM 140X, DATASCI 154, EARTHSYS 153, ECON 163, POLISCI 154, PUBLPOL 155, SOC 127)",5,5,2025-2026 Spring,1,LEC,20,18,CODAB90,"Tuesday,Thursday",3:00:00 PM,4:20:00 PM,"Mar 30, 2026","Jun 3, 2026",engineering,134,intro,MS&E-134-LEC-01,True
135,MS&E,Networks,3,3,2025-2026 Spring,1,LEC,115,85,Shriram 104,"Tuesday,Thursday",9:00:00 AM,10:20:00 AM,"Mar 30, 2026","Jun 3, 2026",engineering,135,intro,MS&E-135-LEC-01,True
140,MS&E,Accounting for Managers and Entrepreneurs (MS&E 240),3,3,2025-2026 Spring,1,LEC,252,128,CODAB80,"Monday,Wednesday",1:30:00 PM,2:50:00 PM,"Mar 30, 2026","Jun 3, 2026",engineering,140,intro,MS&E-140-LEC-01,True
149,MS&E,Hedge Fund Management,2,2,2025-2026 Spring,1,SEM,12,15,Departmental Room,Tuesday,4:30:00 PM,5:50:00 PM,"Mar 30, 2026","Jun 3, 2026",engineering,149,intro,MS&E-149-SEM-01,True
176,MS&E,Social Entrepreneurship,3,3,2025-2026 Spring,1,LEC,55,55,Thornton 110,"Tuesday,Thursday",12:00:00 PM,1:20:00 PM,"Mar 30, 2026","Jun 3, 2026",engineering,176,intro,MS&E-176-LEC-01,True
180,MS&E,Organizations: Theory and Management,4,4,2025-2026 Spring,1,LEC,60,66,Thornton 110,"Tuesday,Thursday",10:30:00 AM,11:50:00 AM,"Mar 30, 2026","Jun 3, 2026",engineering,180,intro,MS&E-180-LEC-01,True
184,MS&E,The Future of Work: What Will it Mean to Build AI-Augmented Organizations?,4,4,2025-2026 Spring,1,LEC,68,65,Thornton 110,"Monday,Wednesday",1:30:00 PM,2:50:00 PM,"Mar 30, 2026","Jun 3, 2026",engineering,184,intro,MS&E-184-LEC-01,True
211X,MS&E,Introduction to Optimization (Accelerated) (MS&E 111X),3,4,2025-2026 Spring,2,DIS,64,15,Lathrop 016,Friday,1:30:00 PM,2:20:00 PM,"Mar 30, 2026","Jun 3, 2026",engineering,211,mid,MS&E-211X-DIS-02,False
211X,MS&E,Introduction to Optimization (Accelerated) (MS&E 111X),3,4,2025-2026 Spring,1,LEC,89,23,Gates B1,"Tuesday,Thursday",3:00:00 PM,4:20:00 PM,"Mar 30, 2026","Jun 3, 2026",engineering,211,mid,MS&E-211X-LEC-01,True
221,MS&E,Stochastic Modeling,3,3,2025-2026 Spring,1,LEC,89,50,Skilling Auditorium,"Tuesday,Thursday",1:30:00 PM,2:50:00 PM,"Mar 30, 2026","Jun 3, 2026",engineering,221,mid,MS&E-221-LEC-01,True
223,MS&E,Stochastic Simulation and Monte Carlo Methods,3,3,2025-2026 Spring,1,LEC,35,15,Thornton 102,"Monday,Wednesday,Friday",3:00:00 PM,4:20:00 PM,"Mar 30, 2026","Jun 3, 2026",engineering,223,mid,MS&E-223-LEC-01,True
232H,MS&E,Introduction to Game Theory (Accelerated),3,3,2025-2026 Spring,1,LEC,29,21,Gates B12,"Monday,Wednesday",1:30:00 PM,2:50:00 PM,"Mar 30, 2026","Jun 3, 2026",engineering,232,mid,MS&E-232H-LEC-01,True
233,MS&E,"Game Theory, Data Science and AI",3,3,2025-2026 Spring,1,LEC,89,64,Shriram 104,"Tuesday,Thursday",3:00:00 PM,4:20:00 PM,"Mar 30, 2026","Jun 3, 2026",engineering,233,mid,MS&E-233-LEC-01,True
240,MS&E,Accounting for Managers and Entrepreneurs (MS&E 140),3,3,2025-2026 Spring,1,LEC,252,57,CODAB80,"Monday,Wednesday",1:30:00 PM,2:50:00 PM,"Mar 30, 2026","Jun 3, 2026",engineering,240,mid,MS&E-240-LEC-01,True
242,MS&E,Machine Learning for Algorithmic Trading,3,3,2025-2026 Spring,1,LEC,119,62,CODAB80,"Tuesday,Thursday",10:30:00 AM,11:50:00 AM,"Mar 30, 2026","Jun 3, 2026",engineering,242,mid,MS&E-242-LEC-01,True
243,MS&E,Energy and Environmental Policy Analysis,3,3,2025-2026 Spring,1,LEC,50,15,380-380X,"Monday,Wednesday",3:00:00 PM,4:20:00 PM,"Mar 30, 2026","Jun 3, 2026",engineering,243,mid,MS&E-243-LEC-01,True
250B,MS&E,Project Course in Engineering Risk Analysis,3,3,2025-2026 Spring,1,WKS,12,9,Departmental Room,Monday,4:30:00 PM,6:20:00 PM,"Mar 30, 2026","Jun 3, 2026",engineering,250,mid,MS&E-250B-WKS-01,True
254,MS&E,The Ethical Analyst,3,3,2025-2026 Spring,1,LEC,80,69,Thornton 102,Tuesday,1:30:00 PM,4:20:00 PM,"Mar 30, 2026","Jun 3, 2026",engineering,254,mid,MS&E-254-LEC-01,True
256,MS&E,Technology Assessment and Regulation of Medical Devices (BIOE 256),3,3,2025-2026 Spring,1,LEC,80,43,Thornton 102,Friday,9:30:00 AM,11:20:00 AM,"Mar 30, 2026","Jun 3, 2026",engineering,256,mid,MS&E-256-LEC-01,True
256A,MS&E,Technology Assessment and Regulation of Medical Devices,1,1,2025-2026 Spring,1,COL,80,13,Thornton 102,Friday,9:30:00 AM,11:20:00 AM,"Mar 30, 2026","Jun 3, 2026",engineering,256,mid,MS&E-256A-COL-01,True
260,MS&E,Introduction to Operations Management,3,3,2025-2026 Spring,1,LEC,80,34,Thornton 102,"Monday,Wednesday",11:30:00 AM,12:50:00 PM,"Mar 30, 2026","Jun 3, 2026",engineering,260,mid,MS&E-260-LEC-01,True
265,MS&E,Product Management Fundamentals for the Real Economy,3,3,2025-2026 Spring,1,LEC,100,41,Shriram 104,Tuesday,4:30:00 PM,7:20:00 PM,"Mar 30, 2026","Jun 3, 2026",engineering,265,mid,MS&E-265-LEC-01,True
272,MS&E,Entrepreneurship without Borders,3,4,2025-2026 Spring,1,LEC,68,55,Thornton 102,"Tuesday,Thursday",10:30:00 AM,12:20:00 PM,"Mar 30, 2026","Jun 3, 2026",engineering,272,mid,MS&E-272-LEC-01,True
276,MS&E,Entrepreneurial Management and Finance,3,3,2025-2026 Spring,1,LEC,48,45,Thornton 102,Thursday,1:30:00 PM,4:20:00 PM,"Mar 30, 2026","Jun 3, 2026",engineering,276,mid,MS&E-276-LEC-01,True
277B,MS&E,Entrepreneurial Leadership,2,2,2025-2026 Spring,1,SEM,20,16,Lathrop 292,Tuesday,9:30:00 AM,11:20:00 AM,"Mar 30, 2026","Jun 3, 2026",engineering,277,mid,MS&E-277B-SEM-01,True
280,MS&E,Organizational Behavior: Evidence in Action,3,3,2025-2026 Spring,1,LEC,66,54,Thornton 110,"Tuesday,Thursday",1:30:00 PM,2:50:00 PM,"Mar 30, 2026","Jun 3, 2026",engineering,280,mid,MS&E-280-LEC-01,True
289,MS&E,Ethics in Global Technology Design,3,3,2025-2026 Spring,1,LEC,48,22,Turing Auditorium,"Tuesday,Thursday",10:30:00 AM,11:50:00 AM,"Mar 30, 2026","Jun 3, 2026",engineering,289,mid,MS&E-289-LEC-01,True
295,MS&E,Innovating for National Security Workshop (INTLPOL 342),1,4,2025-2026 Spring,1,WKS,20,9,,,,,"Mar 30, 2026","Jun 3, 2026",engineering,295,mid,MS&E-295-WKS-01,True
297,MS&E,"""Hacking for Defense"": Solving National Security issues with the Lean Launchpad (INTLPOL 341)",4,4,2025-2026 Spring,1,LEC,40,39,Thornton 110,Tuesday,5:30:00 PM,8:20:00 PM,"Mar 30, 2026","Jun 3, 2026",engineering,297,mid,MS&E-297-LEC-01,True
324,MS&E,"Stochastic Methods in Engineering (CME 308, MATH 228)",3,3,2025-2026 Spring,1,LEC,50,1,200-034,"Monday,Wednesday,Friday",9:30:00 AM,11:20:00 AM,"Mar 30, 2026","Jun 3, 2026",engineering,324,advanced,MS&E-324-LEC-01,True
326,MS&E,Advanced Topics in Applied Data Science,3,3,2025-2026 Spring,1,LEC,30,6,Hewlett Teaching Center 103,Friday,1:30:00 PM,4:20:00 PM,"Mar 30, 2026","Jun 3, 2026",engineering,326,advanced,MS&E-326-LEC-01,True
330,MS&E,Reliability and Validity in Artificial Intelligence (STATS 357),3,3,2025-2026 Spring,1,LEC,40,10,McCullough 122,"Monday,Wednesday",9:30:00 AM,10:50:00 AM,"Mar 30, 2026","Jun 3, 2026",engineering,330,advanced,MS&E-330-LEC-01,True
333,MS&E,AI Application Lab,3,3,2025-2026 Spring,1,LEC,18,0,,,,,,,engineering,333,advanced,MS&E-333-LEC-01,True
338,MS&E,Aligning Superintelligence (CS 338),3,3,2025-2026 Spring,1,LEC,90,21,370-370,"Monday,Wednesday",3:00:00 PM,4:20:00 PM,"Mar 30, 2026","Jun 3, 2026",engineering,338,advanced,MS&E-338-LEC-01,True
342,MS&E,Stochastic Systems and Learning Theory with Applications in Finance,3,3,2025-2026 Spring,1,LEC,24,18,200-034,"Tuesday,Thursday",3:00:00 PM,4:20:00 PM,"Mar 30, 2026","Jun 3, 2026",engineering,342,advanced,MS&E-342-LEC-01,True
349,MS&E,Financial Statistics,3,3,2025-2026 Spring,1,LEC,50,0,,,,,,,engineering,349,advanced,MS&E-349-LEC-01,True
355,MS&E,Influence Diagrams and Probabilistics Networks,3,3,2025-2026 Spring,1,LEC,12,3,Departmental Room,"Tuesday,Thursday",9:00:00 AM,10:20:00 AM,"Mar 30, 2026","Jun 3, 2026",engineering,355,advanced,MS&E-355-LEC-01,True
394,MS&E,Advanced Methods in Modeling for Climate and Energy Policy,3,3,2025-2026 Spring,1,LEC,18,6,Shriram 366,"Tuesday,Thursday",3:00:00 PM,4:20:00 PM,"Mar 30, 2026","Jun 3, 2026",engineering,394,advanced,MS&E-394-LEC-01,True
435,MS&E,Economics of the AI Supercycle,1,1,2025-2026 Spring,1,SEM,188,147,Hewlett Teaching Center 201,Thursday,4:30:00 PM,5:20:00 PM,"Mar 30, 2026","Jun 3, 2026",engineering,435,advanced,MS&E-435-SEM-01,True
454,MS&E,Decision Analysis Seminar,1,1,2025-2026 Spring,1,SEM,12,1,Departmental Room,Thursday,4:30:00 PM,5:50:00 PM,"Mar 30, 2026","Jun 3, 2026",engineering,454,advanced,MS&E-454-SEM-01,True
463,MS&E,Healthcare Systems Design (PEDS 463),3,4,2025-2026 Spring,1,WKS,30,13,CCSR 4205,Friday,2:30:00 PM,5:20:00 PM,"Mar 30, 2026","Jun 3, 2026",engineering,463,advanced,MS&E-463-WKS-01,True
472,MS&E,Entrepreneurial Thought Leaders' Seminar,1,1,2025-2026 Spring,1,COL,342,184,NVIDIA Auditorium,Wednesday,4:30:00 PM,5:20:00 PM,"Mar 30, 2026","Jun 3, 2026",engineering,472,advanced,MS&E-472-COL-01,True
489,MS&E,Leadership Lab (DESIGN 368),3,3,2025-2026 Spring,1,WKS,28,13,Departmental Room,Wednesday,1:30:00 PM,4:20:00 PM,"Mar 30, 2026","Jun 3, 2026",engineering,489,advanced,MS&E-489-WKS-01,True
494,MS&E,"The Stanford Energy Seminar (CEE 301, ENERGY 301)",1,1,2025-2026 Spring,1,SEM,125,15,Hewlett Teaching Center 201,Monday,4:30:00 PM,5:20:00 PM,"Mar 30, 2026","Jun 3, 2026",engineering,494,advanced,MS&E-494-SEM-01,True
4A,HUMBIO,The Human Organism,5,5,2025-2026 Spring,14,DIS,12,0,,,,,,,hs_natural,4,seminar,HUMBIO-4A-DIS-14,False
4A,HUMBIO,The Human Organism,5,5,2025-2026 Spring,20,DIS,8,0,,,,,,,hs_natural,4,seminar,HUMBIO-4A-DIS-20,False
4A,HUMBIO,The Human Organism,5,5,2025-2026 Spring,4,DIS,8,8,50-51P,Tuesday,1:30:00 PM,2:20:00 PM,"Mar 30, 2026","Jun 3, 2026",hs_natural,4,seminar,HUMBIO-4A-DIS-04,False
4A,HUMBIO,The Human Organism,5,5,2025-2026 Spring,5,DIS,8,8,50-51P,Tuesday,2:30:00 PM,3:20:00 PM,"Mar 30, 2026","Jun 3, 2026",hs_natural,4,seminar,HUMBIO-4A-DIS-05,False
4A,HUMBIO,The Human Organism,5,5,2025-2026 Spring,18,DIS,9,9,Lathrop 294,Thursday,12:30:00 PM,1:20:00 PM,"Mar 30, 2026","Jun 3, 2026",hs_natural,4,seminar,HUMBIO-4A-DIS-18,False
4A,HUMBIO,The Human Organism,5,5,2025-2026 Spring,21,DIS,9,9,200-015,Wednesday,12:30:00 PM,1:20:00 PM,"Mar 30, 2026","Jun 3, 2026",hs_natural,4,seminar,HUMBIO-4A-DIS-21,False
4A,HUMBIO,The Human Organism,5,5,2025-2026 Spring,13,DIS,8,8,20-21B,Wednesday,2:30:00 PM,3:20:00 PM,"Mar 30, 2026","Jun 3, 2026",hs_natural,4,seminar,HUMBIO-4A-DIS-13,False
4A,HUMBIO,The Human Organism,5,5,2025-2026 Spring,9,DIS,8,8,STLC 104,Tuesday,3:30:00 PM,4:20:00 PM,"Mar 30, 2026","Jun 3, 2026",hs_natural,4,seminar,HUMBIO-4A-DIS-09,False
4A,HUMBIO,The Human Organism,5,5,2025-2026 Spring,2,DIS,9,9,110-101,Tuesday,1:30:00 PM,2:20:00 PM,"Mar 30, 2026","Jun 3, 2026",hs_natural,4,seminar,HUMBIO-4A-DIS-02,False
4A,HUMBIO,The Human Organism,5,5,2025-2026 Spring,19,DIS,8,8,Lathrop 294,Thursday,1:30:00 PM,2:20:00 PM,"Mar 30, 2026","Jun 3, 2026",hs_natural,4,seminar,HUMBIO-4A-DIS-19,False
4A,HUMBIO,The Human Organism,5,5,2025-2026 Spring,17,DIS,8,8,Lathrop 298,Thursday,1:30:00 PM,2:20:00 PM,"Mar 30, 2026","Jun 3, 2026",hs_natural,4,seminar,HUMBIO-4A-DIS-17,False
4A,HUMBIO,The Human Organism,5,5,2025-2026 Spring,7,DIS,8,5,STLC 104,Tuesday,2:30:00 PM,3:20:00 PM,"Mar 30, 2026","Jun 3, 2026",hs_natural,4,seminar,HUMBIO-4A-DIS-07,False
4A,HUMBIO,The Human Organism,5,5,2025-2026 Spring,6,DIS,9,8,STLC 104,Tuesday,1:30:00 PM,2:20:00 PM,"Mar 30, 2026","Jun 3, 2026",hs_natural,4,seminar,HUMBIO-4A-DIS-06,False
4A,HUMBIO,The Human Organism,5,5,2025-2026 Spring,12,DIS,9,9,200-015,Wednesday,1:30:00 PM,2:20:00 PM,"Mar 30, 2026","Jun 3, 2026",hs_natural,4,seminar,HUMBIO-4A-DIS-12,False
4A,HUMBIO,The Human Organism,5,5,2025-2026 Spring,16,DIS,9,8,Lathrop 298,Thursday,12:30:00 PM,1:20:00 PM,"Mar 30, 2026","Jun 3, 2026",hs_natural,4,seminar,HUMBIO-4A-DIS-16,False
4A,HUMBIO,The Human Organism,5,5,2025-2026 Spring,8,DIS,8,5,110-101,Tuesday,3:30:00 PM,4:20:00 PM,"Mar 30, 2026","Jun 3, 2026",hs_natural,4,seminar,HUMBIO-4A-DIS-08,False
4A,HUMBIO,The Human Organism,5,5,2025-2026 Spring,15,DIS,9,8,20-21B,Wednesday,1:30:00 PM,2:20:00 PM,"Mar 30, 2026","Jun 3, 2026",hs_natural,4,seminar,HUMBIO-4A-DIS-15,False
4A,HUMBIO,The Human Organism,5,5,2025-2026 Spring,3,DIS,8,8,110-101,Tuesday,2:30:00 PM,3:20:00 PM,"Mar 30, 2026","Jun 3, 2026",hs_natural,4,seminar,HUMBIO-4A-DIS-03,False
4A,HUMBIO,The Human Organism,5,5,2025-2026 Spring,11,DIS,9,7,Thornton 207,Wednesday,2:30:00 PM,3:20:00 PM,"Mar 30, 2026","Jun 3, 2026",hs_natural,4,seminar,HUMBIO-4A-DIS-11,False
4A,HUMBIO,The Human Organism,5,5,2025-2026 Spring,10,DIS,9,8,Thornton 207,Wednesday,1:30:00 PM,2:20:00 PM,"Mar 30, 2026","Jun 3, 2026",hs_natural,4,seminar,HUMBIO-4A-DIS-10,False
4A,HUMBIO,The Human Organism,5,5,2025-2026 Spring,1,LEC,241,141,320-105,"Monday,Tuesday,Wednesday,Thursday",9:30:00 AM,10:20:00 AM,"Mar 30, 2026","Jun 3, 2026",hs_natural,4,intro,HUMBIO-4A-LEC-01,True
4B,HUMBIO,Development and Epidemiology,5,5,2025-2026 Spring,18,DIS,12,0,,,,,,,hs_natural,4,seminar,HUMBIO-4B-DIS-18,False
4B,HUMBIO,Development and Epidemiology,5,5,2025-2026 Spring,6,DIS,12,0,,,,,,,hs_natural,4,seminar,HUMBIO-4B-DIS-06,False
4B,HUMBIO,Development and Epidemiology,5,5,2025-2026 Spring,7,DIS,12,0,,,,,,,hs_natural,4,seminar,HUMBIO-4B-DIS-07,False
4B,HUMBIO,Development and Epidemiology,5,5,2025-2026 Spring,10,DIS,8,8,200-230,Wednesday,1:30:00 PM,2:20:00 PM,"Mar 30, 2026","Jun 3, 2026",hs_natural,4,seminar,HUMBIO-4B-DIS-10,False
4B,HUMBIO,Development and Epidemiology,5,5,2025-2026 Spring,12,DIS,8,8,200-124,Wednesday,1:30:00 PM,2:20:00 PM,"Mar 30, 2026","Jun 3, 2026",hs_natural,4,seminar,HUMBIO-4B-DIS-12,False
4B,HUMBIO,Development and Epidemiology,5,5,2025-2026 Spring,3,DIS,8,8,160-315,Tuesday,2:30:00 PM,3:20:00 PM,"Mar 30, 2026","Jun 3, 2026",hs_natural,4,seminar,HUMBIO-4B-DIS-03,False
4B,HUMBIO,Development and Epidemiology,5,5,2025-2026 Spring,8,DIS,8,8,160-315,Tuesday,3:30:00 PM,4:20:00 PM,"Mar 30, 2026","Jun 3, 2026",hs_natural,4,seminar,HUMBIO-4B-DIS-08,False
4B,HUMBIO,Development and Epidemiology,5,5,2025-2026 Spring,21,DIS,9,9,STLC 105,Thursday,12:30:00 PM,1:20:00 PM,"Mar 30, 2026","Jun 3, 2026",hs_natural,4,seminar,HUMBIO-4B-DIS-21,False
4B,HUMBIO,Development and Epidemiology,5,5,2025-2026 Spring,13,DIS,8,8,Lathrop 296,Wednesday,12:30:00 PM,1:20:00 PM,"Mar 30, 2026","Jun 3, 2026",hs_natural,4,seminar,HUMBIO-4B-DIS-13,False
4B,HUMBIO,Development and Epidemiology,5,5,2025-2026 Spring,1,LEC,240,123,320-105,"Monday,Tuesday,Wednesday,Thursday",10:30:00 AM,11:20:00 AM,"Mar 30, 2026","Jun 3, 2026",hs_natural,4,intro,HUMBIO-4B-LEC-01,True
4B,HUMBIO,Development and Epidemiology,5,5,2025-2026 Spring,4,DIS,9,9,160-326,Tuesday,1:30:00 PM,2:20:00 PM,"Mar 30, 2026","Jun 3, 2026",hs_natural,4,seminar,HUMBIO-4B-DIS-04,False
4B,HUMBIO,Development and Epidemiology,5,5,2025-2026 Spring,11,DIS,8,7,200-230,Wednesday,2:30:00 PM,3:20:00 PM,"Mar 30, 2026","Jun 3, 2026",hs_natural,4,seminar,HUMBIO-4B-DIS-11,False
4B,HUMBIO,Development and Epidemiology,5,5,2025-2026 Spring,15,DIS,8,6,Lathrop 296,Wednesday,2:30:00 PM,3:20:00 PM,"Mar 30, 2026","Jun 3, 2026",hs_natural,4,seminar,HUMBIO-4B-DIS-15,False
4B,HUMBIO,Development and Epidemiology,5,5,2025-2026 Spring,19,DIS,8,8,20-22K,Thursday,1:30:00 PM,2:20:00 PM,"Mar 30, 2026","Jun 3, 2026",hs_natural,4,seminar,HUMBIO-4B-DIS-19,False
4B,HUMBIO,Development and Epidemiology,5,5,2025-2026 Spring,17,DIS,8,7,STLC 105,Thursday,1:30:00 PM,2:20:00 PM,"Mar 30, 2026","Jun 3, 2026",hs_natural,4,seminar,HUMBIO-4B-DIS-17,False
4B,HUMBIO,Development and Epidemiology,5,5,2025-2026 Spring,14,DIS,9,9,200-124,Wednesday,12:30:00 PM,1:20:00 PM,"Mar 30, 2026","Jun 3, 2026",hs_natural,4,seminar,HUMBIO-4B-DIS-14,False
4B,HUMBIO,Development and Epidemiology,5,5,2025-2026 Spring,2,DIS,9,9,160-B35,Tuesday,1:30:00 PM,2:20:00 PM,"Mar 30, 2026","Jun 3, 2026",hs_natural,4,seminar,HUMBIO-4B-DIS-02,False
4B,HUMBIO,Development and Epidemiology,5,5,2025-2026 Spring,9,DIS,8,7,Lathrop 296,Wednesday,1:30:00 PM,2:20:00 PM,"Mar 30, 2026","Jun 3, 2026",hs_natural,4,seminar,HUMBIO-4B-DIS-09,False
4B,HUMBIO,Development and Epidemiology,5,5,2025-2026 Spring,5,DIS,8,6,160-B35,Tuesday,2:30:00 PM,3:20:00 PM,"Mar 30, 2026","Jun 3, 2026",hs_natural,4,seminar,HUMBIO-4B-DIS-05,False
4B,HUMBIO,Development and Epidemiology,5,5,2025-2026 Spring,16,DIS,8,6,20-22K,Thursday,12:30:00 PM,1:20:00 PM,"Mar 30, 2026","Jun 3, 2026",hs_natural,4,seminar,HUMBIO-4B-DIS-16,False
4Y,HUMBIO,Practicum in Child Development,1,1,2025-2026 Spring,1,PRA,15,4,Departmental Room,Wednesday,4:30:00 PM,5:20:00 PM,"Mar 30, 2026","Jun 3, 2026",hs_natural,4,seminar,HUMBIO-4Y-PRA-01,True
5E,HUMBIO,Science Education in Human Biology,1,1,2025-2026 Spring,1,SEM,8,6,20-21B,Monday,4:30:00 PM,5:20:00 PM,"Mar 30, 2026","Jun 3, 2026",hs_natural,5,seminar,HUMBIO-5E-SEM-01,True
27,HUMBIO,Traditional Chinese Medicine,1,1,2025-2026 Spring,1,SEM,50,21,School of Medicine Room,Tuesday,3:00:00 PM,4:20:00 PM,"Mar 30, 2026","Jun 3, 2026",hs_natural,27,seminar,HUMBIO-27-SEM-01,True
35,HUMBIO,Your Body at Stanford: The Physiology of College,3,3,2025-2026 Spring,1,SEM,90,78,STLC 114,"Tuesday,Thursday",12:00:00 PM,1:20:00 PM,"Mar 30, 2026","Jun 3, 2026",hs_natural,35,seminar,HUMBIO-35-SEM-01,True
112,HUMBIO,"Conservation Biology: A Latin American Perspective (BIO 144, BIO 234)",3,3,2025-2026 Spring,1,LEC,40,8,Lathrop 014,"Monday,Friday",2:30:00 PM,3:20:00 PM,"Mar 30, 2026","Jun 3, 2026",hs_natural,112,intro,HUMBIO-112-LEC-01,True
113,HUMBIO,The Human-Plant Connection,3,3,2025-2026 Spring,1,SEM,20,21,Lathrop 180,"Tuesday,Thursday",3:00:00 PM,4:20:00 PM,"Mar 30, 2026","Jun 3, 2026",hs_natural,113,intro,HUMBIO-113-SEM-01,True
122M,HUMBIO,Challenges of Human Migration: Health and Health Care of Migrants and Autochthonous Populations (PEDS 212),3,3,2025-2026 Spring,1,SEM,20,23,Lathrop 190,"Tuesday,Thursday",10:30:00 AM,11:50:00 AM,"Mar 30, 2026","Jun 3, 2026",hs_natural,122,intro,HUMBIO-122M-SEM-01,True
125,HUMBIO,"Current Topics and Controversies in Women's Health (CHPR 256, FEMGEN 256)",2,3,2025-2026 Spring,1,LEC,60,35,200-203,"Monday,Wednesday",3:00:00 PM,4:20:00 PM,"Mar 30, 2026","Jun 3, 2026",hs_natural,125,intro,HUMBIO-125-LEC-01,True
130,HUMBIO,Human Nutrition (CHPR 130),4,4,2025-2026 Spring,2,DIS,15,10,Gates100,Monday,10:30:00 AM,11:20:00 AM,"Mar 30, 2026","Jun 3, 2026",hs_natural,130,intro,HUMBIO-130-DIS-02,False
130,HUMBIO,Human Nutrition (CHPR 130),4,4,2025-2026 Spring,3,DIS,14,11,160-129,Monday,3:30:00 PM,4:20:00 PM,"Mar 30, 2026","Jun 3, 2026",hs_natural,130,intro,HUMBIO-130-DIS-03,False
130,HUMBIO,Human Nutrition (CHPR 130),4,4,2025-2026 Spring,4,DIS,15,10,"Knight Building, Room K18",Tuesday,12:30:00 PM,1:20:00 PM,"Mar 30, 2026","Jun 3, 2026",hs_natural,130,intro,HUMBIO-130-DIS-04,False
130,HUMBIO,Human Nutrition (CHPR 130),4,4,2025-2026 Spring,1,LEC,45,44,60-109,"Tuesday,Thursday",9:00:00 AM,10:20:00 AM,"Mar 30, 2026","Jun 3, 2026",hs_natural,130,intro,HUMBIO-130-LEC-01,True
130,HUMBIO,Human Nutrition (CHPR 130),4,4,2025-2026 Spring,5,DIS,14,13,Gilbert Biological Science 117,Wednesday,10:30:00 AM,11:20:00 AM,"Mar 30, 2026","Jun 3, 2026",hs_natural,130,intro,HUMBIO-130-DIS-05,False
131,HUMBIO,The Science of Human Movement Lab,4,4,2025-2026 Spring,1,LAB,15,26,320-109,"Monday,Wednesday,Friday",11:30:00 AM,1:20:00 PM,"Mar 30, 2026","Jun 3, 2026",hs_natural,131,intro,HUMBIO-131-LAB-01,True
142M,HUMBIO,Special Topics in Adolescent Mental Health (PSYCH 142A),3,3,2025-2026 Spring,1,SEM,15,14,Lathrop 180,"Tuesday,Thursday",12:00:00 PM,1:20:00 PM,"Mar 30, 2026","Jun 3, 2026",hs_natural,142,intro,HUMBIO-142M-SEM-01,True
146,HUMBIO,"Culture and Madness: Anthropological and Psychiatric Approaches to Mental Illness (ANTHRO 186, ANTHRO 286, PSYC 286, PSYCH 178)",3,5,2025-2026 Spring,8,DIS,15,1,"Knight Building, Room K18",Tuesday,9:30:00 AM,10:20:00 AM,"Mar 30, 2026","Jun 3, 2026",hs_natural,146,intro,HUMBIO-146-DIS-08,False
146,HUMBIO,"Culture and Madness: Anthropological and Psychiatric Approaches to Mental Illness (ANTHRO 186, ANTHRO 286, PSYC 286, PSYCH 178)",3,5,2025-2026 Spring,6,DIS,17,0,Gates100,Tuesday,10:30:00 AM,11:20:00 AM,"Mar 30, 2026","Jun 3, 2026",hs_natural,146,intro,HUMBIO-146-DIS-06,False
146,HUMBIO,"Culture and Madness: Anthropological and Psychiatric Approaches to Mental Illness (ANTHRO 186, ANTHRO 286, PSYC 286, PSYCH 178)",3,5,2025-2026 Spring,7,DIS,15,4,160-318,Wednesday,2:30:00 PM,3:20:00 PM,"Mar 30, 2026","Jun 3, 2026",hs_natural,146,intro,HUMBIO-146-DIS-07,False
146,HUMBIO,"Culture and Madness: Anthropological and Psychiatric Approaches to Mental Illness (ANTHRO 186, ANTHRO 286, PSYC 286, PSYCH 178)",3,5,2025-2026 Spring,10,DIS,12,1,,,,,,,hs_natural,146,intro,HUMBIO-146-DIS-10,False
146,HUMBIO,"Culture and Madness: Anthropological and Psychiatric Approaches to Mental Illness (ANTHRO 186, ANTHRO 286, PSYC 286, PSYCH 178)",3,5,2025-2026 Spring,9,DIS,18,0,50-51B,Wednesday,3:30:00 PM,4:20:00 PM,"Mar 30, 2026","Jun 3, 2026",hs_natural,146,intro,HUMBIO-146-DIS-09,False
146,HUMBIO,"Culture and Madness: Anthropological and Psychiatric Approaches to Mental Illness (ANTHRO 186, ANTHRO 286, PSYC 286, PSYCH 178)",3,5,2025-2026 Spring,1,SEM,999,28,200-002,"Monday,Wednesday",10:30:00 AM,11:50:00 AM,"Mar 30, 2026","Jun 3, 2026",hs_natural,146,intro,HUMBIO-146-SEM-01,True
146,HUMBIO,"Culture and Madness: Anthropological and Psychiatric Approaches to Mental Illness (ANTHRO 186, ANTHRO 286, PSYC 286, PSYCH 178)",3,5,2025-2026 Spring,3,DIS,17,0,380-381T,Wednesday,1:30:00 PM,2:20:00 PM,"Mar 30, 2026","Jun 3, 2026",hs_natural,146,intro,HUMBIO-146-DIS-03,False
146,HUMBIO,"Culture and Madness: Anthropological and Psychiatric Approaches to Mental Illness (ANTHRO 186, ANTHRO 286, PSYC 286, PSYCH 178)",3,5,2025-2026 Spring,5,DIS,18,3,Lathrop 017,Wednesday,12:30:00 PM,1:20:00 PM,"Mar 30, 2026","Jun 3, 2026",hs_natural,146,intro,HUMBIO-146-DIS-05,False
146,HUMBIO,"Culture and Madness: Anthropological and Psychiatric Approaches to Mental Illness (ANTHRO 186, ANTHRO 286, PSYC 286, PSYCH 178)",3,5,2025-2026 Spring,4,DIS,20,0,,,,,,,hs_natural,146,intro,HUMBIO-146-DIS-04,False
146,HUMBIO,"Culture and Madness: Anthropological and Psychiatric Approaches to Mental Illness (ANTHRO 186, ANTHRO 286, PSYC 286, PSYCH 178)",3,5,2025-2026 Spring,11,DIS,15,3,90-92Q,Wednesday,3:30:00 PM,4:20:00 PM,"Mar 30, 2026","Jun 3, 2026",hs_natural,146,intro,HUMBIO-146-DIS-11,False
146,HUMBIO,"Culture and Madness: Anthropological and Psychiatric Approaches to Mental Illness (ANTHRO 186, ANTHRO 286, PSYC 286, PSYCH 178)",3,5,2025-2026 Spring,2,DIS,15,5,160-129,Monday,1:30:00 PM,2:20:00 PM,"Mar 30, 2026","Jun 3, 2026",hs_natural,146,intro,HUMBIO-146-DIS-02,False
151R,HUMBIO,"Biology, Health and Big Data",3,3,2025-2026 Spring,1,SEM,20,22,200-105,"Tuesday,Thursday",12:00:00 PM,1:20:00 PM,"Mar 30, 2026","Jun 3, 2026",hs_natural,151,intro,HUMBIO-151R-SEM-01,True
161,HUMBIO,"The Neurobiology of Sleep (BIO 149, BIO 249, PSYC 149, PSYC 261)",4,4,2025-2026 Spring,1,LEC,50,24,380-380W,"Monday,Wednesday,Friday",1:30:00 PM,2:50:00 PM,"Mar 30, 2026","Jun 3, 2026",hs_natural,161,intro,HUMBIO-161-LEC-01,True
163,HUMBIO,The Opioid Epidemic: Using Neuroscience to Inform Policy and Law,4,4,2025-2026 Spring,1,SEM,24,23,160-326,"Monday,Wednesday",3:00:00 PM,4:20:00 PM,"Mar 30, 2026","Jun 3, 2026",hs_natural,163,intro,HUMBIO-163-SEM-01,True
163,HUMBIO,The Opioid Epidemic: Using Neuroscience to Inform Policy and Law,4,4,2025-2026 Spring,2,DIS,24,23,160-129,Thursday,3:30:00 PM,4:20:00 PM,"Mar 30, 2026","Jun 3, 2026",hs_natural,163,intro,HUMBIO-163-DIS-02,False
171E,HUMBIO,Modern Ethical Challenges in Neuroscience and Organ Transplantation,3,3,2025-2026 Spring,1,LEC,95,92,420-041,"Tuesday,Thursday",1:30:00 PM,2:50:00 PM,"Mar 30, 2026","Jun 3, 2026",hs_natural,171,intro,HUMBIO-171E-LEC-01,True
174A,HUMBIO,"Ethics in a Human Life (ETHICSOC 174, PHIL 74A)",4,4,2025-2026 Spring,1,SEM,40,13,200-205,"Tuesday,Thursday",4:30:00 PM,5:50:00 PM,"Mar 30, 2026","Jun 3, 2026",hs_natural,174,intro,HUMBIO-174A-SEM-01,True
191,HUMBIO,Human Biology Practicum,1,1,2025-2026 Spring,2,PRA,14,4,20-21B,Friday,1:30:00 PM,2:50:00 PM,"Mar 30, 2026","Jun 3, 2026",hs_natural,191,intro,HUMBIO-191-PRA-02,True
191,HUMBIO,Human Biology Practicum,1,1,2025-2026 Spring,1,PRA,100,36,,,,,"Mar 30, 2026","Jun 3, 2026",hs_natural,191,intro,HUMBIO-191-PRA-01,True
1,SYMSYS,"Minds and Machines (CS 24, LINGUIST 35, PHIL 99, PSYCH 35, SYMSYS 200)",4,4,2025-2026 Spring,5,DIS,18,12,200-202,Wednesday,9:30:00 AM,10:20:00 AM,"Mar 30, 2026","Jun 3, 2026",hs_social,1,seminar,SYMSYS-1-DIS-05,False
1,SYMSYS,"Minds and Machines (CS 24, LINGUIST 35, PHIL 99, PSYCH 35, SYMSYS 200)",4,4,2025-2026 Spring,4,DIS,18,14,380-381U,Tuesday,4:30:00 PM,5:20:00 PM,"Mar 30, 2026","Jun 3, 2026",hs_social,1,seminar,SYMSYS-1-DIS-04,False
1,SYMSYS,"Minds and Machines (CS 24, LINGUIST 35, PHIL 99, PSYCH 35, SYMSYS 200)",4,4,2025-2026 Spring,10,DIS,18,5,160-129,Wednesday,2:30:00 PM,3:20:00 PM,"Mar 30, 2026","Jun 3, 2026",hs_social,1,seminar,SYMSYS-1-DIS-10,False
1,SYMSYS,"Minds and Machines (CS 24, LINGUIST 35, PHIL 99, PSYCH 35, SYMSYS 200)",4,4,2025-2026 Spring,11,DIS,18,10,160-330,Wednesday,3:30:00 PM,4:20:00 PM,"Mar 30, 2026","Jun 3, 2026",hs_social,1,seminar,SYMSYS-1-DIS-11,False
1,SYMSYS,"Minds and Machines (CS 24, LINGUIST 35, PHIL 99, PSYCH 35, SYMSYS 200)",4,4,2025-2026 Spring,9,DIS,18,6,160-129,Wednesday,1:30:00 PM,2:20:00 PM,"Mar 30, 2026","Jun 3, 2026",hs_social,1,seminar,SYMSYS-1-DIS-09,False
1,SYMSYS,"Minds and Machines (CS 24, LINGUIST 35, PHIL 99, PSYCH 35, SYMSYS 200)",4,4,2025-2026 Spring,14,DIS,18,13,380-381U,Thursday,10:30:00 AM,11:20:00 AM,"Mar 30, 2026","Jun 3, 2026",hs_social,1,seminar,SYMSYS-1-DIS-14,False
1,SYMSYS,"Minds and Machines (CS 24, LINGUIST 35, PHIL 99, PSYCH 35, SYMSYS 200)",4,4,2025-2026 Spring,8,DIS,18,8,540-103,Wednesday,12:30:00 PM,1:20:00 PM,"Mar 30, 2026","Jun 3, 2026",hs_social,1,seminar,SYMSYS-1-DIS-08,False
1,SYMSYS,"Minds and Machines (CS 24, LINGUIST 35, PHIL 99, PSYCH 35, SYMSYS 200)",4,4,2025-2026 Spring,12,DIS,18,11,160-328,Wednesday,4:30:00 PM,5:20:00 PM,"Mar 30, 2026","Jun 3, 2026",hs_social,1,seminar,SYMSYS-1-DIS-12,False
1,SYMSYS,"Minds and Machines (CS 24, LINGUIST 35, PHIL 99, PSYCH 35, SYMSYS 200)",4,4,2025-2026 Spring,13,DIS,18,8,260-004,Thursday,9:30:00 AM,10:20:00 AM,"Mar 30, 2026","Jun 3, 2026",hs_social,1,seminar,SYMSYS-1-DIS-13,False
1,SYMSYS,"Minds and Machines (CS 24, LINGUIST 35, PHIL 99, PSYCH 35, SYMSYS 200)",4,4,2025-2026 Spring,7,DIS,18,4,540-103,Wednesday,11:30:00 AM,12:20:00 PM,"Mar 30, 2026","Jun 3, 2026",hs_social,1,seminar,SYMSYS-1-DIS-07,False
1,SYMSYS,"Minds and Machines (CS 24, LINGUIST 35, PHIL 99, PSYCH 35, SYMSYS 200)",4,4,2025-2026 Spring,6,DIS,18,10,Lathrop 292,Wednesday,10:30:00 AM,11:20:00 AM,"Mar 30, 2026","Jun 3, 2026",hs_social,1,seminar,SYMSYS-1-DIS-06,False
1,SYMSYS,"Minds and Machines (CS 24, LINGUIST 35, PHIL 99, PSYCH 35, SYMSYS 200)",4,4,2025-2026 Spring,15,DIS,18,13,Green Earth Sciences134,Thursday,12:30:00 PM,1:20:00 PM,"Mar 30, 2026","Jun 3, 2026",hs_social,1,seminar,SYMSYS-1-DIS-15,False
1,SYMSYS,"Minds and Machines (CS 24, LINGUIST 35, PHIL 99, PSYCH 35, SYMSYS 200)",4,4,2025-2026 Spring,1,LEC,210,140,320-105,"Tuesday,Thursday",1:30:00 PM,2:50:00 PM,"Mar 30, 2026","Jun 3, 2026",hs_social,1,intro,SYMSYS-1-LEC-01,True
1,SYMSYS,"Minds and Machines (CS 24, LINGUIST 35, PHIL 99, PSYCH 35, SYMSYS 200)",4,4,2025-2026 Spring,2,DIS,18,17,380-381U,Tuesday,3:30:00 PM,4:20:00 PM,"Mar 30, 2026","Jun 3, 2026",hs_social,1,seminar,SYMSYS-1-DIS-02,False
1,SYMSYS,"Minds and Machines (CS 24, LINGUIST 35, PHIL 99, PSYCH 35, SYMSYS 200)",4,4,2025-2026 Spring,3,DIS,18,9,160-328,Tuesday,3:30:00 PM,4:20:00 PM,"Mar 30, 2026","Jun 3, 2026",hs_social,1,seminar,SYMSYS-1-DIS-03,False
25,SYMSYS,Transformers United V6 (CS 25),1,1,2025-2026 Spring,1,ACT,20,0,Skilling Auditorium,Thursday,4:30:00 PM,5:50:00 PM,"Mar 30, 2026","Jun 3, 2026",hs_social,25,seminar,SYMSYS-25-ACT-01,True
161,SYMSYS,Lessons from the Trenches: Applied Symbolic Systems in Entrepreneurship and Investing,2,4,2025-2026 Spring,1,LEC,50,39,Y2E2 111,Thursday,4:30:00 PM,5:20:00 PM,"Mar 30, 2026","Jun 3, 2026",hs_social,161,intro,SYMSYS-161-LEC-01,True
164H,SYMSYS,"Oceans Exploration: Gulf of California (OCEANS 164H, OCEANS 264H)",10,16,2025-2026 Spring,1,LAB,12,0,,,,,,,hs_social,164,intro,SYMSYS-164H-LAB-01,True
192,SYMSYS,Symbolic Systems in Practice,3,3,2025-2026 Spring,1,SEM,20,7,Departmental Room,Thursday,1:30:00 PM,4:20:00 PM,"Mar 30, 2026","Jun 3, 2026",hs_social,192,intro,SYMSYS-192-SEM-01,True
195A,SYMSYS,Design for Artificial Intelligence (CS 247A),3,4,2025-2026 Spring,2,DIS,999,0,,,,,,,hs_social,195,intro,SYMSYS-195A-DIS-02,False
195A,SYMSYS,Design for Artificial Intelligence (CS 247A),3,4,2025-2026 Spring,1,LEC,999,0,320-109,"Wednesday,Friday",1:30:00 PM,4:20:00 PM,"Mar 30, 2026","Jun 3, 2026",hs_social,195,intro,SYMSYS-195A-LEC-01,True
195G,SYMSYS,Design for Play (CS 247G),3,4,2025-2026 Spring,1,LEC,120,4,CODAB60,"Tuesday,Thursday",1:30:00 PM,4:20:00 PM,"Mar 30, 2026","Jun 3, 2026",hs_social,195,intro,SYMSYS-195G-LEC-01,True
195L,SYMSYS,Methods in Psycholinguistics (LINGUIST 245B),4,4,2025-2026 Spring,1,LEC,5,1,20-21B,"Tuesday,Thursday",4:30:00 PM,5:50:00 PM,"Mar 30, 2026","Jun 3, 2026",hs_social,195,intro,SYMSYS-195L-LEC-01,True
195Q,SYMSYS,What does AI get right and wrong about language?,3,3,2025-2026 Spring,1,SEM,999,0,,,,,,,hs_social,195,intro,SYMSYS-195Q-SEM-01,True
195R,SYMSYS,"Writing Systems: Theory, History, and Cognition (SYMSYS 295R)",3,4,2025-2026 Spring,1,SEM,12,3,Departmental Room,"Tuesday,Thursday",10:30:00 AM,11:50:00 AM,"Mar 30, 2026","Jun 3, 2026",hs_social,195,intro,SYMSYS-195R-SEM-01,True
195U,SYMSYS,"Natural Language Understanding (CS 224U, LINGUIST 188, LINGUIST 288)",3,4,2025-2026 Spring,4,DIS,999,0,,,,,,,hs_social,195,intro,SYMSYS-195U-DIS-04,False
195U,SYMSYS,"Natural Language Understanding (CS 224U, LINGUIST 188, LINGUIST 288)",3,4,2025-2026 Spring,1,LEC,999,0,,,,,,,hs_social,195,intro,SYMSYS-195U-LEC-01,True
200,SYMSYS,"Minds and Machines (CS 24, LINGUIST 35, PHIL 99, PSYCH 35, SYMSYS 1)",4,4,2025-2026 Spring,16,DIS,15,0,Econ 206,Thursday,12:00:00 PM,1:20:00 PM,"Mar 30, 2026","Jun 3, 2026",hs_social,200,mid,SYMSYS-200-DIS-16,False
200,SYMSYS,"Minds and Machines (CS 24, LINGUIST 35, PHIL 99, PSYCH 35, SYMSYS 1)",4,4,2025-2026 Spring,19,DIS,15,0,160-B35,Thursday,4:30:00 PM,5:20:00 PM,"Mar 30, 2026","Jun 3, 2026",hs_social,200,mid,SYMSYS-200-DIS-19,False
200,SYMSYS,"Minds and Machines (CS 24, LINGUIST 35, PHIL 99, PSYCH 35, SYMSYS 1)",4,4,2025-2026 Spring,18,DIS,15,0,ANKO 008,Thursday,3:00:00 PM,4:20:00 PM,"Mar 30, 2026","Jun 3, 2026",hs_social,200,mid,SYMSYS-200-DIS-18,False
200,SYMSYS,"Minds and Machines (CS 24, LINGUIST 35, PHIL 99, PSYCH 35, SYMSYS 1)",4,4,2025-2026 Spring,13,DIS,15,0,260-004,Thursday,9:30:00 AM,10:20:00 AM,"Mar 30, 2026","Jun 3, 2026",hs_social,200,mid,SYMSYS-200-DIS-13,False
200,SYMSYS,"Minds and Machines (CS 24, LINGUIST 35, PHIL 99, PSYCH 35, SYMSYS 1)",4,4,2025-2026 Spring,9,DIS,15,0,160-129,Wednesday,1:30:00 PM,2:20:00 PM,"Mar 30, 2026","Jun 3, 2026",hs_social,200,mid,SYMSYS-200-DIS-09,False
200,SYMSYS,"Minds and Machines (CS 24, LINGUIST 35, PHIL 99, PSYCH 35, SYMSYS 1)",4,4,2025-2026 Spring,10,DIS,15,0,160-129,Wednesday,2:30:00 PM,3:20:00 PM,"Mar 30, 2026","Jun 3, 2026",hs_social,200,mid,SYMSYS-200-DIS-10,False
200,SYMSYS,"Minds and Machines (CS 24, LINGUIST 35, PHIL 99, PSYCH 35, SYMSYS 1)",4,4,2025-2026 Spring,7,DIS,15,0,540-103,Wednesday,11:30:00 AM,12:20:00 PM,"Mar 30, 2026","Jun 3, 2026",hs_social,200,mid,SYMSYS-200-DIS-07,False
200,SYMSYS,"Minds and Machines (CS 24, LINGUIST 35, PHIL 99, PSYCH 35, SYMSYS 1)",4,4,2025-2026 Spring,8,DIS,15,0,540-103,Wednesday,12:30:00 PM,1:20:00 PM,"Mar 30, 2026","Jun 3, 2026",hs_social,200,mid,SYMSYS-200-DIS-08,False
200,SYMSYS,"Minds and Machines (CS 24, LINGUIST 35, PHIL 99, PSYCH 35, SYMSYS 1)",4,4,2025-2026 Spring,3,DIS,15,0,160-328,Tuesday,3:30:00 PM,4:20:00 PM,"Mar 30, 2026","Jun 3, 2026",hs_social,200,mid,SYMSYS-200-DIS-03,False
200,SYMSYS,"Minds and Machines (CS 24, LINGUIST 35, PHIL 99, PSYCH 35, SYMSYS 1)",4,4,2025-2026 Spring,6,DIS,15,0,Lathrop 292,Wednesday,10:30:00 AM,11:20:00 AM,"Mar 30, 2026","Jun 3, 2026",hs_social,200,mid,SYMSYS-200-DIS-06,False
200,SYMSYS,"Minds and Machines (CS 24, LINGUIST 35, PHIL 99, PSYCH 35, SYMSYS 1)",4,4,2025-2026 Spring,5,DIS,15,0,200-202,Wednesday,9:30:00 AM,10:20:00 AM,"Mar 30, 2026","Jun 3, 2026",hs_social,200,mid,SYMSYS-200-DIS-05,False
200,SYMSYS,"Minds and Machines (CS 24, LINGUIST 35, PHIL 99, PSYCH 35, SYMSYS 1)",4,4,2025-2026 Spring,4,DIS,15,0,380-381U,Tuesday,4:30:00 PM,5:20:00 PM,"Mar 30, 2026","Jun 3, 2026",hs_social,200,mid,SYMSYS-200-DIS-04,False
200,SYMSYS,"Minds and Machines (CS 24, LINGUIST 35, PHIL 99, PSYCH 35, SYMSYS 1)",4,4,2025-2026 Spring,12,DIS,15,0,160-328,Wednesday,4:30:00 PM,5:20:00 PM,"Mar 30, 2026","Jun 3, 2026",hs_social,200,mid,SYMSYS-200-DIS-12,False
200,SYMSYS,"Minds and Machines (CS 24, LINGUIST 35, PHIL 99, PSYCH 35, SYMSYS 1)",4,4,2025-2026 Spring,17,DIS,15,0,,,,,,,hs_social,200,mid,SYMSYS-200-DIS-17,False
200,SYMSYS,"Minds and Machines (CS 24, LINGUIST 35, PHIL 99, PSYCH 35, SYMSYS 1)",4,4,2025-2026 Spring,1,LEC,150,0,320-105,"Tuesday,Thursday",1:30:00 PM,2:50:00 PM,"Mar 30, 2026","Jun 3, 2026",hs_social,200,mid,SYMSYS-200-LEC-01,True
200,SYMSYS,"Minds and Machines (CS 24, LINGUIST 35, PHIL 99, PSYCH 35, SYMSYS 1)",4,4,2025-2026 Spring,2,DIS,15,0,380-381U,Tuesday,3:30:00 PM,4:20:00 PM,"Mar 30, 2026","Jun 3, 2026",hs_social,200,mid,SYMSYS-200-DIS-02,False
200,SYMSYS,"Minds and Machines (CS 24, LINGUIST 35, PHIL 99, PSYCH 35, SYMSYS 1)",4,4,2025-2026 Spring,11,DIS,15,0,160-330,Wednesday,3:30:00 PM,4:20:00 PM,"Mar 30, 2026","Jun 3, 2026",hs_social,200,mid,SYMSYS-200-DIS-11,False
200,SYMSYS,"Minds and Machines (CS 24, LINGUIST 35, PHIL 99, PSYCH 35, SYMSYS 1)",4,4,2025-2026 Spring,14,DIS,15,0,380-381U,Thursday,10:30:00 AM,11:20:00 AM,"Mar 30, 2026","Jun 3, 2026",hs_social,200,mid,SYMSYS-200-DIS-14,False
200,SYMSYS,"Minds and Machines (CS 24, LINGUIST 35, PHIL 99, PSYCH 35, SYMSYS 1)",4,4,2025-2026 Spring,15,DIS,15,0,Green Earth Sciences134,Thursday,12:30:00 PM,1:20:00 PM,"Mar 30, 2026","Jun 3, 2026",hs_social,200,mid,SYMSYS-200-DIS-15,False
203,SYMSYS,Cognitive Science Perspectives on Humanity and Well-Being,3,3,2025-2026 Spring,1,SEM,999,0,,,,,,,hs_social,203,mid,SYMSYS-203-SEM-01,True
205,SYMSYS,The Philosophy and Science of Perception (PHIL 185J),3,3,2025-2026 Spring,1,SEM,20,21,160-127,"Tuesday,Thursday",3:00:00 PM,4:20:00 PM,"Mar 30, 2026","Jun 3, 2026",hs_social,205,mid,SYMSYS-205-SEM-01,True
210,SYMSYS,"Governance Design: Real, Virtual, and Imaginary Worlds",3,3,2025-2026 Spring,1,SEM,20,6,Departmental Room,Tuesday,7:30:00 PM,9:50:00 PM,"Mar 30, 2026","Jun 3, 2026",hs_social,210,mid,SYMSYS-210-SEM-01,True
280,SYMSYS,Symbolic Systems Research Seminar,1,1,2025-2026 Spring,1,WKS,30,30,Departmental Room,Monday,12:30:00 PM,1:20:00 PM,"Mar 30, 2026","Jun 3, 2026",hs_social,280,mid,SYMSYS-280-WKS-01,True
291,SYMSYS,Master's Program Seminar,1,1,2025-2026 Spring,1,WKS,30,8,Departmental Room,Monday,4:30:00 PM,5:50:00 PM,"Mar 30, 2026","Jun 3, 2026",hs_social,291,mid,SYMSYS-291-WKS-01,True
294,SYMSYS,Computational Symbolic Mathematics (CME 294),1,1,2025-2026 Spring,1,LEC,18,0,,,,,,,hs_social,294,mid,SYMSYS-294-LEC-01,True
295R,SYMSYS,"Writing Systems: Theory, History, and Cognition (SYMSYS 195R)",3,4,2025-2026 Spring,1,SEM,12,0,Departmental Room,"Tuesday,Thursday",10:30:00 AM,11:50:00 AM,"Mar 30, 2026","Jun 3, 2026",hs_social,295,mid,SYMSYS-295R-SEM-01,True
298,SYMSYS,Peer Advising in Symbolic Systems: Practicum,1,2,2025-2026 Spring,1,ACT,30,0,,,,,"Mar 30, 2026","Jun 3, 2026",hs_social,298,mid,SYMSYS-298-ACT-01,True
112,DATASCI,Principles of Data Science,5,5,2025-2026 Spring,6,DIS,20,8,Green Earth Sciences134,"Tuesday,Thursday",4:30:00 PM,5:20:00 PM,"Mar 30, 2026","Jun 3, 2026",hs_natural,112,intro,DATASCI-112-DIS-06,False
112,DATASCI,Principles of Data Science,5,5,2025-2026 Spring,5,DIS,20,19,Green Earth Sciences134,"Tuesday,Thursday",3:30:00 PM,4:20:00 PM,"Mar 30, 2026","Jun 3, 2026",hs_natural,112,intro,DATASCI-112-DIS-05,False
112,DATASCI,Principles of Data Science,5,5,2025-2026 Spring,4,DIS,20,12,STLC 119,"Tuesday,Thursday",11:30:00 AM,12:20:00 PM,"Mar 30, 2026","Jun 3, 2026",hs_natural,112,intro,DATASCI-112-DIS-04,False
112,DATASCI,Principles of Data Science,5,5,2025-2026 Spring,2,DIS,20,10,200-217,"Tuesday,Thursday",9:30:00 AM,10:20:00 AM,"Mar 30, 2026","Jun 3, 2026",hs_natural,112,intro,DATASCI-112-DIS-02,False
112,DATASCI,Principles of Data Science,5,5,2025-2026 Spring,3,DIS,20,9,Hewlett Teaching Center Rm 101,"Tuesday,Thursday",10:30:00 AM,11:20:00 AM,"Mar 30, 2026","Jun 3, 2026",hs_natural,112,intro,DATASCI-112-DIS-03,False
112,DATASCI,Principles of Data Science,5,5,2025-2026 Spring,1,LEC,90,58,CODAB90,"Monday,Wednesday,Friday",11:30:00 AM,12:20:00 PM,"Mar 30, 2026","Jun 3, 2026",hs_natural,112,intro,DATASCI-112-LEC-01,True
120,DATASCI,Data Narratives,3,3,2025-2026 Spring,1,LEC,20,8,Gilbert Biological Science 117,"Monday,Wednesday",1:30:00 PM,2:50:00 PM,"Mar 30, 2026","Jun 3, 2026",hs_natural,120,intro,DATASCI-120-LEC-01,True
154,DATASCI,"Data Science for Social Impact (COMM 140X, EARTHSYS 153, ECON 163, MS&E 134, POLISCI 154, PUBLPOL 155, SOC 127)",5,5,2025-2026 Spring,2,DIS,35,12,320-220,Friday,9:30:00 AM,10:20:00 AM,"Mar 30, 2026","Jun 3, 2026",hs_natural,154,intro,DATASCI-154-DIS-02,False
154,DATASCI,"Data Science for Social Impact (COMM 140X, EARTHSYS 153, ECON 163, MS&E 134, POLISCI 154, PUBLPOL 155, SOC 127)",5,5,2025-2026 Spring,4,DIS,35,18,Lathrop 014,Friday,12:30:00 PM,1:20:00 PM,"Mar 30, 2026","Jun 3, 2026",hs_natural,154,intro,DATASCI-154-DIS-04,False
154,DATASCI,"Data Science for Social Impact (COMM 140X, EARTHSYS 153, ECON 163, MS&E 134, POLISCI 154, PUBLPOL 155, SOC 127)",5,5,2025-2026 Spring,1,LEC,100,54,CODAB90,"Tuesday,Thursday",3:00:00 PM,4:20:00 PM,"Mar 30, 2026","Jun 3, 2026",hs_natural,154,intro,DATASCI-154-LEC-01,True
154,DATASCI,"Data Science for Social Impact (COMM 140X, EARTHSYS 153, ECON 163, MS&E 134, POLISCI 154, PUBLPOL 155, SOC 127)",5,5,2025-2026 Spring,3,DIS,35,20,320-220,Friday,10:30:00 AM,11:20:00 AM,"Mar 30, 2026","Jun 3, 2026",hs_natural,154,intro,DATASCI-154-DIS-03,False
156,DATASCI,Thinking and Making with Data,5,5,2025-2026 Spring,1,LEC,35,4,Hewlett Teaching Center 103,"Monday,Wednesday",10:30:00 AM,11:50:00 AM,"Mar 30, 2026","Jun 3, 2026",hs_natural,156,intro,DATASCI-156-LEC-01,True
190,DATASCI,The Data Science Experience,1,1,2025-2026 Spring,1,LEC,30,6,Departmental Room,Monday,4:30:00 PM,5:20:00 PM,"Mar 30, 2026","Jun 3, 2026",hs_natural,190,intro,DATASCI-190-LEC-01,True
192B,DATASCI,Data Science Practicum II,3,3,2025-2026 Spring,1,PRA,28,27,Lathrop 014,Friday,1:30:00 PM,2:20:00 PM,"Mar 30, 2026","Jun 3, 2026",hs_natural,192,intro,DATASCI-192B-PRA-01,True
193,DATASCI,Applied Artistic and Cultural Analysis,5,5,2025-2026 Spring,1,PRA,20,1,,,,,"Mar 30, 2026","Jun 3, 2026",hs_natural,193,intro,DATASCI-193-PRA-01,True
194B,DATASCI,Data Science for Computational Molecular Biology (DATASCI 294B),3,3,2025-2026 Spring,1,SEM,15,1,Gates100,"Tuesday,Thursday",9:00:00 AM,10:20:00 AM,"Mar 30, 2026","Jun 3, 2026",hs_natural,194,intro,DATASCI-194B-SEM-01,True
196,DATASCI,Teaching Data Science,1,3,2025-2026 Spring,1,PRA,10,1,,,,,"Mar 30, 2026","Jun 3, 2026",hs_natural,196,intro,DATASCI-196-PRA-01,True
200Q,DATASCI,Philosophical Foundations of Statistics (STATS 200Q),4,4,2025-2026 Spring,1,ISS,12,0,360-361A,"Monday,Wednesday",1:30:00 PM,2:50:00 PM,"Mar 30, 2026","Jun 3, 2026",hs_natural,200,mid,DATASCI-200Q-ISS-01,True
294B,DATASCI,Data Science for Computational Molecular Biology (DATASCI 194B),3,3,2025-2026 Spring,1,SEM,10,3,Gates100,"Tuesday,Thursday",9:00:00 AM,10:20:00 AM,"Mar 30, 2026","Jun 3, 2026",hs_natural,294,mid,DATASCI-294B-SEM-01,True
8,EARTHSYS,The Oceans: An Introduction to the Marine Environment (ESS 8),4,4,2025-2026 Spring,3,DIS,999,0,,,,,,,doerr,8,seminar,EARTHSYS-8-DIS-03,False
8,EARTHSYS,The Oceans: An Introduction to the Marine Environment (ESS 8),4,4,2025-2026 Spring,1,LEC,15,4,Y2E2 105,"Monday,Wednesday",1:30:00 PM,2:50:00 PM,"Mar 30, 2026","Jun 3, 2026",doerr,8,intro,EARTHSYS-8-LEC-01,True
11,EARTHSYS,Introduction to Geology (EPS 1),5,5,2025-2026 Spring,2,LBS,17,10,320-227,Tuesday,3:00:00 PM,5:50:00 PM,"Mar 30, 2026","Jun 3, 2026",doerr,11,seminar,EARTHSYS-11-LBS-02,False
11,EARTHSYS,Introduction to Geology (EPS 1),5,5,2025-2026 Spring,9,LBS,17,0,,,,,,,doerr,11,seminar,EARTHSYS-11-LBS-09,False
11,EARTHSYS,Introduction to Geology (EPS 1),5,5,2025-2026 Spring,4,LBS,17,9,320-227,Wednesday,9:30:00 AM,12:20:00 PM,"Mar 30, 2026","Jun 3, 2026",doerr,11,seminar,EARTHSYS-11-LBS-04,False
11,EARTHSYS,Introduction to Geology (EPS 1),5,5,2025-2026 Spring,3,LBS,17,8,320-227,Tuesday,6:00:00 PM,8:50:00 PM,"Mar 30, 2026","Jun 3, 2026",doerr,11,seminar,EARTHSYS-11-LBS-03,False
11,EARTHSYS,Introduction to Geology (EPS 1),5,5,2025-2026 Spring,5,LBS,17,8,320-227,Wednesday,3:00:00 PM,5:50:00 PM,"Mar 30, 2026","Jun 3, 2026",doerr,11,seminar,EARTHSYS-11-LBS-05,False
11,EARTHSYS,Introduction to Geology (EPS 1),5,5,2025-2026 Spring,6,LBS,17,5,320-227,Wednesday,6:00:00 PM,8:50:00 PM,"Mar 30, 2026","Jun 3, 2026",doerr,11,seminar,EARTHSYS-11-LBS-06,False
11,EARTHSYS,Introduction to Geology (EPS 1),5,5,2025-2026 Spring,7,LBS,17,4,320-227,Thursday,9:00:00 AM,11:50:00 AM,"Mar 30, 2026","Jun 3, 2026",doerr,11,seminar,EARTHSYS-11-LBS-07,False
11,EARTHSYS,Introduction to Geology (EPS 1),5,5,2025-2026 Spring,1,LEC,55,51,320-105,"Monday,Wednesday,Friday",1:30:00 PM,2:50:00 PM,"Mar 30, 2026","Jun 3, 2026",doerr,11,intro,EARTHSYS-11-LEC-01,True
11,EARTHSYS,Introduction to Geology (EPS 1),5,5,2025-2026 Spring,8,LBS,17,7,320-227,Thursday,3:00:00 PM,5:50:00 PM,"Mar 30, 2026","Jun 3, 2026",doerr,11,seminar,EARTHSYS-11-LBS-08,False
46N,EARTHSYS,Exploring the Critical Interface between the Land and Monterey Bay: Elkhorn Slough (ESS 46N),3,3,2025-2026 Spring,1,ISF,16,8,Departmental Room,"Tuesday,Thursday",10:30:00 AM,11:50:00 AM,"Mar 30, 2026","Jun 3, 2026",doerr,46,seminar,EARTHSYS-46N-ISF-01,True
47,EARTHSYS,Introduction to Research in Ecology and Evolutionary Biology (BIO 47),4,4,2025-2026 Spring,5,LAB,20,0,,,,,,,doerr,47,intro,EARTHSYS-47-LAB-05,True
47,EARTHSYS,Introduction to Research in Ecology and Evolutionary Biology (BIO 47),4,4,2025-2026 Spring,6,LBS,20,0,Departmental Room,Thursday,1:30:00 PM,3:20:00 PM,"Mar 30, 2026","Jun 3, 2026",doerr,47,seminar,EARTHSYS-47-LBS-06,False
47,EARTHSYS,Introduction to Research in Ecology and Evolutionary Biology (BIO 47),4,4,2025-2026 Spring,6,LBS,20,0,Departmental Room,Thursday,3:30:00 PM,5:20:00 PM,"Mar 30, 2026","Jun 3, 2026",doerr,47,seminar,EARTHSYS-47-LBS-06,False
47,EARTHSYS,Introduction to Research in Ecology and Evolutionary Biology (BIO 47),4,4,2025-2026 Spring,4,LBS,20,0,Departmental Room,Tuesday,1:30:00 PM,3:20:00 PM,"Mar 30, 2026","Jun 3, 2026",doerr,47,seminar,EARTHSYS-47-LBS-04,False
47,EARTHSYS,Introduction to Research in Ecology and Evolutionary Biology (BIO 47),4,4,2025-2026 Spring,4,LBS,20,0,Departmental Room,Tuesday,3:30:00 PM,5:20:00 PM,"Mar 30, 2026","Jun 3, 2026",doerr,47,seminar,EARTHSYS-47-LBS-04,False
47,EARTHSYS,Introduction to Research in Ecology and Evolutionary Biology (BIO 47),4,4,2025-2026 Spring,2,LAB,36,0,320-109,Monday,1:30:00 PM,2:20:00 PM,"Mar 30, 2026","Jun 3, 2026",doerr,47,intro,EARTHSYS-47-LAB-02,True
47,EARTHSYS,Introduction to Research in Ecology and Evolutionary Biology (BIO 47),4,4,2025-2026 Spring,7,LBS,20,0,Departmental Room,Wednesday,1:30:00 PM,3:20:00 PM,"Mar 30, 2026","Jun 3, 2026",doerr,47,seminar,EARTHSYS-47-LBS-07,False
47,EARTHSYS,Introduction to Research in Ecology and Evolutionary Biology (BIO 47),4,4,2025-2026 Spring,7,LBS,20,0,Departmental Room,Wednesday,3:30:00 PM,5:20:00 PM,"Mar 30, 2026","Jun 3, 2026",doerr,47,seminar,EARTHSYS-47-LBS-07,False
47,EARTHSYS,Introduction to Research in Ecology and Evolutionary Biology (BIO 47),4,4,2025-2026 Spring,3,LAB,18,0,STLC 119,Monday,9:30:00 AM,10:20:00 AM,"Mar 30, 2026","Jun 3, 2026",doerr,47,intro,EARTHSYS-47-LAB-03,True
47,EARTHSYS,Introduction to Research in Ecology and Evolutionary Biology (BIO 47),4,4,2025-2026 Spring,1,LAB,18,0,STLC 119,Monday,1:30:00 PM,2:20:00 PM,"Mar 30, 2026","Jun 3, 2026",doerr,47,intro,EARTHSYS-47-LAB-01,True
79C,EARTHSYS,"History and Ethics of the Global Climate Crisis (EARTHSYS 179C, HISTORY 79C, HISTORY 179C)",3,5,2025-2026 Spring,2,DIS,20,0,,,,,,,doerr,79,seminar,EARTHSYS-79C-DIS-02,False
79C,EARTHSYS,"History and Ethics of the Global Climate Crisis (EARTHSYS 179C, HISTORY 79C, HISTORY 179C)",3,5,2025-2026 Spring,1,LEC,70,0,200-205,"Tuesday,Thursday",12:00:00 PM,1:20:00 PM,"Mar 30, 2026","Jun 3, 2026",doerr,79,intro,EARTHSYS-79C-LEC-01,True
102,EARTHSYS,Fundamentals of Renewable Power (ENERGY 102),3,3,2025-2026 Spring,1,LEC,45,6,McCullough 122,"Monday,Wednesday,Friday",1:30:00 PM,2:20:00 PM,"Mar 30, 2026","Jun 3, 2026",doerr,102,intro,EARTHSYS-102-LEC-01,True
103,EARTHSYS,"Understand Energy (CEE 107A, CEE 207A, ENERGY 107A, ENERGY 207A)",3,5,2025-2026 Spring,1,LEC,60,9,Shriram 104,"Monday,Wednesday,Friday",10:30:00 AM,11:50:00 AM,"Mar 30, 2026","Jun 3, 2026",doerr,103,intro,EARTHSYS-103-LEC-01,True
105B,EARTHSYS,Ecology and Natural History of Jasper Ridge Biological Preserve (BIO 105B),4,4,2025-2026 Spring,1,LEC,20,5,Jasper Ridge Hillside Lab,Thursday,1:00:00 PM,6:00:00 PM,"Mar 30, 2026","Jun 3, 2026",doerr,105,intro,EARTHSYS-105B-LEC-01,True
108,EARTHSYS,"Environmental Wayfinding: Cultural, Artistic, and Spiritual Approaches to Life on a Changing Planet (EARTHSYS 208, NATIVEAM 108, RELIGST 108X)",3,3,2025-2026 Spring,1,LEC,55,33,Lathrop 016,"Monday,Wednesday",1:30:00 PM,2:50:00 PM,"Mar 30, 2026","Jun 3, 2026",doerr,108,intro,EARTHSYS-108-LEC-01,True
109,EARTHSYS,"Rethinking Meat: An Introduction to Alternative Proteins (EARTHSYS 209, ESS 103, ESS 203, ETHICSOC 107)",1,2,2025-2026 Spring,1,LEC,200,33,Bishop Auditorium,Monday,4:30:00 PM,5:50:00 PM,"Mar 30, 2026","Jun 3, 2026",doerr,109,intro,EARTHSYS-109-LEC-01,True
111,EARTHSYS,"Biology and Global Change (BIO 117, EARTHSYS 217, ESS 111)",4,4,2025-2026 Spring,1,LEC,35,13,530-127,"Monday,Wednesday",11:30:00 AM,12:50:00 PM,"Mar 30, 2026","Jun 3, 2026",doerr,111,intro,EARTHSYS-111-LEC-01,True
112G,EARTHSYS,"Geomorphology: The Mechanics of Earth's Landscapes (CEE 112E, CEE 212E, EARTHSYS 212G, EPS 112, ESS 137, ESS 237, GEOPHYS 113, GEOPHYS 213)",4,4,2025-2026 Spring,1,LEC,12,0,320-241,"Tuesday,Thursday",9:00:00 AM,10:20:00 AM,"Mar 30, 2026","Jun 3, 2026",doerr,112,intro,EARTHSYS-112G-LEC-01,True
112G,EARTHSYS,"Geomorphology: The Mechanics of Earth's Landscapes (CEE 112E, CEE 212E, EARTHSYS 212G, EPS 112, ESS 137, ESS 237, GEOPHYS 113, GEOPHYS 213)",4,4,2025-2026 Spring,1,LEC,12,0,320-241,"Tuesday,Thursday",10:30:00 AM,11:50:00 AM,"Mar 30, 2026","Jun 3, 2026",doerr,112,intro,EARTHSYS-112G-LEC-01,True
113,EARTHSYS,Earthquakes and Volcanoes (GEOPHYS 90),3,3,2025-2026 Spring,3,DIS,999,0,,,,,,,doerr,113,intro,EARTHSYS-113-DIS-03,False
113,EARTHSYS,Earthquakes and Volcanoes (GEOPHYS 90),3,3,2025-2026 Spring,1,LEC,999,7,Mitchell Earth Sciences350/372,"Monday,Wednesday",3:00:00 PM,4:20:00 PM,"Mar 30, 2026","Jun 3, 2026",doerr,113,intro,EARTHSYS-113-LEC-01,True
120A,EARTHSYS,Climates of Inequality (EARTHSYS 220A),3,3,2025-2026 Spring,1,SEM,20,0,200-013,Friday,9:30:00 AM,11:20:00 AM,"Mar 30, 2026","Jun 3, 2026",doerr,120,intro,EARTHSYS-120A-SEM-01,True
120A,EARTHSYS,Climates of Inequality (EARTHSYS 220A),3,3,2025-2026 Spring,1,SEM,20,0,200-013,Tuesday,5:00:00 PM,6:30:00 PM,"Mar 30, 2026","Jun 3, 2026",doerr,120,intro,EARTHSYS-120A-SEM-01,True
123,EARTHSYS,Tribal Food Systems (NATIVEAM 123),3,5,2025-2026 Spring,1,SEM,30,10,Green Earth Sciences150,Thursday,12:00:00 PM,2:50:00 PM,"Mar 30, 2026","Jun 3, 2026",doerr,123,intro,EARTHSYS-123-SEM-01,True
125,EARTHSYS,"Shades of Green: Exploring and Expanding Environmental Justice in Practice (CSRE 125E, EARTHSYS 225, URBANST 125)",3,4,2025-2026 Spring,1,SEM,23,17,Lathrop 017,"Tuesday,Thursday",1:30:00 PM,2:50:00 PM,"Mar 30, 2026","Jun 3, 2026",doerr,125,intro,EARTHSYS-125-SEM-01,True
127,EARTHSYS,Plant EcoEvo in the Field (BIO 137),3,3,2025-2026 Spring,1,LEC,20,1,60-108,Wednesday,3:00:00 PM,5:50:00 PM,"Mar 30, 2026","Jun 3, 2026",doerr,127,intro,EARTHSYS-127-LEC-01,True
131,EARTHSYS,Pathways in Sustainability Careers,1,1,2025-2026 Spring,1,SEM,30,9,Y2E2 101,Friday,10:30:00 AM,11:20:00 AM,"Mar 30, 2026","Jun 3, 2026",doerr,131,intro,EARTHSYS-131-SEM-01,True
134,EARTHSYS,Environmental Justice: Reflection,2,2,2025-2026 Spring,1,SEM,15,3,SpilkerEngAppliedSci317,Tuesday,4:30:00 PM,5:50:00 PM,"Mar 30, 2026","Jun 3, 2026",doerr,134,intro,EARTHSYS-134-SEM-01,True
135,EARTHSYS,"Challenging the Status Quo: Innovation in the Public Sector (CSRE 142C, INTNLREL 142, URBANST 135)",3,5,2025-2026 Spring,1,SEM,35,2,Departmental Room,Thursday,1:30:00 PM,4:20:00 PM,"Mar 30, 2026","Jun 3, 2026",doerr,135,intro,EARTHSYS-135-SEM-01,True
142,EARTHSYS,"Remote Sensing of Land (EARTHSYS 242, ESS 162, ESS 262)",3,3,2025-2026 Spring,1,LEC,30,9,McMurtry Art Building 350,Tuesday,10:30:00 AM,11:50:00 AM,"Mar 30, 2026","Jun 3, 2026",doerr,142,intro,EARTHSYS-142-LEC-01,True
142,EARTHSYS,"Remote Sensing of Land (EARTHSYS 242, ESS 162, ESS 262)",3,3,2025-2026 Spring,1,LEC,30,9,Departmental Room,Thursday,10:30:00 AM,11:50:00 AM,"Mar 30, 2026","Jun 3, 2026",doerr,142,intro,EARTHSYS-142-LEC-01,True
144,EARTHSYS,Fundamentals of Geographic Information Science (GIS) (ESS 164),3,3,2025-2026 Spring,2,LBS,26,16,Y2E2 184,Tuesday,1:30:00 PM,4:20:00 PM,"Mar 30, 2026","Jun 3, 2026",doerr,144,intro,EARTHSYS-144-LBS-02,False
144,EARTHSYS,Fundamentals of Geographic Information Science (GIS) (ESS 164),3,3,2025-2026 Spring,4,LBS,26,22,Y2E2 184,Friday,12:30:00 PM,3:20:00 PM,"Mar 30, 2026","Jun 3, 2026",doerr,144,intro,EARTHSYS-144-LBS-04,False
144,EARTHSYS,Fundamentals of Geographic Information Science (GIS) (ESS 164),3,3,2025-2026 Spring,3,LBS,26,10,Y2E2 184,Thursday,1:30:00 PM,4:20:00 PM,"Mar 30, 2026","Jun 3, 2026",doerr,144,intro,EARTHSYS-144-LBS-03,False
144,EARTHSYS,Fundamentals of Geographic Information Science (GIS) (ESS 164),3,3,2025-2026 Spring,1,LEC,65,48,380-380Y,"Monday,Wednesday",1:30:00 PM,2:50:00 PM,"Mar 30, 2026","Jun 3, 2026",doerr,144,intro,EARTHSYS-144-LEC-01,True
149,EARTHSYS,"Wild Writing (EARTHSYS 249, NATIVEAM 149)",3,3,2025-2026 Spring,1,SEM,18,8,O'Donohue Fmly Stanf Educ Farm,Wednesday,9:30:00 AM,12:20:00 PM,"Mar 30, 2026","Jun 3, 2026",doerr,149,intro,EARTHSYS-149-SEM-01,True
150,EARTHSYS,Wildfires in the Anthropocene (ESS 150),3,3,2025-2026 Spring,1,LEC,25,10,Departmental Room,"Tuesday,Thursday",10:30:00 AM,11:50:00 AM,"Mar 30, 2026","Jun 3, 2026",doerr,150,intro,EARTHSYS-150-LEC-01,True
151,EARTHSYS,"Biological Oceanography (EARTHSYS 251, ESS 151, ESS 251)",3,3,2025-2026 Spring,1,LEC,999,0,,,,,,,doerr,151,intro,EARTHSYS-151-LEC-01,True
153,EARTHSYS,"Data Science for Social Impact (COMM 140X, DATASCI 154, ECON 163, MS&E 134, POLISCI 154, PUBLPOL 155, SOC 127)",5,5,2025-2026 Spring,1,LEC,20,2,CODAB90,"Tuesday,Thursday",3:00:00 PM,4:20:00 PM,"Mar 30, 2026","Jun 3, 2026",doerr,153,intro,EARTHSYS-153-LEC-01,True
155,EARTHSYS,Science of Soils (ESS 155),4,5,2025-2026 Spring,3,LBS,30,0,380-380W,Wednesday,3:00:00 PM,5:50:00 PM,"Mar 30, 2026","Jun 3, 2026",doerr,155,intro,EARTHSYS-155-LBS-03,False
155,EARTHSYS,Science of Soils (ESS 155),4,5,2025-2026 Spring,2,LBS,30,6,200-030,Tuesday,3:00:00 PM,5:50:00 PM,"Mar 30, 2026","Jun 3, 2026",doerr,155,intro,EARTHSYS-155-LBS-02,False
155,EARTHSYS,Science of Soils (ESS 155),4,5,2025-2026 Spring,4,LBS,30,3,200-305,Thursday,3:00:00 PM,5:50:00 PM,"Mar 30, 2026","Jun 3, 2026",doerr,155,intro,EARTHSYS-155-LBS-04,False
155,EARTHSYS,Science of Soils (ESS 155),4,5,2025-2026 Spring,1,LEC,36,9,380-380F,"Tuesday,Thursday",10:30:00 AM,11:50:00 AM,"Mar 30, 2026","Jun 3, 2026",doerr,155,intro,EARTHSYS-155-LEC-01,True
160,EARTHSYS,Sustainable Cities (URBANST 164),4,5,2025-2026 Spring,1,SEM,15,7,Lathrop 290,Monday,9:30:00 AM,11:20:00 AM,"Mar 30, 2026","Jun 3, 2026",doerr,160,intro,EARTHSYS-160-SEM-01,True
168,EARTHSYS,"Introduction to Land Use Policy and Planning (AMSTUD 163, PUBLPOL 163, URBANST 163)",3,3,2025-2026 Spring,1,LEC,24,13,Lathrop 180,"Tuesday,Thursday",10:30:00 AM,11:50:00 AM,"Mar 30, 2026","Jun 3, 2026",doerr,168,intro,EARTHSYS-168-LEC-01,True
169,EARTHSYS,"Race, Nature, and the City (CSRE 168, SOC 168A, URBANST 168)",4,4,2025-2026 Spring,1,SEM,999,0,,,,,,,doerr,169,intro,EARTHSYS-169-SEM-01,True
171M,EARTHSYS,"Solutions in Human and Planetary Health: Mitigation, Adaptation and Resilience (EARTHSYS 271M, MED 171, MED 271)",2,3,2025-2026 Spring,1,WKS,5,2,School of Medicine Room,Wednesday,2:30:00 PM,4:20:00 PM,"Mar 30, 2026","Jun 3, 2026",doerr,171,intro,EARTHSYS-171M-WKS-01,True
176M,EARTHSYS,"Spatial Planning for Gigascale Renewables & Transmission (CEE 176M, CEE 276M, EARTHSYS 276M)",3,3,2025-2026 Spring,1,PRA,36,0,160-124,"Tuesday,Thursday",9:00:00 AM,10:20:00 AM,"Mar 30, 2026","Jun 3, 2026",doerr,176,intro,EARTHSYS-176M-PRA-01,True
177C,EARTHSYS,"Science and Environmental Journalism (COMM 177C, COMM 277C, EARTHSYS 277C)",4,5,2025-2026 Spring,1,SEM,15,0,Y2E2 101,"Monday,Wednesday",12:30:00 PM,2:20:00 PM,"Mar 30, 2026","Jun 3, 2026",doerr,177,intro,EARTHSYS-177C-SEM-01,True
179C,EARTHSYS,"History and Ethics of the Global Climate Crisis (EARTHSYS 79C, HISTORY 79C, HISTORY 179C)",3,5,2025-2026 Spring,2,DIS,20,1,,,,,,,doerr,179,intro,EARTHSYS-179C-DIS-02,False
179C,EARTHSYS,"History and Ethics of the Global Climate Crisis (EARTHSYS 79C, HISTORY 79C, HISTORY 179C)",3,5,2025-2026 Spring,1,LEC,70,1,200-205,"Tuesday,Thursday",12:00:00 PM,1:20:00 PM,"Mar 30, 2026","Jun 3, 2026",doerr,179,intro,EARTHSYS-179C-LEC-01,True
181,EARTHSYS,"Urban Agroecology (EARTHSYS 281, URBANST 181)",3,3,2025-2026 Spring,1,SEM,24,7,O'Donohue Fmly Stanf Educ Farm,Wednesday,1:30:00 PM,4:20:00 PM,"Mar 30, 2026","Jun 3, 2026",doerr,181,intro,EARTHSYS-181-SEM-01,True
192,EARTHSYS,"Multimedia Environmental Communication (COMM 177G, COMM 277G, EARTHSYS 292)",3,3,2025-2026 Spring,1,SEM,24,3,Y2E2 101,Monday,2:30:00 PM,5:20:00 PM,"Mar 30, 2026","Jun 3, 2026",doerr,192,intro,EARTHSYS-192-SEM-01,True
208,EARTHSYS,"Environmental Wayfinding: Cultural, Artistic, and Spiritual Approaches to Life on a Changing Planet (EARTHSYS 108, NATIVEAM 108, RELIGST 108X)",3,3,2025-2026 Spring,1,LEC,55,7,Lathrop 016,"Monday,Wednesday",1:30:00 PM,2:50:00 PM,"Mar 30, 2026","Jun 3, 2026",doerr,208,mid,EARTHSYS-208-LEC-01,True
209,EARTHSYS,"Rethinking Meat: An Introduction to Alternative Proteins (EARTHSYS 109, ESS 103, ESS 203, ETHICSOC 107)",1,2,2025-2026 Spring,1,LEC,200,14,Bishop Auditorium,Monday,4:30:00 PM,5:50:00 PM,"Mar 30, 2026","Jun 3, 2026",doerr,209,mid,EARTHSYS-209-LEC-01,True
210P,EARTHSYS,Earth Systems Capstone Project,2,2,2025-2026 Spring,4,PRA,30,0,,,,,"Mar 30, 2026","Jun 3, 2026",doerr,210,mid,EARTHSYS-210P-PRA-04,True
210P,EARTHSYS,Earth Systems Capstone Project,2,2,2025-2026 Spring,5,PRA,30,3,,,,,"Mar 30, 2026","Jun 3, 2026",doerr,210,mid,EARTHSYS-210P-PRA-05,True
210P,EARTHSYS,Earth Systems Capstone Project,2,2,2025-2026 Spring,3,PRA,30,4,,,,,"Mar 30, 2026","Jun 3, 2026",doerr,210,mid,EARTHSYS-210P-PRA-03,True
210P,EARTHSYS,Earth Systems Capstone Project,2,2,2025-2026 Spring,1,PRA,30,3,,,,,"Mar 30, 2026","Jun 3, 2026",doerr,210,mid,EARTHSYS-210P-PRA-01,True
210P,EARTHSYS,Earth Systems Capstone Project,2,2,2025-2026 Spring,2,PRA,30,4,,,,,"Mar 30, 2026","Jun 3, 2026",doerr,210,mid,EARTHSYS-210P-PRA-02,True
212G,EARTHSYS,"Geomorphology: The Mechanics of Earth's Landscapes (CEE 112E, CEE 212E, EARTHSYS 112G, EPS 112, ESS 137, ESS 237, GEOPHYS 113, GEOPHYS 213)",4,4,2025-2026 Spring,1,LEC,12,0,320-241,"Tuesday,Thursday",9:00:00 AM,10:20:00 AM,"Mar 30, 2026","Jun 3, 2026",doerr,212,mid,EARTHSYS-212G-LEC-01,True
212G,EARTHSYS,"Geomorphology: The Mechanics of Earth's Landscapes (CEE 112E, CEE 212E, EARTHSYS 112G, EPS 112, ESS 137, ESS 237, GEOPHYS 113, GEOPHYS 213)",4,4,2025-2026 Spring,1,LEC,12,0,320-241,"Tuesday,Thursday",10:30:00 AM,11:50:00 AM,"Mar 30, 2026","Jun 3, 2026",doerr,212,mid,EARTHSYS-212G-LEC-01,True
217,EARTHSYS,"Biology and Global Change (BIO 117, EARTHSYS 111, ESS 111)",4,4,2025-2026 Spring,1,LEC,35,3,530-127,"Monday,Wednesday",11:30:00 AM,12:50:00 PM,"Mar 30, 2026","Jun 3, 2026",doerr,217,mid,EARTHSYS-217-LEC-01,True
220A,EARTHSYS,Climates of Inequality (EARTHSYS 120A),3,3,2025-2026 Spring,1,SEM,20,3,200-013,Friday,9:30:00 AM,11:20:00 AM,"Mar 30, 2026","Jun 3, 2026",doerr,220,mid,EARTHSYS-220A-SEM-01,True
220A,EARTHSYS,Climates of Inequality (EARTHSYS 120A),3,3,2025-2026 Spring,1,SEM,20,3,200-013,Tuesday,5:00:00 PM,6:30:00 PM,"Mar 30, 2026","Jun 3, 2026",doerr,220,mid,EARTHSYS-220A-SEM-01,True
223E,EARTHSYS,"How Do We Get Out of Here? Global Ecocide (ENGLISH 223, FEMGEN 223E)",3,5,2025-2026 Spring,1,SEM,15,8,Green Earth Sciences131,Monday,3:00:00 PM,5:50:00 PM,"Mar 30, 2026","Jun 3, 2026",doerr,223,mid,EARTHSYS-223E-SEM-01,True
225,EARTHSYS,"Shades of Green: Exploring and Expanding Environmental Justice in Practice (CSRE 125E, EARTHSYS 125, URBANST 125)",3,4,2025-2026 Spring,1,SEM,25,4,Lathrop 017,"Tuesday,Thursday",1:30:00 PM,2:50:00 PM,"Mar 30, 2026","Jun 3, 2026",doerr,225,mid,EARTHSYS-225-SEM-01,True
233,EARTHSYS,Mitigating Climate Change through Soil Management (ESS 233),3,3,2025-2026 Spring,1,LEC,999,0,,,,,,,doerr,233,mid,EARTHSYS-233-LEC-01,True
242,EARTHSYS,"Remote Sensing of Land (EARTHSYS 142, ESS 162, ESS 262)",3,3,2025-2026 Spring,1,LEC,30,13,McMurtry Art Building 350,Tuesday,10:30:00 AM,11:50:00 AM,"Mar 30, 2026","Jun 3, 2026",doerr,242,mid,EARTHSYS-242-LEC-01,True
242,EARTHSYS,"Remote Sensing of Land (EARTHSYS 142, ESS 162, ESS 262)",3,3,2025-2026 Spring,1,LEC,30,13,Departmental Room,Thursday,10:30:00 AM,11:50:00 AM,"Mar 30, 2026","Jun 3, 2026",doerr,242,mid,EARTHSYS-242-LEC-01,True
249,EARTHSYS,"Wild Writing (EARTHSYS 149, NATIVEAM 149)",3,3,2025-2026 Spring,1,SEM,18,7,O'Donohue Fmly Stanf Educ Farm,Wednesday,9:30:00 AM,12:20:00 PM,"Mar 30, 2026","Jun 3, 2026",doerr,249,mid,EARTHSYS-249-SEM-01,True
251,EARTHSYS,"Biological Oceanography (EARTHSYS 151, ESS 151, ESS 251)",3,3,2025-2026 Spring,1,LEC,999,0,,,,,,,doerr,251,mid,EARTHSYS-251-LEC-01,True
276M,EARTHSYS,"Spatial Planning for Gigascale Renewables & Transmission (CEE 176M, CEE 276M, EARTHSYS 176M)",3,3,2025-2026 Spring,1,PRA,40,0,160-124,"Tuesday,Thursday",9:00:00 AM,10:20:00 AM,"Mar 30, 2026","Jun 3, 2026",doerr,276,mid,EARTHSYS-276M-PRA-01,True
277C,EARTHSYS,"Science and Environmental Journalism (COMM 177C, COMM 277C, EARTHSYS 177C)",4,5,2025-2026 Spring,1,SEM,15,7,Y2E2 101,"Monday,Wednesday",12:30:00 PM,2:20:00 PM,"Mar 30, 2026","Jun 3, 2026",doerr,277,mid,EARTHSYS-277C-SEM-01,True
281,EARTHSYS,"Urban Agroecology (EARTHSYS 181, URBANST 181)",3,3,2025-2026 Spring,1,SEM,24,6,O'Donohue Fmly Stanf Educ Farm,Wednesday,1:30:00 PM,4:20:00 PM,"Mar 30, 2026","Jun 3, 2026",doerr,281,mid,EARTHSYS-281-SEM-01,True
292,EARTHSYS,"Multimedia Environmental Communication (COMM 177G, COMM 277G, EARTHSYS 192)",3,3,2025-2026 Spring,1,SEM,24,9,Y2E2 101,Monday,2:30:00 PM,5:20:00 PM,"Mar 30, 2026","Jun 3, 2026",doerr,292,mid,EARTHSYS-292-SEM-01,True
293,EARTHSYS,Environmental Communication Practicum,1,5,2025-2026 Spring,2,PRA,30,0,,,,,"Mar 30, 2026","Jun 3, 2026",doerr,293,mid,EARTHSYS-293-PRA-02,True
293,EARTHSYS,Environmental Communication Practicum,1,5,2025-2026 Spring,1,PRA,30,7,,,,,"Mar 30, 2026","Jun 3, 2026",doerr,293,mid,EARTHSYS-293-PRA-01,True
295,EARTHSYS,Environmental Communication Seminar,1,1,2025-2026 Spring,1,SEM,20,14,Y2E2 101,Tuesday,4:30:00 PM,5:20:00 PM,"Mar 30, 2026","Jun 3, 2026",doerr,295,mid,EARTHSYS-295-SEM-01,True
100,PUBLPOL,Hoover Institution National Security Affairs Fellows Mentorship Program,1,1,2025-2026 Spring,1,RSC,35,26,200-303,Thursday,3:00:00 PM,4:20:00 PM,"Mar 30, 2026","Jun 3, 2026",hs_social,100,intro,PUBLPOL-100-RSC-01,True
101,PUBLPOL,"American Politics and Policy: In Defense of Democracy (AMSTUD 123X, POLISCI 102, PUBLPOL 201)",4,5,2025-2026 Spring,1,LEC,96,17,260-113,"Monday,Wednesday",1:30:00 PM,2:50:00 PM,"Mar 30, 2026","Jun 3, 2026",hs_social,101,intro,PUBLPOL-101-LEC-01,True
105,PUBLPOL,Empirical Methods in Public Policy (PUBLPOL 205),5,5,2025-2026 Spring,2,DIS,20,13,Encina West 106,Friday,12:30:00 PM,1:20:00 PM,"Mar 30, 2026","Jun 3, 2026",hs_social,105,intro,PUBLPOL-105-DIS-02,False
105,PUBLPOL,Empirical Methods in Public Policy (PUBLPOL 205),5,5,2025-2026 Spring,1,LEC,20,13,Lathrop 294,"Tuesday,Thursday",10:30:00 AM,12:20:00 PM,"Mar 30, 2026","Jun 3, 2026",hs_social,105,intro,PUBLPOL-105-LEC-01,True
155,PUBLPOL,"Data Science for Social Impact (COMM 140X, DATASCI 154, EARTHSYS 153, ECON 163, MS&E 134, POLISCI 154, SOC 127)",5,5,2025-2026 Spring,1,LEC,20,2,CODAB90,"Tuesday,Thursday",3:00:00 PM,4:20:00 PM,"Mar 30, 2026","Jun 3, 2026",hs_social,155,intro,PUBLPOL-155-LEC-01,True
163,PUBLPOL,"Introduction to Land Use Policy and Planning (AMSTUD 163, EARTHSYS 168, URBANST 163)",3,3,2025-2026 Spring,1,LEC,24,1,Lathrop 180,"Tuesday,Thursday",10:30:00 AM,11:50:00 AM,"Mar 30, 2026","Jun 3, 2026",hs_social,163,intro,PUBLPOL-163-LEC-01,True
164,PUBLPOL,"The Psychology of Communication About Politics in America (AMSTUD 124L, COMM 164, COMM 264, POLISCI 124L, POLISCI 324L, PSYCH 170)",4,5,2025-2026 Spring,1,LEC,125,6,200-002,Tuesday,1:30:00 PM,4:20:00 PM,"Mar 30, 2026","Jun 3, 2026",hs_social,164,intro,PUBLPOL-164-LEC-01,True
197,PUBLPOL,Junior Honors Seminar (ECON 198),5,5,2025-2026 Spring,1,SEM,15,1,Departmental Room,Thursday,8:30:00 AM,10:20:00 AM,"Mar 30, 2026","Jun 3, 2026",hs_social,197,intro,PUBLPOL-197-SEM-01,True
197,PUBLPOL,Junior Honors Seminar (ECON 198),5,5,2025-2026 Spring,2,SEM,15,1,Departmental Room,Thursday,10:30:00 AM,12:20:00 PM,"Mar 30, 2026","Jun 3, 2026",hs_social,197,intro,PUBLPOL-197-SEM-02,True
200C,PUBLPOL,Senior Practicum,5,5,2025-2026 Spring,1,PRA,10,5,Departmental Room,"Tuesday,Thursday",1:30:00 PM,3:20:00 PM,"Mar 30, 2026","Jun 3, 2026",hs_social,200,mid,PUBLPOL-200C-PRA-01,True
201,PUBLPOL,"American Politics and Policy: In Defense of Democracy (AMSTUD 123X, POLISCI 102, PUBLPOL 101)",4,5,2025-2026 Spring,1,LEC,96,7,260-113,"Monday,Wednesday",1:30:00 PM,2:50:00 PM,"Mar 30, 2026","Jun 3, 2026",hs_social,201,mid,PUBLPOL-201-LEC-01,True
205,PUBLPOL,Empirical Methods in Public Policy (PUBLPOL 105),5,5,2025-2026 Spring,1,LEC,15,1,Lathrop 294,"Tuesday,Thursday",10:30:00 AM,12:20:00 PM,"Mar 30, 2026","Jun 3, 2026",hs_social,205,mid,PUBLPOL-205-LEC-01,True
205,PUBLPOL,Empirical Methods in Public Policy (PUBLPOL 105),5,5,2025-2026 Spring,2,DIS,20,1,Encina West 106,Friday,12:30:00 PM,1:20:00 PM,"Mar 30, 2026","Jun 3, 2026",hs_social,205,mid,PUBLPOL-205-DIS-02,False
219,PUBLPOL,"AI, Autonomy, and the Future of Warfare (INTLPOL 265, PUBLPOL 119)",3,3,2025-2026 Spring,1,LEC,30,14,Littlefield 107,"Wednesday,Friday",10:30:00 AM,12:20:00 PM,"Mar 30, 2026","Jun 3, 2026",hs_social,219,mid,PUBLPOL-219-LEC-01,True
224,PUBLPOL,"Social Entrepreneurship and Innovation Lab (SE Lab) - Human & Planetary Health (HRP 224, MED 224)",1,4,2025-2026 Spring,1,WKS,15,9,"Alway Building, Room M114",Tuesday,1:30:00 PM,4:20:00 PM,"Mar 30, 2026","Jun 3, 2026",hs_social,224,mid,PUBLPOL-224-WKS-01,True
301B,PUBLPOL,Economic Policy Analysis for Policymakers (INTLPOL 204B),4,5,2025-2026 Spring,2,DIS,45,23,,,,,,,hs_social,301,advanced,PUBLPOL-301B-DIS-02,False
301B,PUBLPOL,Economic Policy Analysis for Policymakers (INTLPOL 204B),4,5,2025-2026 Spring,1,LEC,25,29,Lathrop 190,"Monday,Wednesday",8:30:00 AM,10:20:00 AM,"Mar 30, 2026","Jun 3, 2026",hs_social,301,advanced,PUBLPOL-301B-LEC-01,True
311,PUBLPOL,Public Policy Colloquium,1,1,2025-2026 Spring,1,COL,30,22,Departmental Room,Tuesday,12:00:00 PM,1:20:00 PM,"Mar 30, 2026","Jun 3, 2026",hs_social,311,advanced,PUBLPOL-311-COL-01,True
379,PUBLPOL,Entering the Backstage of Education Policy Making (EDUC 219),3,4,2025-2026 Spring,1,WKS,25,0,ANKO 106,"Monday,Wednesday",9:30:00 AM,11:20:00 AM,"Mar 30, 2026","Jun 3, 2026",hs_social,379,advanced,PUBLPOL-379-WKS-01,True
17N,ANTHRO,Language and Power,3,3,2025-2026 Spring,1,ISF,12,6,Departmental Room,"Tuesday,Thursday",9:00:00 AM,10:20:00 AM,"Mar 30, 2026","Jun 3, 2026",hs_social,17,seminar,ANTHRO-17N-ISF-01,True
20MH,ANTHRO,Medical Humanities Reading Seminar,1,1,2025-2026 Spring,1,SEM,20,17,160-120,Monday,5:30:00 PM,6:20:00 PM,"Mar 30, 2026","Jun 3, 2026",hs_social,20,seminar,ANTHRO-20MH-SEM-01,True
33,ANTHRO,Palestine Across Disciplines: An Introduction (CSRE 33),1,1,2025-2026 Spring,1,LEC,20,4,Lathrop 016,Friday,10:30:00 AM,12:20:00 PM,"Mar 30, 2026","Jun 3, 2026",hs_social,33,intro,ANTHRO-33-LEC-01,True
91,ANTHRO,Method and Evidence in Anthropology,5,5,2025-2026 Spring,1,SEM,30,30,50-51A,"Tuesday,Thursday",10:30:00 AM,11:50:00 AM,"Mar 30, 2026","Jun 3, 2026",hs_social,91,seminar,ANTHRO-91-SEM-01,True
93,ANTHRO,Prefield Research Seminar,5,5,2025-2026 Spring,1,LAB,15,6,40-42A,"Tuesday,Thursday",12:00:00 PM,1:20:00 PM,"Mar 30, 2026","Jun 3, 2026",hs_social,93,intro,ANTHRO-93-LAB-01,True
106P,ANTHRO,"Police Power in World History (CSRE 206P, CSRE 306P, HISTORY 206P, HISTORY 306P, INTNLREL 106P, SOC 206P, URBANST 206P)",4,5,2025-2026 Spring,1,COL,12,2,200-032,"Tuesday,Thursday",10:30:00 AM,11:50:00 AM,"Mar 30, 2026","Jun 3, 2026",hs_social,106,intro,ANTHRO-106P-COL-01,True
114E,ANTHRO,"Aesthetics of Trauma: Designing for Ghosts, Memory, and Afterlives in East Asia (EALC 114)",3,5,2025-2026 Spring,1,SEM,18,2,Departmental Room,"Tuesday,Thursday",4:30:00 PM,5:50:00 PM,"Mar 30, 2026","Jun 3, 2026",hs_social,114,intro,ANTHRO-114E-SEM-01,True
120C,ANTHRO,"Kinship, Citizenship, and Belonging from an East Asian Perspective (EASTASN 220C)",3,3,2025-2026 Spring,1,SEM,24,1,200-105,Monday,3:30:00 PM,6:20:00 PM,"Mar 30, 2026","Jun 3, 2026",hs_social,120,intro,ANTHRO-120C-SEM-01,True
123A,ANTHRO,"Archaeology and the Public (ARCHLGY 123, ARCHLGY 223)",3,5,2025-2026 Spring,1,SEM,18,3,Departmental Room,"Monday,Wednesday",1:30:00 PM,2:50:00 PM,"Mar 30, 2026","Jun 3, 2026",hs_social,123,intro,ANTHRO-123A-SEM-01,True
126W,ANTHRO,"Rethinking Land: Anthropological Perspectives on Power, Property, and Environment",3,3,2025-2026 Spring,1,SEM,15,4,300-303,"Tuesday,Thursday",3:00:00 PM,4:20:00 PM,"Mar 30, 2026","Jun 3, 2026",hs_social,126,intro,ANTHRO-126W-SEM-01,True
127W,ANTHRO,Forests: An Anthropological Approach,3,3,2025-2026 Spring,1,SEM,15,13,160-319,"Monday,Wednesday",12:00:00 PM,1:20:00 PM,"Mar 30, 2026","Jun 3, 2026",hs_social,127,intro,ANTHRO-127W-SEM-01,True
132,ANTHRO,Anthropology of Islam (ANTHRO 232),5,5,2025-2026 Spring,1,SEM,15,3,360-361A,"Tuesday,Thursday",1:30:00 PM,2:50:00 PM,"Mar 30, 2026","Jun 3, 2026",hs_social,132,intro,ANTHRO-132-SEM-01,True
133,ANTHRO,"Masculinity: Technologies and Cultures of Gender in the Age of AI (ANTHRO 233, FEMGEN 133M)",3,3,2025-2026 Spring,1,SEM,14,3,40-42A,"Monday,Wednesday",12:30:00 PM,1:20:00 PM,"Mar 30, 2026","Jun 3, 2026",hs_social,133,intro,ANTHRO-133-SEM-01,True
151,ANTHRO,"Medical Anthropology, a Global View (AFRICAAM 151C, CSRE 151A, FEMGEN 151A)",5,5,2025-2026 Spring,3,DIS,13,6,40-42A,Tuesday,4:30:00 PM,5:20:00 PM,"Mar 30, 2026","Jun 3, 2026",hs_social,151,intro,ANTHRO-151-DIS-03,False
151,ANTHRO,"Medical Anthropology, a Global View (AFRICAAM 151C, CSRE 151A, FEMGEN 151A)",5,5,2025-2026 Spring,2,DIS,13,2,260-011,Tuesday,10:30:00 AM,11:20:00 AM,"Mar 30, 2026","Jun 3, 2026",hs_social,151,intro,ANTHRO-151-DIS-02,False
151,ANTHRO,"Medical Anthropology, a Global View (AFRICAAM 151C, CSRE 151A, FEMGEN 151A)",5,5,2025-2026 Spring,1,LEC,22,8,50-52H,"Monday,Wednesday",1:30:00 PM,2:50:00 PM,"Mar 30, 2026","Jun 3, 2026",hs_social,151,intro,ANTHRO-151-LEC-01,True
157,ANTHRO,Japanese Anthropology (ANTHRO 257),5,5,2025-2026 Spring,1,SEM,20,0,Departmental Room,"Tuesday,Thursday",10:30:00 AM,11:50:00 AM,"Mar 30, 2026","Jun 3, 2026",hs_social,157,intro,ANTHRO-157-SEM-01,True
159,ANTHRO,"Theory and Method in Ceramic Analysis (ANTHRO 259W, ARCHLGY 159, ARCHLGY 259)",5,5,2025-2026 Spring,1,SEM,15,4,Departmental Room,Friday,12:30:00 PM,3:20:00 PM,"Mar 30, 2026","Jun 3, 2026",hs_social,159,intro,ANTHRO-159-SEM-01,True
186,ANTHRO,"Culture and Madness: Anthropological and Psychiatric Approaches to Mental Illness (ANTHRO 286, HUMBIO 146, PSYC 286, PSYCH 178)",3,5,2025-2026 Spring,3,DIS,15,0,380-381T,Wednesday,1:30:00 PM,2:20:00 PM,"Mar 30, 2026","Jun 3, 2026",hs_social,186,intro,ANTHRO-186-DIS-03,False
186,ANTHRO,"Culture and Madness: Anthropological and Psychiatric Approaches to Mental Illness (ANTHRO 286, HUMBIO 146, PSYC 286, PSYCH 178)",3,5,2025-2026 Spring,6,DIS,15,0,Gates100,Tuesday,10:30:00 AM,11:20:00 AM,"Mar 30, 2026","Jun 3, 2026",hs_social,186,intro,ANTHRO-186-DIS-06,False
186,ANTHRO,"Culture and Madness: Anthropological and Psychiatric Approaches to Mental Illness (ANTHRO 286, HUMBIO 146, PSYC 286, PSYCH 178)",3,5,2025-2026 Spring,8,DIS,15,4,"Knight Building, Room K18",Tuesday,9:30:00 AM,10:20:00 AM,"Mar 30, 2026","Jun 3, 2026",hs_social,186,intro,ANTHRO-186-DIS-08,False
186,ANTHRO,"Culture and Madness: Anthropological and Psychiatric Approaches to Mental Illness (ANTHRO 286, HUMBIO 146, PSYC 286, PSYCH 178)",3,5,2025-2026 Spring,10,DIS,15,0,,,,,,,hs_social,186,intro,ANTHRO-186-DIS-10,False
186,ANTHRO,"Culture and Madness: Anthropological and Psychiatric Approaches to Mental Illness (ANTHRO 286, HUMBIO 146, PSYC 286, PSYCH 178)",3,5,2025-2026 Spring,4,DIS,15,0,,,,,,,hs_social,186,intro,ANTHRO-186-DIS-04,False
186,ANTHRO,"Culture and Madness: Anthropological and Psychiatric Approaches to Mental Illness (ANTHRO 286, HUMBIO 146, PSYC 286, PSYCH 178)",3,5,2025-2026 Spring,2,DIS,15,2,160-129,Monday,1:30:00 PM,2:20:00 PM,"Mar 30, 2026","Jun 3, 2026",hs_social,186,intro,ANTHRO-186-DIS-02,False
186,ANTHRO,"Culture and Madness: Anthropological and Psychiatric Approaches to Mental Illness (ANTHRO 286, HUMBIO 146, PSYC 286, PSYCH 178)",3,5,2025-2026 Spring,7,DIS,15,2,160-318,Wednesday,2:30:00 PM,3:20:00 PM,"Mar 30, 2026","Jun 3, 2026",hs_social,186,intro,ANTHRO-186-DIS-07,False
186,ANTHRO,"Culture and Madness: Anthropological and Psychiatric Approaches to Mental Illness (ANTHRO 286, HUMBIO 146, PSYC 286, PSYCH 178)",3,5,2025-2026 Spring,1,SEM,150,39,200-002,"Monday,Wednesday",10:30:00 AM,11:50:00 AM,"Mar 30, 2026","Jun 3, 2026",hs_social,186,intro,ANTHRO-186-SEM-01,True
186,ANTHRO,"Culture and Madness: Anthropological and Psychiatric Approaches to Mental Illness (ANTHRO 286, HUMBIO 146, PSYC 286, PSYCH 178)",3,5,2025-2026 Spring,11,DIS,15,4,90-92Q,Wednesday,3:30:00 PM,4:20:00 PM,"Mar 30, 2026","Jun 3, 2026",hs_social,186,intro,ANTHRO-186-DIS-11,False
186,ANTHRO,"Culture and Madness: Anthropological and Psychiatric Approaches to Mental Illness (ANTHRO 286, HUMBIO 146, PSYC 286, PSYCH 178)",3,5,2025-2026 Spring,9,DIS,15,3,50-51B,Wednesday,3:30:00 PM,4:20:00 PM,"Mar 30, 2026","Jun 3, 2026",hs_social,186,intro,ANTHRO-186-DIS-09,False
186,ANTHRO,"Culture and Madness: Anthropological and Psychiatric Approaches to Mental Illness (ANTHRO 286, HUMBIO 146, PSYC 286, PSYCH 178)",3,5,2025-2026 Spring,5,DIS,15,6,Lathrop 017,Wednesday,12:30:00 PM,1:20:00 PM,"Mar 30, 2026","Jun 3, 2026",hs_social,186,intro,ANTHRO-186-DIS-05,False
199,ANTHRO,Senior and Master's Paper Writing Workshop (ANTHRO 299),1,2,2025-2026 Spring,1,SEM,15,0,,,,,,,hs_social,199,intro,ANTHRO-199-SEM-01,True
232,ANTHRO,Anthropology of Islam (ANTHRO 132),5,5,2025-2026 Spring,1,SEM,15,2,360-361A,"Tuesday,Thursday",1:30:00 PM,2:50:00 PM,"Mar 30, 2026","Jun 3, 2026",hs_social,232,mid,ANTHRO-232-SEM-01,True
233,ANTHRO,"Masculinity: Technologies and Cultures of Gender in the Age of AI (ANTHRO 133, FEMGEN 133M)",3,3,2025-2026 Spring,1,SEM,15,2,40-42A,"Monday,Wednesday",12:30:00 PM,1:20:00 PM,"Mar 30, 2026","Jun 3, 2026",hs_social,233,mid,ANTHRO-233-SEM-01,True
257,ANTHRO,Japanese Anthropology (ANTHRO 157),5,5,2025-2026 Spring,1,SEM,25,5,Departmental Room,"Tuesday,Thursday",10:30:00 AM,11:50:00 AM,"Mar 30, 2026","Jun 3, 2026",hs_social,257,mid,ANTHRO-257-SEM-01,True
286,ANTHRO,"Culture and Madness: Anthropological and Psychiatric Approaches to Mental Illness (ANTHRO 186, HUMBIO 146, PSYC 286, PSYCH 178)",3,5,2025-2026 Spring,1,SEM,150,6,200-002,"Monday,Wednesday",10:30:00 AM,11:50:00 AM,"Mar 30, 2026","Jun 3, 2026",hs_social,286,mid,ANTHRO-286-SEM-01,True
299,ANTHRO,Senior and Master's Paper Writing Workshop (ANTHRO 199),1,2,2025-2026 Spring,1,SEM,15,0,,,,,,,hs_social,299,mid,ANTHRO-299-SEM-01,True
300,ANTHRO,Reading Theory Through Ethnography,5,5,2025-2026 Spring,1,SEM,10,6,70-71D,Monday,9:30:00 AM,12:20:00 PM,"Mar 30, 2026","Jun 3, 2026",hs_social,300,advanced,ANTHRO-300-SEM-01,True
307,ANTHRO,Archaeological Methods,5,5,2025-2026 Spring,1,SEM,12,6,50-51B,Monday,9:30:00 AM,12:20:00 PM,"Mar 30, 2026","Jun 3, 2026",hs_social,307,advanced,ANTHRO-307-SEM-01,True
308,ANTHRO,Proposal Writing Seminar in Cultural and Social Anthropology,5,5,2025-2026 Spring,1,SEM,15,4,Lathrop 294,Wednesday,4:30:00 PM,7:20:00 PM,"Mar 30, 2026","Jun 3, 2026",hs_social,308,advanced,ANTHRO-308-SEM-01,True
308A,ANTHRO,Proposal Writing Seminar in Archaeology,5,5,2025-2026 Spring,1,SEM,10,6,540-103,Tuesday,9:30:00 AM,12:20:00 PM,"Mar 30, 2026","Jun 3, 2026",hs_social,308,advanced,ANTHRO-308A-SEM-01,True
310G,ANTHRO,Introduction to Graduate Studies,1,1,2025-2026 Spring,1,SEM,15,10,50-51P,Tuesday,5:00:00 PM,6:50:00 PM,"Mar 30, 2026","Jun 3, 2026",hs_social,310,advanced,ANTHRO-310G-SEM-01,True
314E,ANTHRO,"Specters of Asia: Hauntology and Ethnography of East Asia (EALC 214, EALC 314)",3,5,2025-2026 Spring,1,SEM,18,2,Departmental Room,Friday,1:30:00 PM,4:20:00 PM,"Mar 30, 2026","Jun 3, 2026",hs_social,314,advanced,ANTHRO-314E-SEM-01,True
342,ANTHRO,Language and Semiotics,5,5,2025-2026 Spring,1,SEM,14,3,Departmental Room,Wednesday,1:30:00 PM,4:20:00 PM,"Mar 30, 2026","Jun 3, 2026",hs_social,342,advanced,ANTHRO-342-SEM-01,True
371,ANTHRO,Living and Dying in the Contemporary World,5,5,2025-2026 Spring,1,SEM,20,12,60-108,Wednesday,10:30:00 AM,1:20:00 PM,"Mar 30, 2026","Jun 3, 2026",hs_social,371,advanced,ANTHRO-371-SEM-01,True
392,ANTHRO,Methodologies for Research Justice,2,5,2025-2026 Spring,1,SEM,15,15,40-42A,Tuesday,1:30:00 PM,4:20:00 PM,"Mar 30, 2026","Jun 3, 2026",hs_social,392,advanced,ANTHRO-392-SEM-01,True
393,ANTHRO,What is Authority,5,5,2025-2026 Spring,1,SEM,15,8,50-51P,Thursday,1:30:00 PM,4:20:00 PM,"Mar 30, 2026","Jun 3, 2026",hs_social,393,advanced,ANTHRO-393-SEM-01,True
397H,ANTHRO,"Graduate Colloquium in Modern South Asian History (FEMGEN 397, HISTORY 397)",4,5,2025-2026 Spring,1,COL,12,0,200-015,Monday,1:30:00 PM,4:20:00 PM,"Mar 30, 2026","Jun 3, 2026",hs_social,397,advanced,ANTHRO-397H-COL-01,True
398B,ANTHRO,"Race, Ethnicity, and Language: Writing Race, Ethnicity, and Language in Ethnography (CSRE 389B, EDUC 389B, LINGUIST 254)",3,4,2025-2026 Spring,1,SEM,25,4,60-108,Friday,1:30:00 PM,4:20:00 PM,"Mar 30, 2026","Jun 3, 2026",hs_social,398,advanced,ANTHRO-398B-SEM-01,True
400,ANTHRO,Dissertation Writers Workshop,1,3,2025-2026 Spring,1,SEM,10,0,50-51B,Monday,5:30:00 PM,7:20:00 PM,"Mar 30, 2026","Jun 3, 2026",hs_social,400,advanced,ANTHRO-400-SEM-01,True
443,ANTHRO,Medical Humanities Workshop (ANTHRO 143),1,1,2025-2026 Spring,1,SEM,30,14,160-127,Wednesday,5:30:00 PM,7:20:00 PM,"Mar 30, 2026","Jun 3, 2026",hs_social,443,advanced,ANTHRO-443-SEM-01,True
444,ANTHRO,Anthropology Colloquium,1,1,2025-2026 Spring,1,SEM,17,16,50-51A,Monday,3:30:00 PM,4:50:00 PM,"Mar 30, 2026","Jun 3, 2026",hs_social,444,advanced,ANTHRO-444-SEM-01,True
445,ANTHRO,Anthropology Lunch Talk Series,1,1,2025-2026 Spring,1,SEM,30,11,50-51A,Monday,12:30:00 PM,1:20:00 PM,"Mar 30, 2026","Jun 3, 2026",hs_social,445,advanced,ANTHRO-445-SEM-01,True
2,SOC,Self and Society: Introduction to Social Psychology (PSYCH 70),4,4,2025-2026 Spring,2,DIS,999,13,,,,,,,hs_social,2,seminar,SOC-2-DIS-02,False
2,SOC,Self and Society: Introduction to Social Psychology (PSYCH 70),4,4,2025-2026 Spring,1,LEC,40,16,420-040,"Monday,Wednesday",1:30:00 PM,2:50:00 PM,"Mar 30, 2026","Jun 3, 2026",hs_social,2,intro,SOC-2-LEC-01,True
8,SOC,"Sport, Competition, and Society",4,4,2025-2026 Spring,5,DIS,20,0,160-314,Friday,12:30:00 PM,1:20:00 PM,"Mar 30, 2026","Jun 3, 2026",hs_social,8,seminar,SOC-8-DIS-05,False
8,SOC,"Sport, Competition, and Society",4,4,2025-2026 Spring,4,DIS,20,0,160-314,Friday,11:30:00 AM,12:20:00 PM,"Mar 30, 2026","Jun 3, 2026",hs_social,8,seminar,SOC-8-DIS-04,False
8,SOC,"Sport, Competition, and Society",4,4,2025-2026 Spring,2,DIS,15,1,200-201,Wednesday,8:30:00 AM,9:20:00 AM,"Mar 30, 2026","Jun 3, 2026",hs_social,8,seminar,SOC-8-DIS-02,False
8,SOC,"Sport, Competition, and Society",4,4,2025-2026 Spring,3,DIS,15,2,Departmental Room,Thursday,11:00:00 AM,11:50:00 AM,"Mar 30, 2026","Jun 3, 2026",hs_social,8,seminar,SOC-8-DIS-03,False
8,SOC,"Sport, Competition, and Society",4,4,2025-2026 Spring,1,LEC,80,44,McCullough 115,"Monday,Wednesday",1:30:00 PM,2:50:00 PM,"Mar 30, 2026","Jun 3, 2026",hs_social,8,intro,SOC-8-LEC-01,True
10,SOC,Introduction to Computational Social Science,4,4,2025-2026 Spring,1,SEM,25,17,Littlefield 103,"Monday,Wednesday",10:30:00 AM,11:50:00 AM,"Mar 30, 2026","Jun 3, 2026",hs_social,10,seminar,SOC-10-SEM-01,True
46N,SOC,"Race, Identity, and Ethnic Formation (FEMGEN 46N)",3,3,2025-2026 Spring,1,ISF,18,3,160-318,"Tuesday,Thursday",3:00:00 PM,4:20:00 PM,"Mar 30, 2026","Jun 3, 2026",hs_social,46,seminar,SOC-46N-ISF-01,True
100,SOC,"Introduction to Urban Studies (HISTORY 107, URBANST 110)",4,4,2025-2026 Spring,1,LEC,80,6,380-380Y,"Tuesday,Thursday",3:00:00 PM,4:20:00 PM,"Mar 30, 2026","Jun 3, 2026",hs_social,100,intro,SOC-100-LEC-01,True
110,SOC,The Role of the Privileged in Reducing Inequality and Advancing Social Justice (SOC 212),1,1,2025-2026 Spring,1,SEM,20,3,160-317,Tuesday,4:30:00 PM,5:50:00 PM,"Mar 30, 2026","Jun 3, 2026",hs_social,110,intro,SOC-110-SEM-01,True
127,SOC,"Data Science for Social Impact (COMM 140X, DATASCI 154, EARTHSYS 153, ECON 163, MS&E 134, POLISCI 154, PUBLPOL 155)",5,5,2025-2026 Spring,1,LEC,20,0,CODAB90,"Tuesday,Thursday",3:00:00 PM,4:20:00 PM,"Mar 30, 2026","Jun 3, 2026",hs_social,127,intro,SOC-127-LEC-01,True
129X,SOC,"Urban Education (AFRICAAM 112, CSRE 112X, EDUC 112, EDUC 212, SOC 229X, URBANST 115)",3,5,2025-2026 Spring,1,LEC,36,2,Raikes 111,Wednesday,12:30:00 PM,3:20:00 PM,"Mar 30, 2026","Jun 3, 2026",hs_social,129,intro,SOC-129X-LEC-01,True
156A,SOC,"The Changing American City (AMSTUD 156, CSRE 156, SOC 256A, URBANST 156A)",4,4,2025-2026 Spring,3,DIS,20,0,160-317,Friday,10:30:00 AM,11:20:00 AM,"Mar 30, 2026","Jun 3, 2026",hs_social,156,intro,SOC-156A-DIS-03,False
156A,SOC,"The Changing American City (AMSTUD 156, CSRE 156, SOC 256A, URBANST 156A)",4,4,2025-2026 Spring,1,LEC,40,14,Lathrop 014,"Monday,Wednesday",11:30:00 AM,12:50:00 PM,"Mar 30, 2026","Jun 3, 2026",hs_social,156,intro,SOC-156A-LEC-01,True
156A,SOC,"The Changing American City (AMSTUD 156, CSRE 156, SOC 256A, URBANST 156A)",4,4,2025-2026 Spring,2,DIS,20,2,160-314,Thursday,10:30:00 AM,11:20:00 AM,"Mar 30, 2026","Jun 3, 2026",hs_social,156,intro,SOC-156A-DIS-02,False
170,SOC,Classics of Modern Social Theory (SOC 270),4,4,2025-2026 Spring,1,LEC,40,3,380-380F,"Monday,Wednesday",1:30:00 PM,2:50:00 PM,"Mar 30, 2026","Jun 3, 2026",hs_social,170,intro,SOC-170-LEC-01,True
173,SOC,"Gender and Higher Education: National and Global Perspectives (EDUC 173, EDUC 273, FEMGEN 173, SOC 273)",3,4,2025-2026 Spring,1,SEM,23,3,Encina West 202,Thursday,1:30:00 PM,4:20:00 PM,"Mar 30, 2026","Jun 3, 2026",hs_social,173,intro,SOC-173-SEM-01,True
174,SOC,"Social Computing (CS 278, SOC 274)",3,4,2025-2026 Spring,1,LEC,18,3,NVIDIA Auditorium,"Tuesday,Thursday",10:30:00 AM,11:50:00 AM,"Mar 30, 2026","Jun 3, 2026",hs_social,174,intro,SOC-174-LEC-01,True
179A,SOC,"Crime and Punishment in America (AFRICAAM 179A, AMSTUD 179A, CSRE 179A, SOC 279A)",4,5,2025-2026 Spring,2,DIS,999,15,,,,,,,hs_social,179,intro,SOC-179A-DIS-02,False
179A,SOC,"Crime and Punishment in America (AFRICAAM 179A, AMSTUD 179A, CSRE 179A, SOC 279A)",4,5,2025-2026 Spring,1,LEC,80,22,260-113,"Monday,Wednesday",3:00:00 PM,4:20:00 PM,"Mar 30, 2026","Jun 3, 2026",hs_social,179,intro,SOC-179A-LEC-01,True
180A,SOC,Foundations of Social Research (SOC 280A),4,4,2025-2026 Spring,1,LEC,40,12,380-380F,"Tuesday,Thursday",3:00:00 PM,4:20:00 PM,"Mar 30, 2026","Jun 3, 2026",hs_social,180,intro,SOC-180A-LEC-01,True
180A,SOC,Foundations of Social Research (SOC 280A),4,4,2025-2026 Spring,2,DIS,999,10,,,,,,,hs_social,180,intro,SOC-180A-DIS-02,False
204C,SOC,Capstone Research Seminar: Part III,2,2,2025-2026 Spring,1,SEM,20,2,200-202,"Tuesday,Thursday",10:30:00 AM,11:50:00 AM,"Mar 30, 2026","Jun 3, 2026",hs_social,204,mid,SOC-204C-SEM-01,True
206P,SOC,"Police Power in World History (ANTHRO 106P, CSRE 206P, CSRE 306P, HISTORY 206P, HISTORY 306P, INTNLREL 106P, URBANST 206P)",4,5,2025-2026 Spring,1,COL,12,3,200-032,"Tuesday,Thursday",10:30:00 AM,11:50:00 AM,"Mar 30, 2026","Jun 3, 2026",hs_social,206,mid,SOC-206P-COL-01,True
210,SOC,Seminar in Organizations and Institutions (EDUC 456),1,1,2025-2026 Spring,1,SEM,15,1,Raikes102,Monday,9:30:00 AM,11:20:00 AM,"Mar 30, 2026","Jun 3, 2026",hs_social,210,mid,SOC-210-SEM-01,True
212,SOC,The Role of the Privileged in Reducing Inequality and Advancing Social Justice (SOC 110),1,1,2025-2026 Spring,1,SEM,20,0,160-317,Tuesday,4:30:00 PM,5:50:00 PM,"Mar 30, 2026","Jun 3, 2026",hs_social,212,mid,SOC-212-SEM-01,True
229X,SOC,"Urban Education (AFRICAAM 112, CSRE 112X, EDUC 112, EDUC 212, SOC 129X, URBANST 115)",3,5,2025-2026 Spring,1,LEC,36,4,Raikes 111,Wednesday,12:30:00 PM,3:20:00 PM,"Mar 30, 2026","Jun 3, 2026",hs_social,229,mid,SOC-229X-LEC-01,True
237,SOC,"Seminar: Preparing for Leadership in Early Childhood Policy, Research, and Practice (EDUC 336, PSYCH 286A)",1,1,2025-2026 Spring,1,SEM,20,0,ANKO 008,Monday,11:30:00 AM,12:20:00 PM,"Mar 30, 2026","Jun 3, 2026",hs_social,237,mid,SOC-237-SEM-01,True
256A,SOC,"The Changing American City (AMSTUD 156, CSRE 156, SOC 156A, URBANST 156A)",4,4,2025-2026 Spring,1,LEC,40,8,Lathrop 014,"Monday,Wednesday",11:30:00 AM,12:50:00 PM,"Mar 30, 2026","Jun 3, 2026",hs_social,256,mid,SOC-256A-LEC-01,True
270,SOC,Classics of Modern Social Theory (SOC 170),4,4,2025-2026 Spring,1,LEC,30,23,380-380F,"Monday,Wednesday",1:30:00 PM,2:50:00 PM,"Mar 30, 2026","Jun 3, 2026",hs_social,270,mid,SOC-270-LEC-01,True
273,SOC,"Gender and Higher Education: National and Global Perspectives (EDUC 173, EDUC 273, FEMGEN 173, SOC 173)",3,4,2025-2026 Spring,1,SEM,23,2,Encina West 202,Thursday,1:30:00 PM,4:20:00 PM,"Mar 30, 2026","Jun 3, 2026",hs_social,273,mid,SOC-273-SEM-01,True
274,SOC,"Social Computing (CS 278, SOC 174)",3,4,2025-2026 Spring,1,LEC,18,2,NVIDIA Auditorium,"Tuesday,Thursday",10:30:00 AM,11:50:00 AM,"Mar 30, 2026","Jun 3, 2026",hs_social,274,mid,SOC-274-LEC-01,True
279A,SOC,"Crime and Punishment in America (AFRICAAM 179A, AMSTUD 179A, CSRE 179A, SOC 179A)",4,5,2025-2026 Spring,3,DIS,999,7,,,,,,,hs_social,279,mid,SOC-279A-DIS-03,False
279A,SOC,"Crime and Punishment in America (AFRICAAM 179A, AMSTUD 179A, CSRE 179A, SOC 179A)",4,5,2025-2026 Spring,1,LEC,80,12,260-113,"Monday,Wednesday",3:00:00 PM,4:20:00 PM,"Mar 30, 2026","Jun 3, 2026",hs_social,279,mid,SOC-279A-LEC-01,True
280A,SOC,Foundations of Social Research (SOC 180A),4,4,2025-2026 Spring,3,DIS,999,15,,,,,,,hs_social,280,mid,SOC-280A-DIS-03,False
280A,SOC,Foundations of Social Research (SOC 180A),4,4,2025-2026 Spring,1,LEC,40,23,380-380F,"Tuesday,Thursday",3:00:00 PM,4:20:00 PM,"Mar 30, 2026","Jun 3, 2026",hs_social,280,mid,SOC-280A-LEC-01,True
300,SOC,Workshop: The Art and Joy of Teaching,2,2,2025-2026 Spring,1,WKS,10,8,120-215,Thursday,10:30:00 AM,11:50:00 AM,"Mar 30, 2026","Jun 3, 2026",hs_social,300,advanced,SOC-300-WKS-01,True
303,SOC,Educational Opportunity Research Lab (EDUC 303),1,5,2025-2026 Spring,1,LAB,10,1,Raikes 104,Wednesday,9:30:00 AM,11:20:00 AM,"Mar 30, 2026","Jun 3, 2026",hs_social,303,advanced,SOC-303-LAB-01,True
305,SOC,Graduate Proseminar,1,1,2025-2026 Spring,1,SEM,15,9,120-215,Wednesday,1:30:00 PM,2:20:00 PM,"Mar 30, 2026","Jun 3, 2026",hs_social,305,advanced,SOC-305-SEM-01,True
311A,SOC,Workshop: Comparative Sociology (EDUC 387),1,5,2025-2026 Spring,1,WKS,15,3,160-329,Tuesday,3:00:00 PM,4:20:00 PM,"Mar 30, 2026","Jun 3, 2026",hs_social,311,advanced,SOC-311A-WKS-01,True
315W,SOC,Workshop: Economy and Society,1,2,2025-2026 Spring,1,WKS,20,7,Lathrop 190,Tuesday,4:30:00 PM,5:20:00 PM,"Mar 30, 2026","Jun 3, 2026",hs_social,315,advanced,SOC-315W-WKS-01,True
317W,SOC,Computational Sociology (EDUC 317),1,2,2025-2026 Spring,1,WKS,30,7,STLC 119,Wednesday,3:00:00 PM,4:20:00 PM,"Mar 30, 2026","Jun 3, 2026",hs_social,317,advanced,SOC-317W-WKS-01,True
318,SOC,Social Movements and Collective Action,4,5,2025-2026 Spring,1,SEM,12,8,20-21G,Thursday,3:00:00 PM,5:50:00 PM,"Mar 30, 2026","Jun 3, 2026",hs_social,318,advanced,SOC-318-SEM-01,True
325W,SOC,Workshop: Graduate Family,1,2,2025-2026 Spring,1,WKS,12,3,120-215,Tuesday,10:30:00 AM,11:50:00 AM,"Mar 30, 2026","Jun 3, 2026",hs_social,325,advanced,SOC-325W-WKS-01,True
340L,SOC,Center on Poverty and Inequality Lab,1,1,2025-2026 Spring,1,LAB,18,5,Departmental Room,Tuesday,12:00:00 PM,1:20:00 PM,"Mar 30, 2026","Jun 3, 2026",hs_social,340,advanced,SOC-340L-LAB-01,True
343W,SOC,Gender and Gender Inequality Workshop,1,3,2025-2026 Spring,1,WKS,16,10,Departmental Room,Monday,1:30:00 PM,2:50:00 PM,"Mar 30, 2026","Jun 3, 2026",hs_social,343,advanced,SOC-343W-WKS-01,True
350W,SOC,"Workshop: Migration, Ethnicity, Race and Nation",1,3,2025-2026 Spring,1,WKS,16,6,120-215,Thursday,3:00:00 PM,4:20:00 PM,"Mar 30, 2026","Jun 3, 2026",hs_social,350,advanced,SOC-350W-WKS-01,True
358,SOC,Sociology of Immigration,5,5,2025-2026 Spring,1,SEM,16,9,Lathrop 292,Tuesday,12:00:00 PM,2:50:00 PM,"Mar 30, 2026","Jun 3, 2026",hs_social,358,advanced,SOC-358-SEM-01,True
361W,SOC,Workshop: Networks and Organizations (EDUC 361),1,3,2025-2026 Spring,1,WKS,20,9,Departmental Room,Friday,1:30:00 PM,3:20:00 PM,"Mar 30, 2026","Jun 3, 2026",hs_social,361,advanced,SOC-361W-WKS-01,True
364B,SOC,Survey Lab II (POLISCI 423B),1,5,2025-2026 Spring,1,SEM,999,0,,,,,,,hs_social,364,advanced,SOC-364B-SEM-01,True
368W,SOC,Workshop: China Social Science (POLISCI 448R),1,1,2025-2026 Spring,1,WKS,999,1,,,,,"Mar 30, 2026","Jun 3, 2026",hs_social,368,advanced,SOC-368W-WKS-01,True
375W,SOC,"Workshop: Politics, Morality, and Hierarchy",1,2,2025-2026 Spring,1,WKS,20,5,Departmental Room,Tuesday,12:00:00 PM,2:50:00 PM,"Mar 30, 2026","Jun 3, 2026",hs_social,375,advanced,SOC-375W-WKS-01,True
380,SOC,Qualitative Methods,3,5,2025-2026 Spring,1,SEM,15,11,160-314,Tuesday,3:00:00 PM,5:50:00 PM,"Mar 30, 2026","Jun 3, 2026",hs_social,380,advanced,SOC-380-SEM-01,True
380W,SOC,Workshop: Qualitative and Fieldwork Methods,1,3,2025-2026 Spring,1,WKS,20,14,120-215,Thursday,9:00:00 AM,10:20:00 AM,"Mar 30, 2026","Jun 3, 2026",hs_social,380,advanced,SOC-380W-WKS-01,True
383,SOC,Statistics for an Open Science: Modeling,5,5,2025-2026 Spring,1,LEC,12,5,160-319,"Monday,Wednesday",9:30:00 AM,11:20:00 AM,"Mar 30, 2026","Jun 3, 2026",hs_social,383,advanced,SOC-383-LEC-01,True
383,SOC,Statistics for an Open Science: Modeling,5,5,2025-2026 Spring,2,DIS,20,0,160-319,Monday,4:30:00 PM,5:20:00 PM,"Mar 30, 2026","Jun 3, 2026",hs_social,383,advanced,SOC-383-DIS-02,False
384,SOC,Advanced Regression Analysis (EDUC 326),3,5,2025-2026 Spring,1,LEC,30,5,Raikes 111,Thursday,1:30:00 PM,4:20:00 PM,"Mar 30, 2026","Jun 3, 2026",hs_social,384,advanced,SOC-384-LEC-01,True
396,SOC,Sociology Colloquium,1,1,2025-2026 Spring,1,COL,30,23,120-S40,Thursday,12:30:00 PM,1:45:00 PM,"Mar 30, 2026","Jun 3, 2026",hs_social,396,advanced,SOC-396-COL-01,True
2,PHIL,Introduction to Moral Philosophy (ETHICSOC 20),5,5,2025-2026 Spring,4,DIS,18,0,380-381U,Tuesday,11:30:00 AM,12:20:00 PM,"Mar 30, 2026","Jun 3, 2026",hs_humanities,2,seminar,PHIL-2-DIS-04,False
2,PHIL,Introduction to Moral Philosophy (ETHICSOC 20),5,5,2025-2026 Spring,7,DIS,20,0,100-101K,Tuesday,5:30:00 PM,6:20:00 PM,"Mar 30, 2026","Jun 3, 2026",hs_humanities,2,seminar,PHIL-2-DIS-07,False
2,PHIL,Introduction to Moral Philosophy (ETHICSOC 20),5,5,2025-2026 Spring,9,DIS,20,1,Green Earth Sciences131,Wednesday,1:30:00 PM,2:20:00 PM,"Mar 30, 2026","Jun 3, 2026",hs_humanities,2,seminar,PHIL-2-DIS-09,False
2,PHIL,Introduction to Moral Philosophy (ETHICSOC 20),5,5,2025-2026 Spring,3,DIS,20,0,160-321,Wednesday,2:30:00 PM,3:20:00 PM,"Mar 30, 2026","Jun 3, 2026",hs_humanities,2,seminar,PHIL-2-DIS-03,False
2,PHIL,Introduction to Moral Philosophy (ETHICSOC 20),5,5,2025-2026 Spring,8,DIS,20,1,Green Earth Sciences131,Wednesday,12:30:00 PM,1:20:00 PM,"Mar 30, 2026","Jun 3, 2026",hs_humanities,2,seminar,PHIL-2-DIS-08,False
2,PHIL,Introduction to Moral Philosophy (ETHICSOC 20),5,5,2025-2026 Spring,6,DIS,20,4,100-101K,Tuesday,4:30:00 PM,5:20:00 PM,"Mar 30, 2026","Jun 3, 2026",hs_humanities,2,seminar,PHIL-2-DIS-06,False
2,PHIL,Introduction to Moral Philosophy (ETHICSOC 20),5,5,2025-2026 Spring,5,DIS,18,2,380-381U,Thursday,11:30:00 AM,12:20:00 PM,"Mar 30, 2026","Jun 3, 2026",hs_humanities,2,seminar,PHIL-2-DIS-05,False
2,PHIL,Introduction to Moral Philosophy (ETHICSOC 20),5,5,2025-2026 Spring,10,DIS,20,3,Thornton 211,Friday,1:30:00 PM,2:20:00 PM,"Mar 30, 2026","Jun 3, 2026",hs_humanities,2,seminar,PHIL-2-DIS-10,False
2,PHIL,Introduction to Moral Philosophy (ETHICSOC 20),5,5,2025-2026 Spring,11,DIS,20,2,Thornton 211,Friday,2:30:00 PM,3:20:00 PM,"Mar 30, 2026","Jun 3, 2026",hs_humanities,2,seminar,PHIL-2-DIS-11,False
2,PHIL,Introduction to Moral Philosophy (ETHICSOC 20),5,5,2025-2026 Spring,2,DIS,20,5,100-101K,Monday,4:30:00 PM,5:20:00 PM,"Mar 30, 2026","Jun 3, 2026",hs_humanities,2,seminar,PHIL-2-DIS-02,False
2,PHIL,Introduction to Moral Philosophy (ETHICSOC 20),5,5,2025-2026 Spring,1,LEC,120,107,370-370,"Tuesday,Thursday",3:00:00 PM,4:20:00 PM,"Mar 30, 2026","Jun 3, 2026",hs_humanities,2,intro,PHIL-2-LEC-01,True
14N,PHIL,Why Games Matter: The Philosophy of Play,3,3,2025-2026 Spring,1,ISF,16,12,90-92Q,"Tuesday,Thursday",10:30:00 AM,11:50:00 AM,"Mar 30, 2026","Jun 3, 2026",hs_humanities,14,seminar,PHIL-14N-ISF-01,True
72,PHIL,"Contemporary Moral Problems (ETHICSOC 185M, POLISCI 134P)",4,5,2025-2026 Spring,1,LEC,25,13,380-380D,"Tuesday,Thursday",10:30:00 AM,11:50:00 AM,"Mar 30, 2026","Jun 3, 2026",hs_humanities,72,intro,PHIL-72-LEC-01,True
74A,PHIL,"Ethics in a Human Life (ETHICSOC 174, HUMBIO 174A)",4,4,2025-2026 Spring,3,DIS,30,1,160-315,Thursday,2:30:00 PM,3:20:00 PM,"Mar 30, 2026","Jun 3, 2026",hs_humanities,74,seminar,PHIL-74A-DIS-03,False
74A,PHIL,"Ethics in a Human Life (ETHICSOC 174, HUMBIO 174A)",4,4,2025-2026 Spring,5,DIS,24,2,160-314,Friday,2:30:00 PM,3:20:00 PM,"Mar 30, 2026","Jun 3, 2026",hs_humanities,74,seminar,PHIL-74A-DIS-05,False
74A,PHIL,"Ethics in a Human Life (ETHICSOC 174, HUMBIO 174A)",4,4,2025-2026 Spring,2,DIS,20,2,160-326,Tuesday,2:30:00 PM,3:20:00 PM,"Mar 30, 2026","Jun 3, 2026",hs_humanities,74,seminar,PHIL-74A-DIS-02,False
74A,PHIL,"Ethics in a Human Life (ETHICSOC 174, HUMBIO 174A)",4,4,2025-2026 Spring,1,SEM,60,27,200-205,"Tuesday,Thursday",4:30:00 PM,5:50:00 PM,"Mar 30, 2026","Jun 3, 2026",hs_humanities,74,seminar,PHIL-74A-SEM-01,True
74A,PHIL,"Ethics in a Human Life (ETHICSOC 174, HUMBIO 174A)",4,4,2025-2026 Spring,4,DIS,24,7,160-314,Friday,1:30:00 PM,2:20:00 PM,"Mar 30, 2026","Jun 3, 2026",hs_humanities,74,seminar,PHIL-74A-DIS-04,False
80,PHIL,"Mind, Matter, and Meaning",5,5,2025-2026 Spring,3,DIS,20,0,160-321,Wednesday,4:30:00 PM,5:20:00 PM,"Mar 30, 2026","Jun 3, 2026",hs_humanities,80,seminar,PHIL-80-DIS-03,False
80,PHIL,"Mind, Matter, and Meaning",5,5,2025-2026 Spring,2,DIS,20,0,160-321,Wednesday,3:30:00 PM,4:20:00 PM,"Mar 30, 2026","Jun 3, 2026",hs_humanities,80,seminar,PHIL-80-DIS-02,False
80,PHIL,"Mind, Matter, and Meaning",5,5,2025-2026 Spring,6,DIS,16,0,110-114,Thursday,3:30:00 PM,4:20:00 PM,"Mar 30, 2026","Jun 3, 2026",hs_humanities,80,seminar,PHIL-80-DIS-06,False
80,PHIL,"Mind, Matter, and Meaning",5,5,2025-2026 Spring,7,DIS,20,1,200-202,Friday,3:30:00 PM,4:20:00 PM,"Mar 30, 2026","Jun 3, 2026",hs_humanities,80,seminar,PHIL-80-DIS-07,False
80,PHIL,"Mind, Matter, and Meaning",5,5,2025-2026 Spring,5,DIS,20,1,160-120,Tuesday,11:30:00 AM,12:20:00 PM,"Mar 30, 2026","Jun 3, 2026",hs_humanities,80,seminar,PHIL-80-DIS-05,False
80,PHIL,"Mind, Matter, and Meaning",5,5,2025-2026 Spring,4,DIS,16,0,50-51P,Monday,3:30:00 PM,4:20:00 PM,"Mar 30, 2026","Jun 3, 2026",hs_humanities,80,seminar,PHIL-80-DIS-04,False
80,PHIL,"Mind, Matter, and Meaning",5,5,2025-2026 Spring,1,LEC,60,48,300-300,"Monday,Wednesday",1:30:00 PM,2:50:00 PM,"Mar 30, 2026","Jun 3, 2026",hs_humanities,80,intro,PHIL-80-LEC-01,True
81,PHIL,"Philosophy and Literature (CLASSICS 42, COMPLIT 181, ENGLISH 81, FRENCH 181, GERMAN 181, ILAC 181, ITALIAN 181, SLAVIC 181)",3,5,2025-2026 Spring,2,DIS,24,2,160-321,Monday,1:30:00 PM,2:20:00 PM,"Mar 30, 2026","Jun 3, 2026",hs_humanities,81,seminar,PHIL-81-DIS-02,False
81,PHIL,"Philosophy and Literature (CLASSICS 42, COMPLIT 181, ENGLISH 81, FRENCH 181, GERMAN 181, ILAC 181, ITALIAN 181, SLAVIC 181)",3,5,2025-2026 Spring,1,LEC,99,17,300-300,"Monday,Wednesday",3:00:00 PM,4:20:00 PM,"Mar 30, 2026","Jun 3, 2026",hs_humanities,81,intro,PHIL-81-LEC-01,True
81,PHIL,"Philosophy and Literature (CLASSICS 42, COMPLIT 181, ENGLISH 81, FRENCH 181, GERMAN 181, ILAC 181, ITALIAN 181, SLAVIC 181)",3,5,2025-2026 Spring,3,DIS,24,4,160-321,Friday,2:30:00 PM,3:20:00 PM,"Mar 30, 2026","Jun 3, 2026",hs_humanities,81,seminar,PHIL-81-DIS-03,False
86,PHIL,How to Make a Moral Agent (CS 186),3,3,2025-2026 Spring,1,SEM,18,6,Lathrop 180,"Wednesday,Friday",1:30:00 PM,2:50:00 PM,"Mar 30, 2026","Jun 3, 2026",hs_humanities,86,seminar,PHIL-86-SEM-01,True
99,PHIL,"Minds and Machines (CS 24, LINGUIST 35, PSYCH 35, SYMSYS 1, SYMSYS 200)",4,4,2025-2026 Spring,9,DIS,15,0,160-129,Wednesday,1:30:00 PM,2:20:00 PM,"Mar 30, 2026","Jun 3, 2026",hs_humanities,99,seminar,PHIL-99-DIS-09,False
99,PHIL,"Minds and Machines (CS 24, LINGUIST 35, PSYCH 35, SYMSYS 1, SYMSYS 200)",4,4,2025-2026 Spring,10,DIS,15,0,160-129,Wednesday,2:30:00 PM,3:20:00 PM,"Mar 30, 2026","Jun 3, 2026",hs_humanities,99,seminar,PHIL-99-DIS-10,False
99,PHIL,"Minds and Machines (CS 24, LINGUIST 35, PSYCH 35, SYMSYS 1, SYMSYS 200)",4,4,2025-2026 Spring,18,DIS,15,0,ANKO 008,Thursday,3:00:00 PM,4:20:00 PM,"Mar 30, 2026","Jun 3, 2026",hs_humanities,99,seminar,PHIL-99-DIS-18,False
99,PHIL,"Minds and Machines (CS 24, LINGUIST 35, PSYCH 35, SYMSYS 1, SYMSYS 200)",4,4,2025-2026 Spring,16,DIS,15,0,Econ 206,Thursday,12:00:00 PM,1:20:00 PM,"Mar 30, 2026","Jun 3, 2026",hs_humanities,99,seminar,PHIL-99-DIS-16,False
99,PHIL,"Minds and Machines (CS 24, LINGUIST 35, PSYCH 35, SYMSYS 1, SYMSYS 200)",4,4,2025-2026 Spring,17,DIS,15,0,,,,,,,hs_humanities,99,seminar,PHIL-99-DIS-17,False
99,PHIL,"Minds and Machines (CS 24, LINGUIST 35, PSYCH 35, SYMSYS 1, SYMSYS 200)",4,4,2025-2026 Spring,8,DIS,15,0,540-103,Wednesday,12:30:00 PM,1:20:00 PM,"Mar 30, 2026","Jun 3, 2026",hs_humanities,99,seminar,PHIL-99-DIS-08,False
99,PHIL,"Minds and Machines (CS 24, LINGUIST 35, PSYCH 35, SYMSYS 1, SYMSYS 200)",4,4,2025-2026 Spring,3,DIS,15,1,160-328,Tuesday,3:30:00 PM,4:20:00 PM,"Mar 30, 2026","Jun 3, 2026",hs_humanities,99,seminar,PHIL-99-DIS-03,False
99,PHIL,"Minds and Machines (CS 24, LINGUIST 35, PSYCH 35, SYMSYS 1, SYMSYS 200)",4,4,2025-2026 Spring,6,DIS,15,0,Lathrop 292,Wednesday,10:30:00 AM,11:20:00 AM,"Mar 30, 2026","Jun 3, 2026",hs_humanities,99,seminar,PHIL-99-DIS-06,False
99,PHIL,"Minds and Machines (CS 24, LINGUIST 35, PSYCH 35, SYMSYS 1, SYMSYS 200)",4,4,2025-2026 Spring,13,DIS,15,0,260-004,Thursday,9:30:00 AM,10:20:00 AM,"Mar 30, 2026","Jun 3, 2026",hs_humanities,99,seminar,PHIL-99-DIS-13,False
99,PHIL,"Minds and Machines (CS 24, LINGUIST 35, PSYCH 35, SYMSYS 1, SYMSYS 200)",4,4,2025-2026 Spring,5,DIS,15,0,200-202,Wednesday,9:30:00 AM,10:20:00 AM,"Mar 30, 2026","Jun 3, 2026",hs_humanities,99,seminar,PHIL-99-DIS-05,False
99,PHIL,"Minds and Machines (CS 24, LINGUIST 35, PSYCH 35, SYMSYS 1, SYMSYS 200)",4,4,2025-2026 Spring,4,DIS,15,1,380-381U,Tuesday,4:30:00 PM,5:20:00 PM,"Mar 30, 2026","Jun 3, 2026",hs_humanities,99,seminar,PHIL-99-DIS-04,False
99,PHIL,"Minds and Machines (CS 24, LINGUIST 35, PSYCH 35, SYMSYS 1, SYMSYS 200)",4,4,2025-2026 Spring,19,DIS,15,0,160-B35,Thursday,4:30:00 PM,5:20:00 PM,"Mar 30, 2026","Jun 3, 2026",hs_humanities,99,seminar,PHIL-99-DIS-19,False
99,PHIL,"Minds and Machines (CS 24, LINGUIST 35, PSYCH 35, SYMSYS 1, SYMSYS 200)",4,4,2025-2026 Spring,2,DIS,15,0,380-381U,Tuesday,3:30:00 PM,4:20:00 PM,"Mar 30, 2026","Jun 3, 2026",hs_humanities,99,seminar,PHIL-99-DIS-02,False
99,PHIL,"Minds and Machines (CS 24, LINGUIST 35, PSYCH 35, SYMSYS 1, SYMSYS 200)",4,4,2025-2026 Spring,7,DIS,15,1,540-103,Wednesday,11:30:00 AM,12:20:00 PM,"Mar 30, 2026","Jun 3, 2026",hs_humanities,99,seminar,PHIL-99-DIS-07,False
99,PHIL,"Minds and Machines (CS 24, LINGUIST 35, PSYCH 35, SYMSYS 1, SYMSYS 200)",4,4,2025-2026 Spring,11,DIS,15,0,160-330,Wednesday,3:30:00 PM,4:20:00 PM,"Mar 30, 2026","Jun 3, 2026",hs_humanities,99,seminar,PHIL-99-DIS-11,False
99,PHIL,"Minds and Machines (CS 24, LINGUIST 35, PSYCH 35, SYMSYS 1, SYMSYS 200)",4,4,2025-2026 Spring,14,DIS,15,0,380-381U,Thursday,10:30:00 AM,11:20:00 AM,"Mar 30, 2026","Jun 3, 2026",hs_humanities,99,seminar,PHIL-99-DIS-14,False
99,PHIL,"Minds and Machines (CS 24, LINGUIST 35, PSYCH 35, SYMSYS 1, SYMSYS 200)",4,4,2025-2026 Spring,1,LEC,150,4,320-105,"Tuesday,Thursday",1:30:00 PM,2:50:00 PM,"Mar 30, 2026","Jun 3, 2026",hs_humanities,99,intro,PHIL-99-LEC-01,True
99,PHIL,"Minds and Machines (CS 24, LINGUIST 35, PSYCH 35, SYMSYS 1, SYMSYS 200)",4,4,2025-2026 Spring,12,DIS,15,1,160-328,Wednesday,4:30:00 PM,5:20:00 PM,"Mar 30, 2026","Jun 3, 2026",hs_humanities,99,seminar,PHIL-99-DIS-12,False
99,PHIL,"Minds and Machines (CS 24, LINGUIST 35, PSYCH 35, SYMSYS 1, SYMSYS 200)",4,4,2025-2026 Spring,15,DIS,15,0,Green Earth Sciences134,Thursday,12:30:00 PM,1:20:00 PM,"Mar 30, 2026","Jun 3, 2026",hs_humanities,99,seminar,PHIL-99-DIS-15,False
138W,PHIL,"The History of Analytic Philosophy, 1884-1950 (PHIL 238W)",4,4,2025-2026 Spring,3,DIS,20,1,100-101K,Thursday,5:30:00 PM,6:20:00 PM,"Mar 30, 2026","Jun 3, 2026",hs_humanities,138,intro,PHIL-138W-DIS-03,False
138W,PHIL,"The History of Analytic Philosophy, 1884-1950 (PHIL 238W)",4,4,2025-2026 Spring,2,DIS,20,0,100-101K,Thursday,4:30:00 PM,5:20:00 PM,"Mar 30, 2026","Jun 3, 2026",hs_humanities,138,intro,PHIL-138W-DIS-02,False
138W,PHIL,"The History of Analytic Philosophy, 1884-1950 (PHIL 238W)",4,4,2025-2026 Spring,1,LEC,28,8,300-303,"Tuesday,Thursday",1:30:00 PM,2:50:00 PM,"Mar 30, 2026","Jun 3, 2026",hs_humanities,138,intro,PHIL-138W-LEC-01,True
152,PHIL,Computability and Logic (PHIL 252),4,4,2025-2026 Spring,1,LEC,17,13,Littlefield 104,"Tuesday,Thursday",10:30:00 AM,11:50:00 AM,"Mar 30, 2026","Jun 3, 2026",hs_humanities,152,intro,PHIL-152-LEC-01,True
154,PHIL,Modal Logic (PHIL 254),4,4,2025-2026 Spring,2,DIS,15,0,100-101K,Monday,5:30:00 PM,6:20:00 PM,"Mar 30, 2026","Jun 3, 2026",hs_humanities,154,intro,PHIL-154-DIS-02,False
154,PHIL,Modal Logic (PHIL 254),4,4,2025-2026 Spring,1,LEC,20,8,Littlefield 104,"Tuesday,Thursday",1:30:00 PM,2:50:00 PM,"Mar 30, 2026","Jun 3, 2026",hs_humanities,154,intro,PHIL-154-LEC-01,True
161C,PHIL,"What Makes a Good Explanation? Philosophical, Psychological and Computational Perspectives (PHIL 261C)",4,4,2025-2026 Spring,1,LEC,24,8,100-101K,"Monday,Wednesday",10:30:00 AM,11:50:00 AM,"Mar 30, 2026","Jun 3, 2026",hs_humanities,161,intro,PHIL-161C-LEC-01,True
162,PHIL,Philosophy of Mathematics (PHIL 262),4,4,2025-2026 Spring,1,SEM,16,8,200-202,"Tuesday,Thursday",7:30:00 PM,8:50:00 PM,"Mar 30, 2026","Jun 3, 2026",hs_humanities,162,intro,PHIL-162-SEM-01,True
171P,PHIL,"Liberalism and its Critics (ETHICSOC 130, POLISCI 130)",5,5,2025-2026 Spring,1,LEC,30,18,200-303,"Tuesday,Thursday",1:30:00 PM,2:50:00 PM,"Mar 30, 2026","Jun 3, 2026",hs_humanities,171,intro,PHIL-171P-LEC-01,True
173A,PHIL,Moral Psychology (PHIL 273A),4,4,2025-2026 Spring,1,LEC,24,8,100-101K,"Tuesday,Thursday",1:30:00 PM,2:50:00 PM,"Mar 30, 2026","Jun 3, 2026",hs_humanities,173,intro,PHIL-173A-LEC-01,True
174L,PHIL,Justice Across Borders (ETHICSOC 174L),4,4,2025-2026 Spring,1,LEC,28,14,300-303,"Monday,Wednesday",1:30:00 PM,2:50:00 PM,"Mar 30, 2026","Jun 3, 2026",hs_humanities,174,intro,PHIL-174L-LEC-01,True
176P,PHIL,"Democratic Theory (ETHICSOC 234, POLISCI 234)",5,5,2025-2026 Spring,1,SEM,20,4,Lathrop 017,"Tuesday,Thursday",10:30:00 AM,11:50:00 AM,"Mar 30, 2026","Jun 3, 2026",hs_humanities,176,intro,PHIL-176P-SEM-01,True
179B,PHIL,"Feminist Ethics (FEMGEN 179B, PHIL 279B)",4,4,2025-2026 Spring,1,LEC,20,4,Lathrop 298,"Tuesday,Thursday",3:00:00 PM,4:20:00 PM,"Mar 30, 2026","Jun 3, 2026",hs_humanities,179,intro,PHIL-179B-LEC-01,True
180,PHIL,Metaphysics (PHIL 280),4,4,2025-2026 Spring,1,LEC,30,21,60-109,"Monday,Wednesday",3:00:00 PM,4:20:00 PM,"Mar 30, 2026","Jun 3, 2026",hs_humanities,180,intro,PHIL-180-LEC-01,True
181C,PHIL,Linguistic Justice (PHIL 281C),4,4,2025-2026 Spring,1,LEC,30,6,Littlefield 107,Tuesday,3:00:00 PM,5:50:00 PM,"Mar 30, 2026","Jun 3, 2026",hs_humanities,181,intro,PHIL-181C-LEC-01,True
184P,PHIL,Philosophy of Probability (PHIL 284P),4,4,2025-2026 Spring,1,LEC,30,6,200-034,"Tuesday,Thursday",4:30:00 PM,5:50:00 PM,"Mar 30, 2026","Jun 3, 2026",hs_humanities,184,intro,PHIL-184P-LEC-01,True
194J,PHIL,Capstone Seminar: Other Minds,4,4,2025-2026 Spring,1,SEM,16,10,Thornton 211,Wednesday,10:30:00 AM,1:20:00 PM,"Mar 30, 2026","Jun 3, 2026",hs_humanities,194,intro,PHIL-194J-SEM-01,True
199,PHIL,Seminar for Prospective Honors Students,2,2,2025-2026 Spring,1,SEM,14,8,90-92Q,Friday,11:30:00 AM,12:20:00 PM,"Mar 30, 2026","Jun 3, 2026",hs_humanities,199,intro,PHIL-199-SEM-01,True
238W,PHIL,"The History of Analytic Philosophy, 1884-1950 (PHIL 138W)",4,4,2025-2026 Spring,1,LEC,30,6,300-303,"Tuesday,Thursday",1:30:00 PM,2:50:00 PM,"Mar 30, 2026","Jun 3, 2026",hs_humanities,238,mid,PHIL-238W-LEC-01,True
239,PHIL,Teaching Methods in Philosophy,1,4,2025-2026 Spring,1,SEM,10,4,Departmental Room,Wednesday,11:30:00 AM,12:20:00 PM,"Mar 30, 2026","Jun 3, 2026",hs_humanities,239,mid,PHIL-239-SEM-01,True
252,PHIL,Computability and Logic (PHIL 152),4,4,2025-2026 Spring,1,LEC,17,2,Littlefield 104,"Tuesday,Thursday",10:30:00 AM,11:50:00 AM,"Mar 30, 2026","Jun 3, 2026",hs_humanities,252,mid,PHIL-252-LEC-01,True
254,PHIL,Modal Logic (PHIL 154),4,4,2025-2026 Spring,1,LEC,15,3,Littlefield 104,"Tuesday,Thursday",1:30:00 PM,2:50:00 PM,"Mar 30, 2026","Jun 3, 2026",hs_humanities,254,mid,PHIL-254-LEC-01,True
261C,PHIL,"What Makes a Good Explanation? Philosophical, Psychological and Computational Perspectives (PHIL 161C)",4,4,2025-2026 Spring,1,LEC,25,1,100-101K,"Monday,Wednesday",10:30:00 AM,11:50:00 AM,"Mar 30, 2026","Jun 3, 2026",hs_humanities,261,mid,PHIL-261C-LEC-01,True
262,PHIL,Philosophy of Mathematics (PHIL 162),4,4,2025-2026 Spring,1,SEM,20,1,200-202,"Tuesday,Thursday",7:30:00 PM,8:50:00 PM,"Mar 30, 2026","Jun 3, 2026",hs_humanities,262,mid,PHIL-262-SEM-01,True
273A,PHIL,Moral Psychology (PHIL 173A),4,4,2025-2026 Spring,1,LEC,30,2,100-101K,"Tuesday,Thursday",1:30:00 PM,2:50:00 PM,"Mar 30, 2026","Jun 3, 2026",hs_humanities,273,mid,PHIL-273A-LEC-01,True
279B,PHIL,"Feminist Ethics (FEMGEN 179B, PHIL 179B)",4,4,2025-2026 Spring,1,LEC,20,3,Lathrop 298,"Tuesday,Thursday",3:00:00 PM,4:20:00 PM,"Mar 30, 2026","Jun 3, 2026",hs_humanities,279,mid,PHIL-279B-LEC-01,True
280,PHIL,Metaphysics (PHIL 180),4,4,2025-2026 Spring,1,LEC,30,2,60-109,"Monday,Wednesday",3:00:00 PM,4:20:00 PM,"Mar 30, 2026","Jun 3, 2026",hs_humanities,280,mid,PHIL-280-LEC-01,True
281C,PHIL,Linguistic Justice (PHIL 181C),4,4,2025-2026 Spring,1,LEC,30,5,Littlefield 107,Tuesday,3:00:00 PM,5:50:00 PM,"Mar 30, 2026","Jun 3, 2026",hs_humanities,281,mid,PHIL-281C-LEC-01,True
284P,PHIL,Philosophy of Probability (PHIL 184P),4,4,2025-2026 Spring,1,LEC,30,3,200-034,"Tuesday,Thursday",4:30:00 PM,5:50:00 PM,"Mar 30, 2026","Jun 3, 2026",hs_humanities,284,mid,PHIL-284P-LEC-01,True
317C,PHIL,Plato's Ethics and Metaethics,2,4,2025-2026 Spring,1,SEM,12,6,460-301,Wednesday,1:30:00 PM,4:20:00 PM,"Mar 30, 2026","Jun 3, 2026",hs_humanities,317,advanced,PHIL-317C-SEM-01,True
333,PHIL,"Philosophy, Literature, and the Arts Core Seminar (ARTHIST 433A, DLCL 333, ENGLISH 333, MUSIC 332)",3,5,2025-2026 Spring,1,SEM,12,6,90-92Q,Tuesday,1:30:00 PM,4:20:00 PM,"Mar 30, 2026","Jun 3, 2026",hs_humanities,333,advanced,PHIL-333-SEM-01,True
359,PHIL,Logic Spring Seminar,2,4,2025-2026 Spring,1,SEM,14,12,90-92Q,Wednesday,4:30:00 PM,7:20:00 PM,"Mar 30, 2026","Jun 3, 2026",hs_humanities,359,advanced,PHIL-359-SEM-01,True
387,PHIL,"Phil of Action Seminar: Human Agency in a Social World: Shared Agency, Social Rules and Institutions",2,4,2025-2026 Spring,1,SEM,8,4,120-414,Tuesday,1:30:00 PM,4:20:00 PM,"Mar 30, 2026","Jun 3, 2026",hs_humanities,387,advanced,PHIL-387-SEM-01,True
1SI,MUSIC,Introduction to Indian Classical Music,1,1,2025-2026 Spring,1,ACT,20,11,Braun 103,Tuesday,7:30:00 PM,8:50:00 PM,"Mar 30, 2026","Jun 3, 2026",hs_humanities,1,seminar,MUSIC-1SI-ACT-01,True
18B,MUSIC,"Jazz History and Appreciation: Advanced Level (AFRICAAM 18B, AMSTUD 18B)",3,3,2025-2026 Spring,1,LEC,30,0,,,,,,,hs_humanities,18,intro,MUSIC-18B-LEC-01,True
19B,MUSIC,Intermediate Music Theory,3,3,2025-2026 Spring,3,DIS,80,5,Departmental Room,Friday,1:30:00 PM,2:20:00 PM,"Mar 30, 2026","Jun 3, 2026",hs_humanities,19,seminar,MUSIC-19B-DIS-03,False
19B,MUSIC,Intermediate Music Theory,3,3,2025-2026 Spring,1,LEC,40,10,Braun 103,"Monday,Wednesday",1:30:00 PM,2:50:00 PM,"Mar 30, 2026","Jun 3, 2026",hs_humanities,19,intro,MUSIC-19B-LEC-01,True
22,MUSIC,Intermediate Tonal Theory,3,3,2025-2026 Spring,1,LEC,20,7,DINKG10,"Monday,Wednesday",10:30:00 AM,11:50:00 AM,"Mar 30, 2026","Jun 3, 2026",hs_humanities,22,intro,MUSIC-22-LEC-01,True
23,MUSIC,Advanced Tonal Theory,3,3,2025-2026 Spring,1,LEC,20,6,Braun 105,"Tuesday,Thursday",10:30:00 AM,11:50:00 AM,"Mar 30, 2026","Jun 3, 2026",hs_humanities,23,intro,MUSIC-23-LEC-01,True
25,MUSIC,Decoding Anime,3,3,2025-2026 Spring,1,SEM,30,16,DINKG10,"Tuesday,Thursday",10:30:00 AM,11:50:00 AM,"Mar 30, 2026","Jun 3, 2026",hs_humanities,25,seminar,MUSIC-25-SEM-01,True
26N,MUSIC,Japanese Arts: a Creative Exploration,3,3,2025-2026 Spring,1,ISF,16,10,Braun 102,"Monday,Wednesday",3:00:00 PM,4:20:00 PM,"Mar 30, 2026","Jun 3, 2026",hs_humanities,26,seminar,MUSIC-26N-ISF-01,True
31N,MUSIC,Behind the Big Drums: Exploring Taiko (ASNAMST 31N),3,3,2025-2026 Spring,1,ISF,12,8,Braun 131,Monday,3:00:00 PM,4:20:00 PM,"Mar 30, 2026","Jun 3, 2026",hs_humanities,31,seminar,MUSIC-31N-ISF-01,True
31N,MUSIC,Behind the Big Drums: Exploring Taiko (ASNAMST 31N),3,3,2025-2026 Spring,1,ISF,12,8,Braun Rehearsal Hall,Wednesday,3:00:00 PM,4:20:00 PM,"Mar 30, 2026","Jun 3, 2026",hs_humanities,31,seminar,MUSIC-31N-ISF-01,True
42,MUSIC,Music History Since 1830,4,4,2025-2026 Spring,1,LEC,20,12,Braun 102,"Monday,Wednesday",10:30:00 AM,11:50:00 AM,"Mar 30, 2026","Jun 3, 2026",hs_humanities,42,intro,MUSIC-42-LEC-01,True
72D,MUSIC,Jazz Piano Class,1,1,2025-2026 Spring,1,PRA,15,9,Braun 111,Monday,5:30:00 PM,6:20:00 PM,"Mar 30, 2026","Jun 3, 2026",hs_humanities,72,seminar,MUSIC-72D-PRA-01,True
72G,MUSIC,Gu-Zheng Class,1,1,2025-2026 Spring,1,PRA,15,14,DINKG10,Wednesday,7:30:00 PM,9:20:00 PM,"Mar 30, 2026","Jun 3, 2026",hs_humanities,72,seminar,MUSIC-72G-PRA-01,True
74C,MUSIC,Classical Guitar Class,1,1,2025-2026 Spring,3,PRA,16,8,Braun 211,Tuesday,1:30:00 PM,2:20:00 PM,"Mar 30, 2026","Jun 3, 2026",hs_humanities,74,seminar,MUSIC-74C-PRA-03,True
74C,MUSIC,Classical Guitar Class,1,1,2025-2026 Spring,2,PRA,16,14,Braun 211,Tuesday,10:30:00 AM,11:20:00 AM,"Mar 30, 2026","Jun 3, 2026",hs_humanities,74,seminar,MUSIC-74C-PRA-02,True
74C,MUSIC,Classical Guitar Class,1,1,2025-2026 Spring,1,PRA,16,9,Braun 211,Tuesday,9:30:00 AM,10:20:00 AM,"Mar 30, 2026","Jun 3, 2026",hs_humanities,74,seminar,MUSIC-74C-PRA-01,True
106B,MUSIC,Concert Stagecraft,2,4,2025-2026 Spring,1,PRA,8,3,Knoll 317,Monday,3:30:00 PM,6:20:00 PM,"Mar 30, 2026","Jun 3, 2026",hs_humanities,106,intro,MUSIC-106B-PRA-01,True
110,MUSIC,"Music in Psychic and Social Life (ANTHRO 112, PSYC 110, TAPS 110M)",3,3,2025-2026 Spring,1,WKS,12,11,Braun 102,Friday,12:30:00 PM,3:20:00 PM,"Mar 30, 2026","Jun 3, 2026",hs_humanities,110,intro,MUSIC-110-WKS-01,True
112,MUSIC,Film Scoring,3,3,2025-2026 Spring,1,SEM,45,17,Braun 103,"Tuesday,Thursday",10:30:00 AM,11:50:00 AM,"Mar 30, 2026","Jun 3, 2026",hs_humanities,112,intro,MUSIC-112-SEM-01,True
116J,MUSIC,"Studies in Ethnomusicology: Listening to the Local: Music Ethnography of the Bay Area (AMSTUD 116J, ANTHRO 146J, CSRE 146J, MUSIC 216J)",3,5,2025-2026 Spring,1,SEM,10,6,Braun 102,"Monday,Wednesday",1:30:00 PM,2:50:00 PM,"Mar 30, 2026","Jun 3, 2026",hs_humanities,116,intro,MUSIC-116J-SEM-01,True
120DZ,MUSIC,Jazz Improvisation,0,0,2025-2026 Spring,1,PRA,30,2,,,,,"Mar 30, 2026","Jun 3, 2026",hs_humanities,120,intro,MUSIC-120DZ-PRA-01,True
120EZ,MUSIC,Advanced Jazz Improvisation,0,0,2025-2026 Spring,1,PRA,30,2,,,,,"Mar 30, 2026","Jun 3, 2026",hs_humanities,120,intro,MUSIC-120EZ-PRA-01,True
122C,MUSIC,Introduction to Post-Tonal Analysis,4,4,2025-2026 Spring,1,LEC,12,9,Braun 105,"Tuesday,Thursday",1:30:00 PM,2:50:00 PM,"Mar 30, 2026","Jun 3, 2026",hs_humanities,122,intro,MUSIC-122C-LEC-01,True
123C,MUSIC,Undergraduate Seminar in Composition: World Music,1,2,2025-2026 Spring,1,SEM,15,6,Braun 105,Tuesday,3:00:00 PM,4:20:00 PM,"Mar 30, 2026","Jun 3, 2026",hs_humanities,123,intro,MUSIC-123C-SEM-01,True
127C,MUSIC,Band Arranging,3,3,2025-2026 Spring,1,SEM,20,3,Departmental Room,Monday,2:30:00 PM,3:20:00 PM,"Mar 30, 2026","Jun 3, 2026",hs_humanities,127,intro,MUSIC-127C-SEM-01,True
128A,MUSIC,Research Practicum in Interdisciplinary Piano Performance Applications (MUSIC 428),1,3,2025-2026 Spring,1,SEM,8,6,,,,,"Mar 30, 2026","Jun 3, 2026",hs_humanities,128,intro,MUSIC-128A-SEM-01,True
132,MUSIC,"Music Education: Then, Now, and Then Again (EDUC 132)",3,3,2025-2026 Spring,1,SEM,50,0,,,,,,,hs_humanities,132,intro,MUSIC-132-SEM-01,True
144J,MUSIC,Studies in Music of the Romantic Period: The Faust Legend in Romantic Music (MUSIC 244J),3,4,2025-2026 Spring,1,SEM,16,6,Braun 131,"Tuesday,Thursday",10:30:00 AM,11:50:00 AM,"Mar 30, 2026","Jun 3, 2026",hs_humanities,144,intro,MUSIC-144J-SEM-01,True
151B,MUSIC,Red Vest Band,1,1,2025-2026 Spring,2,PRA,100,4,Departmental Room,Thursday,1:30:00 PM,2:20:00 PM,"Mar 30, 2026","Jun 3, 2026",hs_humanities,151,intro,MUSIC-151B-PRA-02,True
151B,MUSIC,Red Vest Band,1,1,2025-2026 Spring,2,PRA,100,4,Departmental Room,Tuesday,1:30:00 PM,2:20:00 PM,"Mar 30, 2026","Jun 3, 2026",hs_humanities,151,intro,MUSIC-151B-PRA-02,True
151B,MUSIC,Red Vest Band,1,1,2025-2026 Spring,1,PRA,100,33,Departmental Room,Monday,7:30:00 PM,8:50:00 PM,"Mar 30, 2026","Jun 3, 2026",hs_humanities,151,intro,MUSIC-151B-PRA-01,True
159,MUSIC,Early Music Singers,1,1,2025-2026 Spring,1,PRA,30,5,Campbell Recital Hall,Wednesday,7:00:00 PM,9:30:00 PM,"Mar 30, 2026","Jun 3, 2026",hs_humanities,159,intro,MUSIC-159-PRA-01,True
159KZ,MUSIC,Stanford Facsimile Singers,0,0,2025-2026 Spring,1,PRA,30,2,,,,,"Mar 30, 2026","Jun 3, 2026",hs_humanities,159,intro,MUSIC-159KZ-PRA-01,True
160,MUSIC,Stanford Symphony Orchestra,1,1,2025-2026 Spring,1,PRA,120,49,Bing Concert Hall Stage,"Monday,Thursday",7:00:00 PM,9:30:00 PM,"Mar 30, 2026","Jun 3, 2026",hs_humanities,160,intro,MUSIC-160-PRA-01,True
160A,MUSIC,Stanford Philharmonia,1,1,2025-2026 Spring,1,PRA,60,27,Bing Concert Hall Studio,Tuesday,7:00:00 PM,9:30:00 PM,"Mar 30, 2026","Jun 3, 2026",hs_humanities,160,intro,MUSIC-160A-PRA-01,True
160AZ,MUSIC,Stanford Philharmonia,0,0,2025-2026 Spring,1,PRA,25,9,,,,,"Mar 30, 2026","Jun 3, 2026",hs_humanities,160,intro,MUSIC-160AZ-PRA-01,True
160C,MUSIC,Stanford Baroque Soloists,1,1,2025-2026 Spring,1,PRA,15,10,Braun Rehearsal Hall,Wednesday,7:00:00 PM,9:30:00 PM,"Mar 30, 2026","Jun 3, 2026",hs_humanities,160,intro,MUSIC-160C-PRA-01,True
160Z,MUSIC,Stanford Symphony Orchestra,0,0,2025-2026 Spring,1,PRA,25,21,,,,,"Mar 30, 2026","Jun 3, 2026",hs_humanities,160,intro,MUSIC-160Z-PRA-01,True
161A,MUSIC,Stanford Wind Symphony,1,1,2025-2026 Spring,1,PRA,40,15,Bing Concert Hall Stage,Tuesday,7:00:00 PM,9:30:00 PM,"Mar 30, 2026","Jun 3, 2026",hs_humanities,161,intro,MUSIC-161A-PRA-01,True
161A,MUSIC,Stanford Wind Symphony,1,1,2025-2026 Spring,1,PRA,40,15,Departmental Room,Thursday,7:00:00 PM,9:30:00 PM,"Mar 30, 2026","Jun 3, 2026",hs_humanities,161,intro,MUSIC-161A-PRA-01,True
161B,MUSIC,Jazz Orchestra,1,1,2025-2026 Spring,1,PRA,25,18,Dinkelspiel Auditorium,"Monday,Wednesday",4:30:00 PM,6:20:00 PM,"Mar 30, 2026","Jun 3, 2026",hs_humanities,161,intro,MUSIC-161B-PRA-01,True
161E,MUSIC,Stanford Afro-Latin Jazz Orchestra (AFRICAAM 161E),1,1,2025-2026 Spring,1,PRA,50,5,Littlefield 107,Wednesday,8:00:00 PM,9:30:00 PM,"Mar 30, 2026","Jun 3, 2026",hs_humanities,161,intro,MUSIC-161E-PRA-01,True
162,MUSIC,Symphonic Chorus,1,1,2025-2026 Spring,1,PRA,80,4,Braun 103,Wednesday,5:30:00 PM,6:20:00 PM,"Mar 30, 2026","Jun 3, 2026",hs_humanities,162,intro,MUSIC-162-PRA-01,True
162,MUSIC,Symphonic Chorus,1,1,2025-2026 Spring,1,PRA,80,4,Campbell Recital Hall,Monday,7:30:00 PM,10:00:00 PM,"Mar 30, 2026","Jun 3, 2026",hs_humanities,162,intro,MUSIC-162-PRA-01,True
163,MUSIC,Memorial Church Choir,1,1,2025-2026 Spring,1,PRA,25,3,Campbell Recital Hall,Thursday,6:30:00 PM,8:30:00 PM,"Mar 30, 2026","Jun 3, 2026",hs_humanities,163,intro,MUSIC-163-PRA-01,True
165,MUSIC,Chamber Chorale,1,1,2025-2026 Spring,1,PRA,28,13,Braun Rehearsal Hall,Thursday,7:00:00 PM,9:30:00 PM,"Mar 30, 2026","Jun 3, 2026",hs_humanities,165,intro,MUSIC-165-PRA-01,True
165,MUSIC,Chamber Chorale,1,1,2025-2026 Spring,1,PRA,28,13,Campbell Recital Hall,Tuesday,7:30:00 PM,9:30:00 PM,"Mar 30, 2026","Jun 3, 2026",hs_humanities,165,intro,MUSIC-165-PRA-01,True
166A,MUSIC,Stanford Cello Choir,1,1,2025-2026 Spring,1,PRA,30,10,Braun Rehearsal Hall,Friday,4:30:00 PM,6:20:00 PM,"Mar 30, 2026","Jun 3, 2026",hs_humanities,166,intro,MUSIC-166A-PRA-01,True
166A,MUSIC,Stanford Cello Choir,1,1,2025-2026 Spring,1,PRA,30,10,Dinkelspiel Auditorium,Tuesday,4:30:00 PM,6:20:00 PM,"Mar 30, 2026","Jun 3, 2026",hs_humanities,166,intro,MUSIC-166A-PRA-01,True
167,MUSIC,University Singers,1,1,2025-2026 Spring,1,PRA,50,11,Braun Rehearsal Hall,Tuesday,6:30:00 PM,9:30:00 PM,"Mar 30, 2026","Jun 3, 2026",hs_humanities,167,intro,MUSIC-167-PRA-01,True
169,MUSIC,Stanford Taiko,1,1,2025-2026 Spring,1,PRA,20,16,Braun Rehearsal Hall,,9:30:00 PM,11:00:00 PM,"Mar 30, 2026","Jun 3, 2026",hs_humanities,169,intro,MUSIC-169-PRA-01,True
169,MUSIC,Stanford Taiko,1,1,2025-2026 Spring,1,PRA,20,16,Dinkelspiel Auditorium,"Monday,Thursday",8:00:00 PM,11:00:00 PM,"Mar 30, 2026","Jun 3, 2026",hs_humanities,169,intro,MUSIC-169-PRA-01,True
171,MUSIC,Chamber Music,1,1,2025-2026 Spring,53,PRA,11,0,,,,,"Mar 30, 2026","Jun 3, 2026",hs_humanities,171,intro,MUSIC-171-PRA-53,True
171,MUSIC,Chamber Music,1,1,2025-2026 Spring,39,PRA,11,0,,,,,"Mar 30, 2026","Jun 3, 2026",hs_humanities,171,intro,MUSIC-171-PRA-39,True
171,MUSIC,Chamber Music,1,1,2025-2026 Spring,35,PRA,11,0,,,,,"Mar 30, 2026","Jun 3, 2026",hs_humanities,171,intro,MUSIC-171-PRA-35,True
171,MUSIC,Chamber Music,1,1,2025-2026 Spring,24,PRA,11,0,,,,,"Mar 30, 2026","Jun 3, 2026",hs_humanities,171,intro,MUSIC-171-PRA-24,True
171,MUSIC,Chamber Music,1,1,2025-2026 Spring,25,PRA,11,0,,,,,"Mar 30, 2026","Jun 3, 2026",hs_humanities,171,intro,MUSIC-171-PRA-25,True
171,MUSIC,Chamber Music,1,1,2025-2026 Spring,23,PRA,11,0,,,,,"Mar 30, 2026","Jun 3, 2026",hs_humanities,171,intro,MUSIC-171-PRA-23,True
171,MUSIC,Chamber Music,1,1,2025-2026 Spring,1,PRA,11,0,,,,,"Mar 30, 2026","Jun 3, 2026",hs_humanities,171,intro,MUSIC-171-PRA-01,True
171,MUSIC,Chamber Music,1,1,2025-2026 Spring,19,PRA,11,0,,,,,"Mar 30, 2026","Jun 3, 2026",hs_humanities,171,intro,MUSIC-171-PRA-19,True
171,MUSIC,Chamber Music,1,1,2025-2026 Spring,20,PRA,11,0,,,,,"Mar 30, 2026","Jun 3, 2026",hs_humanities,171,intro,MUSIC-171-PRA-20,True
171,MUSIC,Chamber Music,1,1,2025-2026 Spring,13,PRA,11,0,,,,,"Mar 30, 2026","Jun 3, 2026",hs_humanities,171,intro,MUSIC-171-PRA-13,True
171,MUSIC,Chamber Music,1,1,2025-2026 Spring,16,PRA,11,0,,,,,"Mar 30, 2026","Jun 3, 2026",hs_humanities,171,intro,MUSIC-171-PRA-16,True
171,MUSIC,Chamber Music,1,1,2025-2026 Spring,5,PRA,11,0,,,,,"Mar 30, 2026","Jun 3, 2026",hs_humanities,171,intro,MUSIC-171-PRA-05,True
171,MUSIC,Chamber Music,1,1,2025-2026 Spring,4,PRA,11,0,,,,,"Mar 30, 2026","Jun 3, 2026",hs_humanities,171,intro,MUSIC-171-PRA-04,True
171,MUSIC,Chamber Music,1,1,2025-2026 Spring,6,PRA,11,0,,,,,"Mar 30, 2026","Jun 3, 2026",hs_humanities,171,intro,MUSIC-171-PRA-06,True
171,MUSIC,Chamber Music,1,1,2025-2026 Spring,45,PRA,11,0,,,,,"Mar 30, 2026","Jun 3, 2026",hs_humanities,171,intro,MUSIC-171-PRA-45,True
171,MUSIC,Chamber Music,1,1,2025-2026 Spring,44,PRA,11,0,,,,,"Mar 30, 2026","Jun 3, 2026",hs_humanities,171,intro,MUSIC-171-PRA-44,True
171,MUSIC,Chamber Music,1,1,2025-2026 Spring,41,PRA,11,0,,,,,"Mar 30, 2026","Jun 3, 2026",hs_humanities,171,intro,MUSIC-171-PRA-41,True
171,MUSIC,Chamber Music,1,1,2025-2026 Spring,42,PRA,11,0,,,,,"Mar 30, 2026","Jun 3, 2026",hs_humanities,171,intro,MUSIC-171-PRA-42,True
171,MUSIC,Chamber Music,1,1,2025-2026 Spring,47,PRA,11,0,,,,,"Mar 30, 2026","Jun 3, 2026",hs_humanities,171,intro,MUSIC-171-PRA-47,True
171,MUSIC,Chamber Music,1,1,2025-2026 Spring,40,PRA,11,0,,,,,"Mar 30, 2026","Jun 3, 2026",hs_humanities,171,intro,MUSIC-171-PRA-40,True
171,MUSIC,Chamber Music,1,1,2025-2026 Spring,50,PRA,11,1,,,,,"Mar 30, 2026","Jun 3, 2026",hs_humanities,171,intro,MUSIC-171-PRA-50,True
171,MUSIC,Chamber Music,1,1,2025-2026 Spring,33,PRA,11,2,,,,,"Mar 30, 2026","Jun 3, 2026",hs_humanities,171,intro,MUSIC-171-PRA-33,True
171,MUSIC,Chamber Music,1,1,2025-2026 Spring,49,PRA,11,3,,,,,"Mar 30, 2026","Jun 3, 2026",hs_humanities,171,intro,MUSIC-171-PRA-49,True
171,MUSIC,Chamber Music,1,1,2025-2026 Spring,2,PRA,11,7,,,,,"Mar 30, 2026","Jun 3, 2026",hs_humanities,171,intro,MUSIC-171-PRA-02,True
171,MUSIC,Chamber Music,1,1,2025-2026 Spring,10,PRA,11,8,,,,,"Mar 30, 2026","Jun 3, 2026",hs_humanities,171,intro,MUSIC-171-PRA-10,True
171,MUSIC,Chamber Music,1,1,2025-2026 Spring,12,PRA,20,8,,,,,"Mar 30, 2026","Jun 3, 2026",hs_humanities,171,intro,MUSIC-171-PRA-12,True
171,MUSIC,Chamber Music,1,1,2025-2026 Spring,54,PRA,11,1,,,,,"Mar 30, 2026","Jun 3, 2026",hs_humanities,171,intro,MUSIC-171-PRA-54,True
171,MUSIC,Chamber Music,1,1,2025-2026 Spring,48,PRA,11,3,,,,,"Mar 30, 2026","Jun 3, 2026",hs_humanities,171,intro,MUSIC-171-PRA-48,True
171,MUSIC,Chamber Music,1,1,2025-2026 Spring,8,PRA,11,2,,,,,"Mar 30, 2026","Jun 3, 2026",hs_humanities,171,intro,MUSIC-171-PRA-08,True
171,MUSIC,Chamber Music,1,1,2025-2026 Spring,17,PRA,11,4,,,,,"Mar 30, 2026","Jun 3, 2026",hs_humanities,171,intro,MUSIC-171-PRA-17,True
171,MUSIC,Chamber Music,1,1,2025-2026 Spring,36,PRA,11,7,,,,,"Mar 30, 2026","Jun 3, 2026",hs_humanities,171,intro,MUSIC-171-PRA-36,True
171,MUSIC,Chamber Music,1,1,2025-2026 Spring,14,PRA,11,3,,,,,"Mar 30, 2026","Jun 3, 2026",hs_humanities,171,intro,MUSIC-171-PRA-14,True
171,MUSIC,Chamber Music,1,1,2025-2026 Spring,15,PRA,11,8,,,,,"Mar 30, 2026","Jun 3, 2026",hs_humanities,171,intro,MUSIC-171-PRA-15,True
171,MUSIC,Chamber Music,1,1,2025-2026 Spring,7,PRA,25,5,,,,,"Mar 30, 2026","Jun 3, 2026",hs_humanities,171,intro,MUSIC-171-PRA-07,True
171,MUSIC,Chamber Music,1,1,2025-2026 Spring,31,PRA,11,9,,,,,"Mar 30, 2026","Jun 3, 2026",hs_humanities,171,intro,MUSIC-171-PRA-31,True
171,MUSIC,Chamber Music,1,1,2025-2026 Spring,28,PRA,11,0,,,,,"Mar 30, 2026","Jun 3, 2026",hs_humanities,171,intro,MUSIC-171-PRA-28,True
171Z,MUSIC,Chamber Music,0,0,2025-2026 Spring,49,PRA,10,0,,,,,"Mar 30, 2026","Jun 3, 2026",hs_humanities,171,intro,MUSIC-171Z-PRA-49,True
171Z,MUSIC,Chamber Music,0,0,2025-2026 Spring,40,PRA,10,0,,,,,"Mar 30, 2026","Jun 3, 2026",hs_humanities,171,intro,MUSIC-171Z-PRA-40,True
171Z,MUSIC,Chamber Music,0,0,2025-2026 Spring,48,PRA,10,1,,,,,"Mar 30, 2026","Jun 3, 2026",hs_humanities,171,intro,MUSIC-171Z-PRA-48,True
172A,MUSIC,Piano,1,3,2025-2026 Spring,2,LAB,12,3,Campbell Recital Hall,Thursday,4:30:00 PM,5:50:00 PM,"Mar 30, 2026","Jun 3, 2026",hs_humanities,172,intro,MUSIC-172A-LAB-02,True
172A,MUSIC,Piano,1,3,2025-2026 Spring,1,LAB,12,6,Campbell Recital Hall,Wednesday,10:30:00 AM,11:50:00 AM,"Mar 30, 2026","Jun 3, 2026",hs_humanities,172,intro,MUSIC-172A-LAB-01,True
172A,MUSIC,Piano,1,3,2025-2026 Spring,4,LAB,12,5,Campbell Recital Hall,Friday,10:30:00 AM,11:50:00 AM,"Mar 30, 2026","Jun 3, 2026",hs_humanities,172,intro,MUSIC-172A-LAB-04,True
172A,MUSIC,Piano,1,3,2025-2026 Spring,3,LAB,12,2,Campbell Recital Hall,Wednesday,4:30:00 PM,5:50:00 PM,"Mar 30, 2026","Jun 3, 2026",hs_humanities,172,intro,MUSIC-172A-LAB-03,True
172A,MUSIC,Piano,1,3,2025-2026 Spring,5,LAB,12,4,,,,,"Mar 30, 2026","Jun 3, 2026",hs_humanities,172,intro,MUSIC-172A-LAB-05,True
172A,MUSIC,Piano,1,3,2025-2026 Spring,7,LAB,12,4,,,,,"Mar 30, 2026","Jun 3, 2026",hs_humanities,172,intro,MUSIC-172A-LAB-07,True
172A,MUSIC,Piano,1,3,2025-2026 Spring,6,LAB,12,3,,,,,"Mar 30, 2026","Jun 3, 2026",hs_humanities,172,intro,MUSIC-172A-LAB-06,True
172A,MUSIC,Piano,1,3,2025-2026 Spring,9,PRA,999,27,,,,,,,hs_humanities,172,intro,MUSIC-172A-PRA-09,False
172B,MUSIC,Organ,1,3,2025-2026 Spring,1,PRA,7,2,,,,,"Mar 30, 2026","Jun 3, 2026",hs_humanities,172,intro,MUSIC-172B-PRA-01,True
172D,MUSIC,Jazz Piano,1,3,2025-2026 Spring,1,PRA,5,3,,,,,"Mar 30, 2026","Jun 3, 2026",hs_humanities,172,intro,MUSIC-172D-PRA-01,True
174A,MUSIC,Violin,1,3,2025-2026 Spring,3,PRA,10,2,,,,,"Mar 30, 2026","Jun 3, 2026",hs_humanities,174,intro,MUSIC-174A-PRA-03,True
174A,MUSIC,Violin,1,3,2025-2026 Spring,5,PRA,8,4,,,,,"Mar 30, 2026","Jun 3, 2026",hs_humanities,174,intro,MUSIC-174A-PRA-05,True
174A,MUSIC,Violin,1,3,2025-2026 Spring,6,PRA,12,6,,,,,"Mar 30, 2026","Jun 3, 2026",hs_humanities,174,intro,MUSIC-174A-PRA-06,True
174A,MUSIC,Violin,1,3,2025-2026 Spring,1,PRA,12,2,,,,,"Mar 30, 2026","Jun 3, 2026",hs_humanities,174,intro,MUSIC-174A-PRA-01,True
174B,MUSIC,Viola,1,3,2025-2026 Spring,2,PRA,6,3,,,,,"Mar 30, 2026","Jun 3, 2026",hs_humanities,174,intro,MUSIC-174B-PRA-02,True
174C,MUSIC,Violoncello,1,3,2025-2026 Spring,1,PRA,20,8,,,,,"Mar 30, 2026","Jun 3, 2026",hs_humanities,174,intro,MUSIC-174C-PRA-01,True
174C,MUSIC,Violoncello,1,3,2025-2026 Spring,2,PRA,20,9,,,,,"Mar 30, 2026","Jun 3, 2026",hs_humanities,174,intro,MUSIC-174C-PRA-02,True
174G,MUSIC,Harp,1,3,2025-2026 Spring,1,PRA,6,2,,,,,"Mar 30, 2026","Jun 3, 2026",hs_humanities,174,intro,MUSIC-174G-PRA-01,True
174J,MUSIC,Jazz & Contemporary Guitar,1,3,2025-2026 Spring,1,PRA,8,4,,,,,"Mar 30, 2026","Jun 3, 2026",hs_humanities,174,intro,MUSIC-174J-PRA-01,True
175A,MUSIC,Flute,1,3,2025-2026 Spring,3,PRA,15,0,,,,,,,hs_humanities,175,intro,MUSIC-175A-PRA-03,True
175A,MUSIC,Flute,1,3,2025-2026 Spring,2,PRA,15,3,,,,,"Mar 30, 2026","Jun 3, 2026",hs_humanities,175,intro,MUSIC-175A-PRA-02,True
175A,MUSIC,Flute,1,3,2025-2026 Spring,1,PRA,15,2,,,,,"Mar 30, 2026","Jun 3, 2026",hs_humanities,175,intro,MUSIC-175A-PRA-01,True
175F,MUSIC,Saxophone,1,3,2025-2026 Spring,1,PRA,9,2,,,,,"Mar 30, 2026","Jun 3, 2026",hs_humanities,175,intro,MUSIC-175F-PRA-01,True
176B,MUSIC,Trumpet,1,3,2025-2026 Spring,1,PRA,6,0,,,,,"Mar 30, 2026","Jun 3, 2026",hs_humanities,176,intro,MUSIC-176B-PRA-01,True
176C,MUSIC,Trombone,1,3,2025-2026 Spring,1,PRA,6,0,,,,,"Mar 30, 2026","Jun 3, 2026",hs_humanities,176,intro,MUSIC-176C-PRA-01,True
177,MUSIC,Percussion,1,3,2025-2026 Spring,1,PRA,6,0,,,,,"Mar 30, 2026","Jun 3, 2026",hs_humanities,177,intro,MUSIC-177-PRA-01,True
179Z,MUSIC,Applied Music Private Lessons,0,0,2025-2026 Spring,27,PRA,10,1,,,,,"Mar 30, 2026","Jun 3, 2026",hs_humanities,179,intro,MUSIC-179Z-PRA-27,True
179Z,MUSIC,Applied Music Private Lessons,0,0,2025-2026 Spring,19,PRA,30,1,,,,,"Mar 30, 2026","Jun 3, 2026",hs_humanities,179,intro,MUSIC-179Z-PRA-19,True
179Z,MUSIC,Applied Music Private Lessons,0,0,2025-2026 Spring,20,PRA,30,2,,,,,"Mar 30, 2026","Jun 3, 2026",hs_humanities,179,intro,MUSIC-179Z-PRA-20,True
181,MUSIC,Jazz Combos,1,1,2025-2026 Spring,2,PRA,30,0,,,,,,,hs_humanities,181,intro,MUSIC-181-PRA-02,True
181,MUSIC,Jazz Combos,1,1,2025-2026 Spring,1,PRA,70,28,,,,,"Mar 30, 2026","Jun 3, 2026",hs_humanities,181,intro,MUSIC-181-PRA-01,True
183A,MUSIC,German Art Song Interpretation,1,1,2025-2026 Spring,1,PRA,20,10,Campbell Recital Hall,Thursday,3:00:00 PM,4:20:00 PM,"Mar 30, 2026","Jun 3, 2026",hs_humanities,183,intro,MUSIC-183A-PRA-01,True
183AZ,MUSIC,German Art Song Interpretation,0,0,2025-2026 Spring,1,PRA,20,4,Campbell Recital Hall,Thursday,3:00:00 PM,4:20:00 PM,"Mar 30, 2026","Jun 3, 2026",hs_humanities,183,intro,MUSIC-183AZ-PRA-01,True
183C,MUSIC,Interpretation of Musical Theater Repertoire (TAPS 183C),1,2,2025-2026 Spring,1,PRA,20,0,,,,,,,hs_humanities,183,intro,MUSIC-183C-PRA-01,True
183G,MUSIC,Sing & Be Well: Exploring and Integrating Wellness Through Singing,1,1,2025-2026 Spring,1,PRA,30,13,DINKG10,Friday,11:30:00 AM,12:50:00 PM,"Mar 30, 2026","Jun 3, 2026",hs_humanities,183,intro,MUSIC-183G-PRA-01,True
183GZ,MUSIC,Sing & Be Well: Exploring and Integrating Wellness Through Singing,0,0,2025-2026 Spring,1,PRA,18,0,,,,,"Mar 30, 2026","Jun 3, 2026",hs_humanities,183,intro,MUSIC-183GZ-PRA-01,True
184C,MUSIC,Dramatic Vocal Arts: Songs and Scenes Onstage (TAPS 184C),1,2,2025-2026 Spring,2,PRA,15,0,,,,,,,hs_humanities,184,intro,MUSIC-184C-PRA-02,True
184C,MUSIC,Dramatic Vocal Arts: Songs and Scenes Onstage (TAPS 184C),1,2,2025-2026 Spring,1,PRA,15,8,Departmental Room,"Monday,Wednesday",6:30:00 PM,9:20:00 PM,"Mar 30, 2026","Jun 3, 2026",hs_humanities,184,intro,MUSIC-184C-PRA-01,True
184CZ,MUSIC,Dramatic Vocal Arts: Songs and Scenes Onstage,0,0,2025-2026 Spring,1,PRA,15,0,,,,,"Mar 30, 2026","Jun 3, 2026",hs_humanities,184,intro,MUSIC-184CZ-PRA-01,True
203,MUSIC,Audiovisual Performance,3,4,2025-2026 Spring,1,SEM,8,5,Knoll 317,"Tuesday,Thursday",10:30:00 AM,12:20:00 PM,"Mar 30, 2026","Jun 3, 2026",hs_humanities,203,mid,MUSIC-203-SEM-01,True
214,MUSIC,"Copyright, IP, and AI in Popular Music (AFRICAAM 274, AMSTUD 274)",3,3,2025-2026 Spring,1,SEM,15,3,McMurtry Art Building 360,"Tuesday,Thursday",12:00:00 PM,1:20:00 PM,"Mar 30, 2026","Jun 3, 2026",hs_humanities,214,mid,MUSIC-214-SEM-01,True
216J,MUSIC,"Studies in Ethnomusicology: Listening to the Local: Music Ethnography of the Bay Area (AMSTUD 116J, ANTHRO 146J, CSRE 146J, MUSIC 116J)",3,5,2025-2026 Spring,1,SEM,30,0,Braun 102,"Monday,Wednesday",1:30:00 PM,2:50:00 PM,"Mar 30, 2026","Jun 3, 2026",hs_humanities,216,mid,MUSIC-216J-SEM-01,True
220C,MUSIC,Research Seminar in Computer-Generated Music,3,4,2025-2026 Spring,1,SEM,20,7,Knoll217,"Monday,Wednesday",1:30:00 PM,3:20:00 PM,"Mar 30, 2026","Jun 3, 2026",hs_humanities,220,mid,MUSIC-220C-SEM-01,True
244J,MUSIC,Studies in Music of the Romantic Period: The Faust Legend in Romantic Music (MUSIC 144J),3,4,2025-2026 Spring,1,SEM,25,3,Braun 131,"Tuesday,Thursday",10:30:00 AM,11:50:00 AM,"Mar 30, 2026","Jun 3, 2026",hs_humanities,244,mid,MUSIC-244J-SEM-01,True
250A,MUSIC,Physical Interaction Design for Music,3,4,2025-2026 Spring,3,LBS,15,8,Departmental Room,Tuesday,5:30:00 PM,7:20:00 PM,"Mar 30, 2026","Jun 3, 2026",hs_humanities,250,mid,MUSIC-250A-LBS-03,False
250A,MUSIC,Physical Interaction Design for Music,3,4,2025-2026 Spring,2,LBS,15,2,Departmental Room,Tuesday,3:30:00 PM,5:20:00 PM,"Mar 30, 2026","Jun 3, 2026",hs_humanities,250,mid,MUSIC-250A-LBS-02,False
250A,MUSIC,Physical Interaction Design for Music,3,4,2025-2026 Spring,5,LBS,15,6,Departmental Room,Wednesday,3:30:00 PM,5:20:00 PM,"Mar 30, 2026","Jun 3, 2026",hs_humanities,250,mid,MUSIC-250A-LBS-05,False
250A,MUSIC,Physical Interaction Design for Music,3,4,2025-2026 Spring,4,LBS,15,7,Departmental Room,Wednesday,1:30:00 PM,3:20:00 PM,"Mar 30, 2026","Jun 3, 2026",hs_humanities,250,mid,MUSIC-250A-LBS-04,False
250A,MUSIC,Physical Interaction Design for Music,3,4,2025-2026 Spring,1,SEM,50,25,Knoll217,"Tuesday,Thursday",1:30:00 PM,2:50:00 PM,"Mar 30, 2026","Jun 3, 2026",hs_humanities,250,mid,MUSIC-250A-SEM-01,True
250A,MUSIC,Physical Interaction Design for Music,3,4,2025-2026 Spring,6,LBS,15,2,Departmental Room,Thursday,10:30:00 AM,12:20:00 PM,"Mar 30, 2026","Jun 3, 2026",hs_humanities,250,mid,MUSIC-250A-LBS-06,False
254,MUSIC,Computational Music Analysis (CS 275B),2,4,2025-2026 Spring,1,SEM,30,0,,,,,,,hs_humanities,254,mid,MUSIC-254-SEM-01,True
257,MUSIC,You Are What You Use: Designing Technology for Neural Change,3,5,2025-2026 Spring,1,LEC,60,13,Knoll217,Friday,11:30:00 AM,1:20:00 PM,"Mar 30, 2026","Jun 3, 2026",hs_humanities,257,mid,MUSIC-257-LEC-01,True
257,MUSIC,You Are What You Use: Designing Technology for Neural Change,3,5,2025-2026 Spring,1,LEC,60,13,Knoll217,Tuesday,6:00:00 PM,7:50:00 PM,"Mar 30, 2026","Jun 3, 2026",hs_humanities,257,mid,MUSIC-257-LEC-01,True
272A,MUSIC,Piano for Music Majors/Minors,1,3,2025-2026 Spring,7,LAB,18,2,,,,,"Mar 30, 2026","Jun 3, 2026",hs_humanities,272,mid,MUSIC-272A-LAB-07,True
272A,MUSIC,Piano for Music Majors/Minors,1,3,2025-2026 Spring,6,LAB,18,3,,,,,"Mar 30, 2026","Jun 3, 2026",hs_humanities,272,mid,MUSIC-272A-LAB-06,True
272A,MUSIC,Piano for Music Majors/Minors,1,3,2025-2026 Spring,4,LAB,18,2,,,,,"Mar 30, 2026","Jun 3, 2026",hs_humanities,272,mid,MUSIC-272A-LAB-04,True
274A,MUSIC,Violin for Music Majors/Minors,1,3,2025-2026 Spring,6,PRA,13,0,,,,,"Mar 30, 2026","Jun 3, 2026",hs_humanities,274,mid,MUSIC-274A-PRA-06,True
279Z,MUSIC,Private Lessons for Music Majors/Minors,0,0,2025-2026 Spring,16,PRA,30,0,,,,,"Mar 30, 2026","Jun 3, 2026",hs_humanities,279,mid,MUSIC-279Z-PRA-16,True
279Z,MUSIC,Private Lessons for Music Majors/Minors,0,0,2025-2026 Spring,20,PRA,30,0,,,,,"Mar 30, 2026","Jun 3, 2026",hs_humanities,279,mid,MUSIC-279Z-PRA-20,True
279Z,MUSIC,Private Lessons for Music Majors/Minors,0,0,2025-2026 Spring,21,PRA,30,0,,,,,"Mar 30, 2026","Jun 3, 2026",hs_humanities,279,mid,MUSIC-279Z-PRA-21,True
279Z,MUSIC,Private Lessons for Music Majors/Minors,0,0,2025-2026 Spring,14,PRA,30,0,,,,,"Mar 30, 2026","Jun 3, 2026",hs_humanities,279,mid,MUSIC-279Z-PRA-14,True
279Z,MUSIC,Private Lessons for Music Majors/Minors,0,0,2025-2026 Spring,13,PRA,30,0,,,,,"Mar 30, 2026","Jun 3, 2026",hs_humanities,279,mid,MUSIC-279Z-PRA-13,True
279Z,MUSIC,Private Lessons for Music Majors/Minors,0,0,2025-2026 Spring,15,PRA,30,0,,,,,"Mar 30, 2026","Jun 3, 2026",hs_humanities,279,mid,MUSIC-279Z-PRA-15,True
279Z,MUSIC,Private Lessons for Music Majors/Minors,0,0,2025-2026 Spring,12,PRA,30,0,,,,,"Mar 30, 2026","Jun 3, 2026",hs_humanities,279,mid,MUSIC-279Z-PRA-12,True
279Z,MUSIC,Private Lessons for Music Majors/Minors,0,0,2025-2026 Spring,7,PRA,30,0,,,,,"Mar 30, 2026","Jun 3, 2026",hs_humanities,279,mid,MUSIC-279Z-PRA-07,True
279Z,MUSIC,Private Lessons for Music Majors/Minors,0,0,2025-2026 Spring,8,PRA,30,0,,,,,"Mar 30, 2026","Jun 3, 2026",hs_humanities,279,mid,MUSIC-279Z-PRA-08,True
279Z,MUSIC,Private Lessons for Music Majors/Minors,0,0,2025-2026 Spring,10,PRA,30,0,,,,,"Mar 30, 2026","Jun 3, 2026",hs_humanities,279,mid,MUSIC-279Z-PRA-10,True
279Z,MUSIC,Private Lessons for Music Majors/Minors,0,0,2025-2026 Spring,3,PRA,30,0,,,,,"Mar 30, 2026","Jun 3, 2026",hs_humanities,279,mid,MUSIC-279Z-PRA-03,True
279Z,MUSIC,Private Lessons for Music Majors/Minors,0,0,2025-2026 Spring,5,PRA,30,0,,,,,"Mar 30, 2026","Jun 3, 2026",hs_humanities,279,mid,MUSIC-279Z-PRA-05,True
279Z,MUSIC,Private Lessons for Music Majors/Minors,0,0,2025-2026 Spring,9,PRA,30,0,,,,,"Mar 30, 2026","Jun 3, 2026",hs_humanities,279,mid,MUSIC-279Z-PRA-09,True
279Z,MUSIC,Private Lessons for Music Majors/Minors,0,0,2025-2026 Spring,23,PRA,30,0,,,,,"Mar 30, 2026","Jun 3, 2026",hs_humanities,279,mid,MUSIC-279Z-PRA-23,True
279Z,MUSIC,Private Lessons for Music Majors/Minors,0,0,2025-2026 Spring,22,PRA,30,0,,,,,"Mar 30, 2026","Jun 3, 2026",hs_humanities,279,mid,MUSIC-279Z-PRA-22,True
279Z,MUSIC,Private Lessons for Music Majors/Minors,0,0,2025-2026 Spring,24,PRA,30,0,,,,,"Mar 30, 2026","Jun 3, 2026",hs_humanities,279,mid,MUSIC-279Z-PRA-24,True
279Z,MUSIC,Private Lessons for Music Majors/Minors,0,0,2025-2026 Spring,25,PRA,30,0,,,,,"Mar 30, 2026","Jun 3, 2026",hs_humanities,279,mid,MUSIC-279Z-PRA-25,True
279Z,MUSIC,Private Lessons for Music Majors/Minors,0,0,2025-2026 Spring,30,PRA,30,0,,,,,"Mar 30, 2026","Jun 3, 2026",hs_humanities,279,mid,MUSIC-279Z-PRA-30,True
279Z,MUSIC,Private Lessons for Music Majors/Minors,0,0,2025-2026 Spring,31,PRA,30,0,,,,,"Mar 30, 2026","Jun 3, 2026",hs_humanities,279,mid,MUSIC-279Z-PRA-31,True
279Z,MUSIC,Private Lessons for Music Majors/Minors,0,0,2025-2026 Spring,34,PRA,30,0,,,,,"Mar 30, 2026","Jun 3, 2026",hs_humanities,279,mid,MUSIC-279Z-PRA-34,True
279Z,MUSIC,Private Lessons for Music Majors/Minors,0,0,2025-2026 Spring,35,PRA,30,0,,,,,"Mar 30, 2026","Jun 3, 2026",hs_humanities,279,mid,MUSIC-279Z-PRA-35,True
279Z,MUSIC,Private Lessons for Music Majors/Minors,0,0,2025-2026 Spring,26,PRA,30,0,,,,,"Mar 30, 2026","Jun 3, 2026",hs_humanities,279,mid,MUSIC-279Z-PRA-26,True
279Z,MUSIC,Private Lessons for Music Majors/Minors,0,0,2025-2026 Spring,28,PRA,30,0,,,,,"Mar 30, 2026","Jun 3, 2026",hs_humanities,279,mid,MUSIC-279Z-PRA-28,True
279Z,MUSIC,Private Lessons for Music Majors/Minors,0,0,2025-2026 Spring,1,PRA,30,0,,,,,"Mar 30, 2026","Jun 3, 2026",hs_humanities,279,mid,MUSIC-279Z-PRA-01,True
279Z,MUSIC,Private Lessons for Music Majors/Minors,0,0,2025-2026 Spring,41,PRA,30,0,,,,,"Mar 30, 2026","Jun 3, 2026",hs_humanities,279,mid,MUSIC-279Z-PRA-41,True
279Z,MUSIC,Private Lessons for Music Majors/Minors,0,0,2025-2026 Spring,40,PRA,30,0,,,,,"Mar 30, 2026","Jun 3, 2026",hs_humanities,279,mid,MUSIC-279Z-PRA-40,True
279Z,MUSIC,Private Lessons for Music Majors/Minors,0,0,2025-2026 Spring,38,PRA,30,0,,,,,"Mar 30, 2026","Jun 3, 2026",hs_humanities,279,mid,MUSIC-279Z-PRA-38,True
279Z,MUSIC,Private Lessons for Music Majors/Minors,0,0,2025-2026 Spring,37,PRA,30,0,,,,,"Mar 30, 2026","Jun 3, 2026",hs_humanities,279,mid,MUSIC-279Z-PRA-37,True
279Z,MUSIC,Private Lessons for Music Majors/Minors,0,0,2025-2026 Spring,11,PRA,30,1,,,,,"Mar 30, 2026","Jun 3, 2026",hs_humanities,279,mid,MUSIC-279Z-PRA-11,True
279Z,MUSIC,Private Lessons for Music Majors/Minors,0,0,2025-2026 Spring,18,PRA,30,1,,,,,"Mar 30, 2026","Jun 3, 2026",hs_humanities,279,mid,MUSIC-279Z-PRA-18,True
279Z,MUSIC,Private Lessons for Music Majors/Minors,0,0,2025-2026 Spring,17,PRA,30,1,,,,,"Mar 30, 2026","Jun 3, 2026",hs_humanities,279,mid,MUSIC-279Z-PRA-17,True
279Z,MUSIC,Private Lessons for Music Majors/Minors,0,0,2025-2026 Spring,4,PRA,30,1,,,,,"Mar 30, 2026","Jun 3, 2026",hs_humanities,279,mid,MUSIC-279Z-PRA-04,True
279Z,MUSIC,Private Lessons for Music Majors/Minors,0,0,2025-2026 Spring,33,PRA,30,1,,,,,"Mar 30, 2026","Jun 3, 2026",hs_humanities,279,mid,MUSIC-279Z-PRA-33,True
279Z,MUSIC,Private Lessons for Music Majors/Minors,0,0,2025-2026 Spring,29,PRA,30,1,,,,,"Mar 30, 2026","Jun 3, 2026",hs_humanities,279,mid,MUSIC-279Z-PRA-29,True
279Z,MUSIC,Private Lessons for Music Majors/Minors,0,0,2025-2026 Spring,27,PRA,30,1,,,,,"Mar 30, 2026","Jun 3, 2026",hs_humanities,279,mid,MUSIC-279Z-PRA-27,True
279Z,MUSIC,Private Lessons for Music Majors/Minors,0,0,2025-2026 Spring,36,PRA,30,2,,,,,"Mar 30, 2026","Jun 3, 2026",hs_humanities,279,mid,MUSIC-279Z-PRA-36,True
279Z,MUSIC,Private Lessons for Music Majors/Minors,0,0,2025-2026 Spring,39,PRA,30,1,,,,,"Mar 30, 2026","Jun 3, 2026",hs_humanities,279,mid,MUSIC-279Z-PRA-39,True
279Z,MUSIC,Private Lessons for Music Majors/Minors,0,0,2025-2026 Spring,6,PRA,30,1,,,,,"Mar 30, 2026","Jun 3, 2026",hs_humanities,279,mid,MUSIC-279Z-PRA-06,True
280,MUSIC,TA Training Course,1,1,2025-2026 Spring,1,LEC,15,0,,,,,,,hs_humanities,280,mid,MUSIC-280-LEC-01,True
300K,MUSIC,Social and Cultural Theory for Music Research,3,4,2025-2026 Spring,1,SEM,25,5,Braun 131,Friday,1:30:00 PM,4:20:00 PM,"Mar 30, 2026","Jun 3, 2026",hs_humanities,300,advanced,MUSIC-300K-SEM-01,True
310,MUSIC,Research Seminar in Musicology,3,5,2025-2026 Spring,1,SEM,10,2,Braun 131,Friday,10:30:00 AM,1:20:00 PM,"Mar 30, 2026","Jun 3, 2026",hs_humanities,310,advanced,MUSIC-310-SEM-01,True
323,MUSIC,Doctoral Seminar in Composition,3,4,2025-2026 Spring,1,SEM,24,11,Braun 102,Tuesday,3:00:00 PM,4:50:00 PM,"Mar 30, 2026","Jun 3, 2026",hs_humanities,323,advanced,MUSIC-323-SEM-01,True
324,MUSIC,Graduate Composition Forum,1,1,2025-2026 Spring,1,COL,20,6,Braun 102,Tuesday,5:30:00 PM,7:20:00 PM,"Mar 30, 2026","Jun 3, 2026",hs_humanities,324,advanced,MUSIC-324-COL-01,True
428,MUSIC,Research Practicum in Interdisciplinary Piano Performance Applications (MUSIC 128A),1,3,2025-2026 Spring,1,SEM,6,0,,,,,"Mar 30, 2026","Jun 3, 2026",hs_humanities,428,advanced,MUSIC-428-SEM-01,True
1,TAPS,Introduction to Theater and Performance Studies,4,4,2025-2026 Spring,1,SEM,30,15,Roble Gymnasium 117,"Monday,Wednesday",2:30:00 PM,4:20:00 PM,"Mar 30, 2026","Jun 3, 2026",hs_humanities,1,seminar,TAPS-1-SEM-01,True
21T,TAPS,"StoryCraft: Sexuality, Intimacy & Relationships (FEMGEN 21T)",2,2,2025-2026 Spring,1,PRA,16,0,,,,,,,hs_humanities,21,seminar,TAPS-21T-PRA-01,True
30,TAPS,Introduction to Theatrical Design,4,4,2025-2026 Spring,1,LEC,15,5,Memaud126,"Tuesday,Thursday",1:30:00 PM,4:20:00 PM,"Mar 30, 2026","Jun 3, 2026",hs_humanities,30,intro,TAPS-30-LEC-01,True
31,TAPS,Introduction to Lighting and Production,4,4,2025-2026 Spring,1,PRA,10,7,Roble Gymnasium 117,Wednesday,11:30:00 AM,2:20:00 PM,"Mar 30, 2026","Jun 3, 2026",hs_humanities,31,seminar,TAPS-31-PRA-01,True
39,TAPS,Production Crew,1,3,2025-2026 Spring,3,PRA,999,2,,,,,"Mar 30, 2026","Jun 3, 2026",hs_humanities,39,seminar,TAPS-39-PRA-03,True
39,TAPS,Production Crew,1,3,2025-2026 Spring,2,PRA,999,2,,,,,"Mar 30, 2026","Jun 3, 2026",hs_humanities,39,seminar,TAPS-39-PRA-02,True
39,TAPS,Production Crew,1,3,2025-2026 Spring,1,PRA,999,9,,,,,"Mar 30, 2026","Jun 3, 2026",hs_humanities,39,seminar,TAPS-39-PRA-01,True
103,TAPS,Beginning Improvising,3,3,2025-2026 Spring,1,PRA,20,30,Roble Gymnasium 136,"Monday,Wednesday,Friday",9:30:00 AM,11:20:00 AM,"Mar 30, 2026","Jun 3, 2026",hs_humanities,103,intro,TAPS-103-PRA-01,True
120A,TAPS,Acting I: Fundamentals of Acting,4,4,2025-2026 Spring,1,PRA,18,18,Memaud204,"Monday,Wednesday",4:30:00 PM,6:20:00 PM,"Mar 30, 2026","Jun 3, 2026",hs_humanities,120,intro,TAPS-120A-PRA-01,True
122P,TAPS,Undergrad Performance Project,1,9,2025-2026 Spring,1,PRA,20,16,Roble Gymnasium 137,"Tuesday,Thursday",3:00:00 PM,4:50:00 PM,"Mar 30, 2026","Jun 3, 2026",hs_humanities,122,intro,TAPS-122P-PRA-01,True
127,TAPS,Movement for the Actor,3,3,2025-2026 Spring,1,PRA,20,6,Roble Gymnasium 114,"Monday,Wednesday",10:30:00 AM,12:20:00 PM,"Mar 30, 2026","Jun 3, 2026",hs_humanities,127,intro,TAPS-127-PRA-01,True
127M,TAPS,Introduction to Mask,3,3,2025-2026 Spring,1,PRA,20,0,,,,,,,hs_humanities,127,intro,TAPS-127M-PRA-01,True
134S,TAPS,Prop Design for Stage and Screen,2,2,2025-2026 Spring,1,PRA,18,6,Memaud126,Wednesday,1:30:00 PM,4:20:00 PM,"Mar 30, 2026","Jun 3, 2026",hs_humanities,134,intro,TAPS-134S-PRA-01,True
140,TAPS,Introduction to Projects in Theatrical Production,1,4,2025-2026 Spring,1,PRA,30,4,Memaud125,Wednesday,3:00:00 PM,4:20:00 PM,"Mar 30, 2026","Jun 3, 2026",hs_humanities,140,intro,TAPS-140-PRA-01,True
153E,TAPS,"Culture Beyond Capital (AFRICAAM 153, ARTHIST 153A, CSRE 153)",1,5,2025-2026 Spring,1,LEC,80,1,60-109,Wednesday,11:30:00 AM,1:20:00 PM,"Mar 30, 2026","Jun 3, 2026",hs_humanities,153,intro,TAPS-153E-LEC-01,True
158W,TAPS,"Black Theater and its Relevance: The Plays of August Wilson and Lorraine Hansberry (AFRICAAM 158C, AMSTUD 158C, TAPS 358W)",4,4,2025-2026 Spring,1,SEM,18,4,Roble Gymnasium 139,"Tuesday,Thursday",1:30:00 PM,2:50:00 PM,"Mar 30, 2026","Jun 3, 2026",hs_humanities,158,intro,TAPS-158W-SEM-01,True
178C,TAPS,Dramatic Writing Workshop (TAPS 278C),1,4,2025-2026 Spring,1,PRA,10,6,Roble Gymnasium 139,Friday,12:30:00 PM,3:20:00 PM,"Mar 30, 2026","Jun 3, 2026",hs_humanities,178,intro,TAPS-178C-PRA-01,True
184C,TAPS,Dramatic Vocal Arts: Songs and Scenes Onstage (MUSIC 184C),1,2,2025-2026 Spring,1,PRA,15,1,Departmental Room,"Monday,Wednesday",6:30:00 PM,9:20:00 PM,"Mar 30, 2026","Jun 3, 2026",hs_humanities,184,intro,TAPS-184C-PRA-01,True
210,TAPS,"Righteous Rage, Healing Justice: Contemporary Black Feminisms (AFRICAAM 210, AMSTUD 210, FEMGEN 210)",3,4,2025-2026 Spring,1,LEC,18,0,360-361A,"Tuesday,Thursday",10:30:00 AM,11:50:00 AM,"Mar 30, 2026","Jun 3, 2026",hs_humanities,210,mid,TAPS-210-LEC-01,True
250T,TAPS,"Queer Indigenous Performances in the Americas (FEMGEN 250T, NATIVEAM 250T)",4,4,2025-2026 Spring,1,SEM,15,4,Roble Gymnasium 139,Tuesday,4:30:00 PM,7:20:00 PM,"Mar 30, 2026","Jun 3, 2026",hs_humanities,250,mid,TAPS-250T-SEM-01,True
258,TAPS,"Black Feminist Theater and Theory (AFRICAAM 258, AMSTUD 258B, CSRE 258, FEMGEN 258X)",4,4,2025-2026 Spring,1,SEM,20,4,Roble Gymnasium 139,Monday,1:30:00 PM,4:20:00 PM,"Mar 30, 2026","Jun 3, 2026",hs_humanities,258,mid,TAPS-258-SEM-01,True
278C,TAPS,Dramatic Writing Workshop (TAPS 178C),1,4,2025-2026 Spring,1,PRA,10,2,Roble Gymnasium 139,Friday,12:30:00 PM,3:20:00 PM,"Mar 30, 2026","Jun 3, 2026",hs_humanities,278,mid,TAPS-278C-PRA-01,True
314,TAPS,Performing Identities (FEMGEN 314),4,5,2025-2026 Spring,1,SEM,15,4,Roble Gymnasium 139,Monday,9:30:00 AM,12:20:00 PM,"Mar 30, 2026","Jun 3, 2026",hs_humanities,314,advanced,TAPS-314-SEM-01,True
323,TAPS,Advanced Performance Theory and Dance Studies,4,4,2025-2026 Spring,1,SEM,15,8,Roble Gymnasium 139,Wednesday,1:30:00 PM,4:20:00 PM,"Mar 30, 2026","Jun 3, 2026",hs_humanities,323,advanced,TAPS-323-SEM-01,True
358W,TAPS,"Black Theater and its Relevance: The Plays of August Wilson and Lorraine Hansberry (AFRICAAM 158C, AMSTUD 158C, TAPS 158W)",4,4,2025-2026 Spring,1,SEM,18,4,Roble Gymnasium 139,"Tuesday,Thursday",1:30:00 PM,2:50:00 PM,"Mar 30, 2026","Jun 3, 2026",hs_humanities,358,advanced,TAPS-358W-SEM-01,True
88SI,FILMEDIA,Bollywood and Beyond: Cinematic Visions in the Postcolony (GLOBAL 88SI),1,2,2025-2026 Spring,1,ACT,20,15,Encina Commons 123,Monday,4:30:00 PM,5:50:00 PM,"Mar 30, 2026","Jun 3, 2026",hs_humanities,88,seminar,FILMEDIA-88SI-ACT-01,True
102,FILMEDIA,Theories of the Moving Image: The Technologically Mediated Image (FILMEDIA 302),4,4,2025-2026 Spring,1,SEM,24,12,McMurtry Art Building 115,Monday,5:30:00 PM,7:20:00 PM,"Mar 30, 2026","Jun 3, 2026",hs_humanities,102,intro,FILMEDIA-102-SEM-01,True
102,FILMEDIA,Theories of the Moving Image: The Technologically Mediated Image (FILMEDIA 302),4,4,2025-2026 Spring,1,SEM,24,12,McMurtry Art Building 360,"Monday,Wednesday",11:30:00 AM,12:50:00 PM,"Mar 30, 2026","Jun 3, 2026",hs_humanities,102,intro,FILMEDIA-102-SEM-01,True
102,FILMEDIA,Theories of the Moving Image: The Technologically Mediated Image (FILMEDIA 302),4,4,2025-2026 Spring,3,DIS,18,0,Departmental Room,Thursday,2:30:00 PM,3:20:00 PM,"Mar 30, 2026","Jun 3, 2026",hs_humanities,102,intro,FILMEDIA-102-DIS-03,False
102,FILMEDIA,Theories of the Moving Image: The Technologically Mediated Image (FILMEDIA 302),4,4,2025-2026 Spring,2,DIS,18,0,Departmental Room,Thursday,1:30:00 PM,2:20:00 PM,"Mar 30, 2026","Jun 3, 2026",hs_humanities,102,intro,FILMEDIA-102-DIS-02,False
135,FILMEDIA,"Around the World in Ten Films (FILMEDIA 335, GLOBAL 135)",3,4,2025-2026 Spring,1,LEC,80,29,McMurtry Art Building Oshman,Thursday,10:30:00 AM,1:20:00 PM,"Mar 30, 2026","Jun 3, 2026",hs_humanities,135,intro,FILMEDIA-135-LEC-01,True
135,FILMEDIA,"Around the World in Ten Films (FILMEDIA 335, GLOBAL 135)",3,4,2025-2026 Spring,1,LEC,80,29,McMurtry Art Building Oshman,Wednesday,5:30:00 PM,7:20:00 PM,"Mar 30, 2026","Jun 3, 2026",hs_humanities,135,intro,FILMEDIA-135-LEC-01,True
152B,FILMEDIA,"American Families (AMSTUD 152, ENGLISH 152A)",5,5,2025-2026 Spring,1,SEM,16,3,160-314,"Tuesday,Thursday",1:30:00 PM,2:50:00 PM,"Mar 30, 2026","Jun 3, 2026",hs_humanities,152,intro,FILMEDIA-152B-SEM-01,True
193,FILMEDIA,Almodovar's Cinema (ILAC 193),3,5,2025-2026 Spring,1,SEM,24,3,50-52H,"Tuesday,Thursday",10:30:00 AM,11:50:00 AM,"Mar 30, 2026","Jun 3, 2026",hs_humanities,193,intro,FILMEDIA-193-SEM-01,True
267,FILMEDIA,"Intimacies as Method: Studying Black and Brown Relation (ARTHIST 267, ARTHIST 467, FILMEDIA 467)",4,5,2025-2026 Spring,1,SEM,14,3,McMurtry Art Building 370,Wednesday,1:30:00 PM,4:20:00 PM,"Mar 30, 2026","Jun 3, 2026",hs_humanities,267,mid,FILMEDIA-267-SEM-01,True
267,FILMEDIA,"Intimacies as Method: Studying Black and Brown Relation (ARTHIST 267, ARTHIST 467, FILMEDIA 467)",4,5,2025-2026 Spring,1,SEM,14,3,McMurtry Art Building Oshman,Monday,5:30:00 PM,7:20:00 PM,"Mar 30, 2026","Jun 3, 2026",hs_humanities,267,mid,FILMEDIA-267-SEM-01,True
290,FILMEDIA,Movies and Methods: Coming-of-Age & Youth Films (FILMEDIA 490),4,5,2025-2026 Spring,1,SEM,20,4,McMurtry Art Building 370,Thursday,1:30:00 PM,4:20:00 PM,"Mar 30, 2026","Jun 3, 2026",hs_humanities,290,mid,FILMEDIA-290-SEM-01,True
290,FILMEDIA,Movies and Methods: Coming-of-Age & Youth Films (FILMEDIA 490),4,5,2025-2026 Spring,1,SEM,20,4,McMurtry Art Building 370,Tuesday,5:30:00 PM,8:20:00 PM,"Mar 30, 2026","Jun 3, 2026",hs_humanities,290,mid,FILMEDIA-290-SEM-01,True
302,FILMEDIA,Theories of the Moving Image: The Technologically Mediated Image (FILMEDIA 102),4,4,2025-2026 Spring,1,SEM,40,4,McMurtry Art Building 115,Monday,5:30:00 PM,7:20:00 PM,"Mar 30, 2026","Jun 3, 2026",hs_humanities,302,advanced,FILMEDIA-302-SEM-01,True
302,FILMEDIA,Theories of the Moving Image: The Technologically Mediated Image (FILMEDIA 102),4,4,2025-2026 Spring,1,SEM,40,4,McMurtry Art Building 360,"Monday,Wednesday",11:30:00 AM,12:50:00 PM,"Mar 30, 2026","Jun 3, 2026",hs_humanities,302,advanced,FILMEDIA-302-SEM-01,True
302,FILMEDIA,Theories of the Moving Image: The Technologically Mediated Image (FILMEDIA 102),4,4,2025-2026 Spring,3,DIS,18,0,Departmental Room,Thursday,2:30:00 PM,3:20:00 PM,"Mar 30, 2026","Jun 3, 2026",hs_humanities,302,advanced,FILMEDIA-302-DIS-03,False
302,FILMEDIA,Theories of the Moving Image: The Technologically Mediated Image (FILMEDIA 102),4,4,2025-2026 Spring,2,DIS,18,0,Departmental Room,Thursday,1:30:00 PM,2:20:00 PM,"Mar 30, 2026","Jun 3, 2026",hs_humanities,302,advanced,FILMEDIA-302-DIS-02,False
453,FILMEDIA,"Aesthetics and Phenomenology (ARTHIST 253, ARTHIST 453, FILMEDIA 253)",3,5,2025-2026 Spring,1,SEM,15,7,McMurtry Art Building 370,Tuesday,1:30:00 PM,4:20:00 PM,"Mar 30, 2026","Jun 3, 2026",hs_humanities,453,advanced,FILMEDIA-453-SEM-01,True
467,FILMEDIA,"Intimacies as Method: Studying Black and Brown Relation (ARTHIST 267, ARTHIST 467, FILMEDIA 267)",4,5,2025-2026 Spring,1,SEM,14,4,McMurtry Art Building 370,Wednesday,1:30:00 PM,4:20:00 PM,"Mar 30, 2026","Jun 3, 2026",hs_humanities,467,advanced,FILMEDIA-467-SEM-01,True
467,FILMEDIA,"Intimacies as Method: Studying Black and Brown Relation (ARTHIST 267, ARTHIST 467, FILMEDIA 267)",4,5,2025-2026 Spring,1,SEM,14,4,McMurtry Art Building Oshman,Monday,5:30:00 PM,7:20:00 PM,"Mar 30, 2026","Jun 3, 2026",hs_humanities,467,advanced,FILMEDIA-467-SEM-01,True
490,FILMEDIA,Movies and Methods: Coming-of-Age & Youth Films (FILMEDIA 290),4,5,2025-2026 Spring,1,SEM,20,4,McMurtry Art Building 370,Thursday,1:30:00 PM,4:20:00 PM,"Mar 30, 2026","Jun 3, 2026",hs_humanities,490,advanced,FILMEDIA-490-SEM-01,True
490,FILMEDIA,Movies and Methods: Coming-of-Age & Youth Films (FILMEDIA 290),4,5,2025-2026 Spring,1,SEM,20,4,McMurtry Art Building 370,Tuesday,5:30:00 PM,8:20:00 PM,"Mar 30, 2026","Jun 3, 2026",hs_humanities,490,advanced,FILMEDIA-490-SEM-01,True
1AGA,PWR,Writing & Rhetoric 1: The Rhetoric of TV Criticism,4,4,2025-2026 Spring,2,SEM,17,17,160-129,"Tuesday,Thursday",1:30:00 PM,3:20:00 PM,"Mar 30, 2026","Jun 3, 2026",hs_humanities,1,seminar,PWR-1AGA-SEM-02,True
1AGA,PWR,Writing & Rhetoric 1: The Rhetoric of TV Criticism,4,4,2025-2026 Spring,1,SEM,17,17,160-129,"Tuesday,Thursday",11:30:00 AM,1:20:00 PM,"Mar 30, 2026","Jun 3, 2026",hs_humanities,1,seminar,PWR-1AGA-SEM-01,True
1CK,PWR,"Writing & Rhetoric 1:  Investigating the News: Journalism, Technology & the Future",4,4,2025-2026 Spring,2,SEM,17,17,160-331,"Monday,Wednesday",1:30:00 PM,3:20:00 PM,"Mar 30, 2026","Jun 3, 2026",hs_humanities,1,seminar,PWR-1CK-SEM-02,True
1CK,PWR,"Writing & Rhetoric 1:  Investigating the News: Journalism, Technology & the Future",4,4,2025-2026 Spring,1,SEM,17,17,160-331,"Monday,Wednesday",11:30:00 AM,1:20:00 PM,"Mar 30, 2026","Jun 3, 2026",hs_humanities,1,seminar,PWR-1CK-SEM-01,True
1EE,PWR,Writing & Rhetoric 1:  Prowling Toward Certainty: Exploration as Argument,4,4,2025-2026 Spring,1,SEM,17,17,160-328,"Monday,Wednesday",9:30:00 AM,11:20:00 AM,"Mar 30, 2026","Jun 3, 2026",hs_humanities,1,seminar,PWR-1EE-SEM-01,True
1EE,PWR,Writing & Rhetoric 1:  Prowling Toward Certainty: Exploration as Argument,4,4,2025-2026 Spring,2,SEM,17,17,160-328,"Monday,Wednesday",11:30:00 AM,1:20:00 PM,"Mar 30, 2026","Jun 3, 2026",hs_humanities,1,seminar,PWR-1EE-SEM-02,True
1EPA,PWR,Writing & Rhetoric 1: Trash Talk: Writing from the Bin to the Biosphere,4,4,2025-2026 Spring,1,SEM,17,17,160-123,"Monday,Wednesday",3:30:00 PM,5:20:00 PM,"Mar 30, 2026","Jun 3, 2026",hs_humanities,1,seminar,PWR-1EPA-SEM-01,True
1HK,PWR,Writing & Rhetoric 1: Food Values: The Rhetoric of What and How We Eat,4,4,2025-2026 Spring,2,SEM,17,17,200-013,"Tuesday,Thursday",11:30:00 AM,1:20:00 PM,"Mar 30, 2026","Jun 3, 2026",hs_humanities,1,seminar,PWR-1HK-SEM-02,True
1HK,PWR,Writing & Rhetoric 1: Food Values: The Rhetoric of What and How We Eat,4,4,2025-2026 Spring,1,SEM,17,17,200-013,"Tuesday,Thursday",9:30:00 AM,11:20:00 AM,"Mar 30, 2026","Jun 3, 2026",hs_humanities,1,seminar,PWR-1HK-SEM-01,True
1HT,PWR,"Writing & Rhetoric 1: What Are You, Anyway? The Rhetorics of Ethnic and Racial Identity",4,4,2025-2026 Spring,1,SEM,17,15,160-123,"Tuesday,Thursday",11:30:00 AM,1:20:00 PM,"Mar 30, 2026","Jun 3, 2026",hs_humanities,1,seminar,PWR-1HT-SEM-01,True
1JSA,PWR,Writing & Rhetoric 1: The Rhetoric of Plants,4,4,2025-2026 Spring,2,SEM,17,16,160-125,"Monday,Wednesday",11:30:00 AM,1:20:00 PM,"Mar 30, 2026","Jun 3, 2026",hs_humanities,1,seminar,PWR-1JSA-SEM-02,True
1JSA,PWR,Writing & Rhetoric 1: The Rhetoric of Plants,4,4,2025-2026 Spring,1,SEM,17,16,160-125,"Monday,Wednesday",9:30:00 AM,11:20:00 AM,"Mar 30, 2026","Jun 3, 2026",hs_humanities,1,seminar,PWR-1JSA-SEM-01,True
1KDA,PWR,"Writing & Rhetoric 1:  Digital Stories: Great Reads, Podcasts, and Instagram",4,4,2025-2026 Spring,1,SEM,17,16,160-123,"Tuesday,Thursday",9:30:00 AM,11:20:00 AM,"Mar 30, 2026","Jun 3, 2026",hs_humanities,1,seminar,PWR-1KDA-SEM-01,True
1KDA,PWR,"Writing & Rhetoric 1:  Digital Stories: Great Reads, Podcasts, and Instagram",4,4,2025-2026 Spring,2,SEM,17,15,250-108,"Tuesday,Thursday",1:30:00 PM,3:20:00 PM,"Mar 30, 2026","Jun 3, 2026",hs_humanities,1,seminar,PWR-1KDA-SEM-02,True
1KSC,PWR,"Writing & Rhetoric 1: Health, Well-Being and the Arts",4,4,2025-2026 Spring,2,SEM,17,17,160-123,"Tuesday,Thursday",3:30:00 PM,5:20:00 PM,"Mar 30, 2026","Jun 3, 2026",hs_humanities,1,seminar,PWR-1KSC-SEM-02,True
1KSC,PWR,"Writing & Rhetoric 1: Health, Well-Being and the Arts",4,4,2025-2026 Spring,1,SEM,17,17,160-123,"Tuesday,Thursday",1:30:00 PM,3:20:00 PM,"Mar 30, 2026","Jun 3, 2026",hs_humanities,1,seminar,PWR-1KSC-SEM-01,True
1LS,PWR,Writing & Rhetoric 1: Beyond the Achievement Gap: Writing about Education,4,4,2025-2026 Spring,2,SEM,17,17,160-329,"Tuesday,Thursday",11:30:00 AM,1:20:00 PM,"Mar 30, 2026","Jun 3, 2026",hs_humanities,1,seminar,PWR-1LS-SEM-02,True
1LS,PWR,Writing & Rhetoric 1: Beyond the Achievement Gap: Writing about Education,4,4,2025-2026 Spring,1,SEM,17,17,160-329,"Tuesday,Thursday",9:30:00 AM,11:20:00 AM,"Mar 30, 2026","Jun 3, 2026",hs_humanities,1,seminar,PWR-1LS-SEM-01,True
1MA,PWR,Writing & Rhetoric 1: The Power of Words: Rhetoric of Social and Technological Changes,4,4,2025-2026 Spring,1,SEM,17,17,160-332,"Monday,Wednesday",9:30:00 AM,11:20:00 AM,"Mar 30, 2026","Jun 3, 2026",hs_humanities,1,seminar,PWR-1MA-SEM-01,True
1MA,PWR,Writing & Rhetoric 1: The Power of Words: Rhetoric of Social and Technological Changes,4,4,2025-2026 Spring,2,SEM,17,16,160-332,"Monday,Wednesday",11:30:00 AM,1:20:00 PM,"Mar 30, 2026","Jun 3, 2026",hs_humanities,1,seminar,PWR-1MA-SEM-02,True
1MGE,PWR,Writing & Rhetoric 1: Numbers and Metrics: Rhetoric of Calculation and Quantification,4,4,2025-2026 Spring,1,SEM,17,17,250-201,"Monday,Wednesday",9:30:00 AM,11:20:00 AM,"Mar 30, 2026","Jun 3, 2026",hs_humanities,1,seminar,PWR-1MGE-SEM-01,True
1MGE,PWR,Writing & Rhetoric 1: Numbers and Metrics: Rhetoric of Calculation and Quantification,4,4,2025-2026 Spring,2,SEM,17,17,160-329,"Monday,Wednesday",1:30:00 PM,3:20:00 PM,"Mar 30, 2026","Jun 3, 2026",hs_humanities,1,seminar,PWR-1MGE-SEM-02,True
1MO,PWR,Writing & Rhetoric 1: Imagining Technology: The Rhetoric of Humans and Machines,4,4,2025-2026 Spring,2,SEM,17,17,160-123,"Monday,Wednesday",1:30:00 PM,3:20:00 PM,"Mar 30, 2026","Jun 3, 2026",hs_humanities,1,seminar,PWR-1MO-SEM-02,True
1MO,PWR,Writing & Rhetoric 1: Imagining Technology: The Rhetoric of Humans and Machines,4,4,2025-2026 Spring,1,SEM,17,17,160-125,"Tuesday,Thursday",9:30:00 AM,11:20:00 AM,"Mar 30, 2026","Jun 3, 2026",hs_humanities,1,seminar,PWR-1MO-SEM-01,True
1NCA,PWR,"Writing & Rhetoric 1: California, Dream or Mirage?: Writing about the Golden State",4,4,2025-2026 Spring,1,SEM,17,17,160-319,"Tuesday,Thursday",9:30:00 AM,11:20:00 AM,"Mar 30, 2026","Jun 3, 2026",hs_humanities,1,seminar,PWR-1NCA-SEM-01,True
1NCA,PWR,"Writing & Rhetoric 1: California, Dream or Mirage?: Writing about the Golden State",4,4,2025-2026 Spring,2,SEM,17,16,160-319,"Tuesday,Thursday",11:30:00 AM,1:20:00 PM,"Mar 30, 2026","Jun 3, 2026",hs_humanities,1,seminar,PWR-1NCA-SEM-02,True
1NFA,PWR,Writing & Rhetoric 1: From Paper to GenAI: Exploring Changes in Research and Cognition,4,4,2025-2026 Spring,1,SEM,17,17,160-331,"Tuesday,Thursday",9:30:00 AM,11:20:00 AM,"Mar 30, 2026","Jun 3, 2026",hs_humanities,1,seminar,PWR-1NFA-SEM-01,True
1NFA,PWR,Writing & Rhetoric 1: From Paper to GenAI: Exploring Changes in Research and Cognition,4,4,2025-2026 Spring,2,SEM,17,16,160-331,"Tuesday,Thursday",11:30:00 AM,1:20:00 PM,"Mar 30, 2026","Jun 3, 2026",hs_humanities,1,seminar,PWR-1NFA-SEM-02,True
1SBB,PWR,Writing & Rhetoric 1: The Rhetoric of Robots and Artificial Intelligence,4,4,2025-2026 Spring,1,SEM,17,16,160-120,"Tuesday,Thursday",3:30:00 PM,5:20:00 PM,"Mar 30, 2026","Jun 3, 2026",hs_humanities,1,seminar,PWR-1SBB-SEM-01,True
1SNB,PWR,Writing & Rhetoric 1: The Rhetoric of Wellness: Social Context of Mental & Physical Health,4,4,2025-2026 Spring,1,SEM,17,14,160-123,"Monday,Wednesday",5:30:00 PM,7:20:00 PM,"Mar 30, 2026","Jun 3, 2026",hs_humanities,1,seminar,PWR-1SNB-SEM-01,True
1SNB,PWR,Writing & Rhetoric 1: The Rhetoric of Wellness: Social Context of Mental & Physical Health,4,4,2025-2026 Spring,2,SEM,17,15,160-123,"Monday,Wednesday",7:30:00 PM,9:20:00 PM,"Mar 30, 2026","Jun 3, 2026",hs_humanities,1,seminar,PWR-1SNB-SEM-02,True
1SO,PWR,"Writing & Rhetoric 1: The Rhetoric of Place, Space, and Identity",4,4,2025-2026 Spring,2,SEM,17,17,160-331,"Tuesday,Thursday",3:30:00 PM,5:20:00 PM,"Mar 30, 2026","Jun 3, 2026",hs_humanities,1,seminar,PWR-1SO-SEM-02,True
1SO,PWR,"Writing & Rhetoric 1: The Rhetoric of Place, Space, and Identity",4,4,2025-2026 Spring,1,SEM,17,16,160-331,"Tuesday,Thursday",1:30:00 PM,3:20:00 PM,"Mar 30, 2026","Jun 3, 2026",hs_humanities,1,seminar,PWR-1SO-SEM-01,True
1ST,PWR,Writing & Rhetoric 1:  The Rhetoric of Biomedical Ethics,4,4,2025-2026 Spring,2,SEM,17,15,160-330,"Monday,Wednesday",11:30:00 AM,1:20:00 PM,"Mar 30, 2026","Jun 3, 2026",hs_humanities,1,seminar,PWR-1ST-SEM-02,True
1ST,PWR,Writing & Rhetoric 1:  The Rhetoric of Biomedical Ethics,4,4,2025-2026 Spring,1,SEM,17,16,160-330,"Monday,Wednesday",9:30:00 AM,11:20:00 AM,"Mar 30, 2026","Jun 3, 2026",hs_humanities,1,seminar,PWR-1ST-SEM-01,True
1TD,PWR,"Writing & Rhetoric 1: Anatomy of a Discipline: Rhetorics of Health, Illness, and Medicine",4,4,2025-2026 Spring,1,SEM,17,16,160-328,"Monday,Wednesday",1:30:00 PM,3:20:00 PM,"Mar 30, 2026","Jun 3, 2026",hs_humanities,1,seminar,PWR-1TD-SEM-01,True
1TD,PWR,"Writing & Rhetoric 1: Anatomy of a Discipline: Rhetorics of Health, Illness, and Medicine",4,4,2025-2026 Spring,2,SEM,17,16,160-331,"Monday,Wednesday",3:30:00 PM,5:20:00 PM,"Mar 30, 2026","Jun 3, 2026",hs_humanities,1,seminar,PWR-1TD-SEM-02,True
1VKA,PWR,"Writing & Rhetoric 1: Memoir, Autobiography, and Autofiction: the Rhetoric of Self-Representation",4,4,2025-2026 Spring,1,SEM,17,16,160-125,"Tuesday,Thursday",11:30:00 AM,1:20:00 PM,"Mar 30, 2026","Jun 3, 2026",hs_humanities,1,seminar,PWR-1VKA-SEM-01,True
1WW,PWR,PWR 1 Workshop,1,1,2025-2026 Spring,1,SEM,12,6,250-108,Wednesday,4:00:00 PM,5:20:00 PM,"Mar 30, 2026","Jun 3, 2026",hs_humanities,1,seminar,PWR-1WW-SEM-01,True
2AH,PWR,Writing & Rhetoric 2:  Ethnic Narratives and the Rhetoric of American Identity,4,4,2025-2026 Spring,1,SEM,17,15,160-317,"Tuesday,Thursday",9:30:00 AM,11:20:00 AM,"Mar 30, 2026","Jun 3, 2026",hs_humanities,2,seminar,PWR-2AH-SEM-01,True
2AH,PWR,Writing & Rhetoric 2:  Ethnic Narratives and the Rhetoric of American Identity,4,4,2025-2026 Spring,2,SEM,17,10,160-317,"Tuesday,Thursday",11:30:00 AM,1:20:00 PM,"Mar 30, 2026","Jun 3, 2026",hs_humanities,2,seminar,PWR-2AH-SEM-02,True
2BRC,PWR,"Writing & Rhetoric 2: Re-Make It Anew: The Rhetoric of Adapting, Rebooting, and Remaking",4,4,2025-2026 Spring,2,SEM,17,17,160-125,"Monday,Wednesday",3:30:00 PM,5:20:00 PM,"Mar 30, 2026","Jun 3, 2026",hs_humanities,2,seminar,PWR-2BRC-SEM-02,True
2BRC,PWR,"Writing & Rhetoric 2: Re-Make It Anew: The Rhetoric of Adapting, Rebooting, and Remaking",4,4,2025-2026 Spring,1,SEM,17,16,160-125,"Monday,Wednesday",1:30:00 PM,3:20:00 PM,"Mar 30, 2026","Jun 3, 2026",hs_humanities,2,seminar,PWR-2BRC-SEM-01,True
2CWC,PWR,Writing & Rhetoric 2: Digital Gurus: Influencer Culture Rhetoric & Ramifications,4,4,2025-2026 Spring,1,SEM,17,17,160-315,"Tuesday,Thursday",9:30:00 AM,11:20:00 AM,"Mar 30, 2026","Jun 3, 2026",hs_humanities,2,seminar,PWR-2CWC-SEM-01,True
2CWC,PWR,Writing & Rhetoric 2: Digital Gurus: Influencer Culture Rhetoric & Ramifications,4,4,2025-2026 Spring,2,SEM,17,16,160-315,"Tuesday,Thursday",11:30:00 AM,1:20:00 PM,"Mar 30, 2026","Jun 3, 2026",hs_humanities,2,seminar,PWR-2CWC-SEM-02,True
2EI,PWR,"Writing & Rhetoric 2: Knock Off: Rhetorics of Copying, Memeing, Modding and Piracy",4,4,2025-2026 Spring,2,SEM,17,16,160-330,"Tuesday,Thursday",11:30:00 AM,1:20:00 PM,"Mar 30, 2026","Jun 3, 2026",hs_humanities,2,seminar,PWR-2EI-SEM-02,True
2EI,PWR,"Writing & Rhetoric 2: Knock Off: Rhetorics of Copying, Memeing, Modding and Piracy",4,4,2025-2026 Spring,1,SEM,17,15,160-330,"Tuesday,Thursday",9:30:00 AM,11:20:00 AM,"Mar 30, 2026","Jun 3, 2026",hs_humanities,2,seminar,PWR-2EI-SEM-01,True
2GMJ,PWR,"Writing & Rhetoric 2: Why Write, Still",4,4,2025-2026 Spring,2,SEM,17,16,160-317,"Monday,Wednesday",11:30:00 AM,1:20:00 PM,"Mar 30, 2026","Jun 3, 2026",hs_humanities,2,seminar,PWR-2GMJ-SEM-02,True
2GMJ,PWR,"Writing & Rhetoric 2: Why Write, Still",4,4,2025-2026 Spring,1,SEM,17,16,160-317,"Monday,Wednesday",9:30:00 AM,11:20:00 AM,"Mar 30, 2026","Jun 3, 2026",hs_humanities,2,seminar,PWR-2GMJ-SEM-01,True
2IY,PWR,"Writing & Rhetoric 2: Many Faces of Sherlock: Race, Gender, Power, and the Rhetoric of the Detective",4,4,2025-2026 Spring,2,SEM,17,17,160-328,"Tuesday,Thursday",1:30:00 PM,3:20:00 PM,"Mar 30, 2026","Jun 3, 2026",hs_humanities,2,seminar,PWR-2IY-SEM-02,True
2IY,PWR,"Writing & Rhetoric 2: Many Faces of Sherlock: Race, Gender, Power, and the Rhetoric of the Detective",4,4,2025-2026 Spring,1,SEM,17,17,160-328,"Tuesday,Thursday",11:30:00 AM,1:20:00 PM,"Mar 30, 2026","Jun 3, 2026",hs_humanities,2,seminar,PWR-2IY-SEM-01,True
2JJA,PWR,"Writing & Rhetoric 2: Language, Culture and Belonging Across Generations",4,4,2025-2026 Spring,2,SEM,17,17,250-108,"Tuesday,Thursday",11:30:00 AM,1:20:00 PM,"Mar 30, 2026","Jun 3, 2026",hs_humanities,2,seminar,PWR-2JJA-SEM-02,True
2JJA,PWR,"Writing & Rhetoric 2: Language, Culture and Belonging Across Generations",4,4,2025-2026 Spring,1,SEM,17,16,250-108,"Tuesday,Thursday",9:30:00 AM,11:20:00 AM,"Mar 30, 2026","Jun 3, 2026",hs_humanities,2,seminar,PWR-2JJA-SEM-01,True
2KAA,PWR,Writing & Rhetoric 2: Sitcoms to Stand Up: Writing About Comedy and Resistance,4,4,2025-2026 Spring,2,SEM,17,16,250-108,"Monday,Wednesday",11:30:00 AM,1:20:00 PM,"Mar 30, 2026","Jun 3, 2026",hs_humanities,2,seminar,PWR-2KAA-SEM-02,True
2KAA,PWR,Writing & Rhetoric 2: Sitcoms to Stand Up: Writing About Comedy and Resistance,4,4,2025-2026 Spring,1,SEM,17,17,250-108,"Monday,Wednesday",9:30:00 AM,11:20:00 AM,"Mar 30, 2026","Jun 3, 2026",hs_humanities,2,seminar,PWR-2KAA-SEM-01,True
2KTA,PWR,Writing & Rhetoric 2: A Rebel With A Cause: The Rhetoric of Giving a Damn,4,4,2025-2026 Spring,1,SEM,17,12,160-125,"Tuesday,Thursday",1:30:00 PM,3:20:00 PM,"Mar 30, 2026","Jun 3, 2026",hs_humanities,2,seminar,PWR-2KTA-SEM-01,True
2KTA,PWR,Writing & Rhetoric 2: A Rebel With A Cause: The Rhetoric of Giving a Damn,4,4,2025-2026 Spring,2,SEM,17,12,160-125,"Tuesday,Thursday",3:30:00 PM,5:20:00 PM,"Mar 30, 2026","Jun 3, 2026",hs_humanities,2,seminar,PWR-2KTA-SEM-02,True
2LFA,PWR,Writing & Rhetoric 2: The Rhetoric of Nonverbal Communication,4,4,2025-2026 Spring,2,SEM,17,16,160-332,"Tuesday,Thursday",1:30:00 PM,3:20:00 PM,"Mar 30, 2026","Jun 3, 2026",hs_humanities,2,seminar,PWR-2LFA-SEM-02,True
2LFA,PWR,Writing & Rhetoric 2: The Rhetoric of Nonverbal Communication,4,4,2025-2026 Spring,1,SEM,17,16,160-332,"Tuesday,Thursday",11:30:00 AM,1:20:00 PM,"Mar 30, 2026","Jun 3, 2026",hs_humanities,2,seminar,PWR-2LFA-SEM-01,True
2NK,PWR,Writing & Rhetoric 2: Speaking and Writing for a Better World,4,4,2025-2026 Spring,1,SEM,17,17,160-331,"Monday,Wednesday",9:30:00 AM,11:20:00 AM,"Mar 30, 2026","Jun 3, 2026",hs_humanities,2,seminar,PWR-2NK-SEM-01,True
2NK,PWR,Writing & Rhetoric 2: Speaking and Writing for a Better World,4,4,2025-2026 Spring,2,SEM,17,16,160-332,"Monday,Wednesday",1:30:00 PM,3:20:00 PM,"Mar 30, 2026","Jun 3, 2026",hs_humanities,2,seminar,PWR-2NK-SEM-02,True
2PT,PWR,Writing & Rhetoric 2: The Rhetoric of Bearing Witness,4,4,2025-2026 Spring,1,SEM,17,17,160-329,"Monday,Wednesday",9:30:00 AM,11:20:00 AM,"Mar 30, 2026","Jun 3, 2026",hs_humanities,2,seminar,PWR-2PT-SEM-01,True
2PT,PWR,Writing & Rhetoric 2: The Rhetoric of Bearing Witness,4,4,2025-2026 Spring,2,SEM,17,16,160-329,"Monday,Wednesday",11:30:00 AM,1:20:00 PM,"Mar 30, 2026","Jun 3, 2026",hs_humanities,2,seminar,PWR-2PT-SEM-02,True
2RE,PWR,Writing & Rhetoric 2: The Rhetoric of Good Taste,4,4,2025-2026 Spring,2,SEM,17,17,160-123,"Monday,Wednesday",11:30:00 AM,1:20:00 PM,"Mar 30, 2026","Jun 3, 2026",hs_humanities,2,seminar,PWR-2RE-SEM-02,True
2RE,PWR,Writing & Rhetoric 2: The Rhetoric of Good Taste,4,4,2025-2026 Spring,1,SEM,17,16,160-123,"Monday,Wednesday",9:30:00 AM,11:20:00 AM,"Mar 30, 2026","Jun 3, 2026",hs_humanities,2,seminar,PWR-2RE-SEM-01,True
2RL,PWR,Writing & Rhetoric 2: The Rhetoric of the Natural,4,4,2025-2026 Spring,1,SEM,17,17,160-330,"Monday,Wednesday",1:30:00 PM,3:20:00 PM,"Mar 30, 2026","Jun 3, 2026",hs_humanities,2,seminar,PWR-2RL-SEM-01,True
2RW,PWR,Writing & Rhetoric 2: Not Part but Whole: Writing Mixed Race Identity,4,4,2025-2026 Spring,2,SEM,17,13,250-201,"Monday,Wednesday",1:30:00 PM,3:20:00 PM,"Mar 30, 2026","Jun 3, 2026",hs_humanities,2,seminar,PWR-2RW-SEM-02,True
2RW,PWR,Writing & Rhetoric 2: Not Part but Whole: Writing Mixed Race Identity,4,4,2025-2026 Spring,1,SEM,17,16,250-201,"Monday,Wednesday",11:30:00 AM,1:20:00 PM,"Mar 30, 2026","Jun 3, 2026",hs_humanities,2,seminar,PWR-2RW-SEM-01,True
2SM,PWR,Writing & Rhetoric 2: Dirty Pretty Things: The Rhetoric of Objects and Objectification,4,4,2025-2026 Spring,2,SEM,17,17,250-201,"Tuesday,Thursday",11:30:00 AM,1:20:00 PM,"Mar 30, 2026","Jun 3, 2026",hs_humanities,2,seminar,PWR-2SM-SEM-02,True
2SM,PWR,Writing & Rhetoric 2: Dirty Pretty Things: The Rhetoric of Objects and Objectification,4,4,2025-2026 Spring,1,SEM,17,17,250-201,"Tuesday,Thursday",9:30:00 AM,11:20:00 AM,"Mar 30, 2026","Jun 3, 2026",hs_humanities,2,seminar,PWR-2SM-SEM-01,True
91KR,PWR,Scientific Opinion Writing,3,3,2025-2026 Spring,1,SEM,15,13,160-325,"Tuesday,Thursday",1:30:00 PM,2:50:00 PM,"Mar 30, 2026","Jun 3, 2026",hs_humanities,91,seminar,PWR-91KR-SEM-01,True
99ANCR,PWR,NCR Portfolio Preparation I,1,1,2025-2026 Spring,1,PRA,16,7,250-108,Tuesday,3:30:00 PM,4:20:00 PM,"Mar 30, 2026","Jun 3, 2026",hs_humanities,99,seminar,PWR-99ANCR-PRA-01,True
99ANSC,PWR,NSC Portfolio Preparation I,1,1,2025-2026 Spring,1,PRA,18,8,250-201,Tuesday,3:30:00 PM,4:20:00 PM,"Mar 30, 2026","Jun 3, 2026",hs_humanities,99,seminar,PWR-99ANSC-PRA-01,True
195,PWR,Writing Center Peer Tutor Seminar (PWR 295),2,3,2025-2026 Spring,1,SEM,40,14,Lathrop 014,Friday,9:30:00 AM,11:20:00 AM,"Mar 30, 2026","Jun 3, 2026",hs_humanities,195,intro,PWR-195-SEM-01,True
295,PWR,Writing Center Peer Tutor Seminar (PWR 195),2,3,2025-2026 Spring,1,SEM,15,10,Lathrop 014,Friday,9:30:00 AM,11:20:00 AM,"Mar 30, 2026","Jun 3, 2026",hs_humanities,295,mid,PWR-295-SEM-01,True
2,HUMSCI,Dangerous Ideas,1,1,2025-2026 Spring,1,SEM,56,33,200-303,Wednesday,4:30:00 PM,5:50:00 PM,"Mar 30, 2026","Jun 3, 2026",hs_social,2,seminar,HUMSCI-2-SEM-01,True
106,COLLEGE,Environmental Sustainability: Global Predicaments and Possible Solutions,4,4,2025-2026 Spring,6,DIS,17,14,Lathrop 290,"Tuesday,Thursday",2:30:00 PM,3:20:00 PM,"Mar 30, 2026","Jun 3, 2026",hs_humanities,106,intro,COLLEGE-106-DIS-06,False
106,COLLEGE,Environmental Sustainability: Global Predicaments and Possible Solutions,4,4,2025-2026 Spring,4,DIS,17,16,Lathrop 290,"Wednesday,Friday",11:30:00 AM,12:20:00 PM,"Mar 30, 2026","Jun 3, 2026",hs_humanities,106,intro,COLLEGE-106-DIS-04,False
106,COLLEGE,Environmental Sustainability: Global Predicaments and Possible Solutions,4,4,2025-2026 Spring,2,DIS,17,17,160-318,"Tuesday,Thursday",12:00:00 PM,12:50:00 PM,"Mar 30, 2026","Jun 3, 2026",hs_humanities,106,intro,COLLEGE-106-DIS-02,False
106,COLLEGE,Environmental Sustainability: Global Predicaments and Possible Solutions,4,4,2025-2026 Spring,3,DIS,17,14,160-318,"Tuesday,Thursday",1:30:00 PM,2:20:00 PM,"Mar 30, 2026","Jun 3, 2026",hs_humanities,106,intro,COLLEGE-106-DIS-03,False
106,COLLEGE,Environmental Sustainability: Global Predicaments and Possible Solutions,4,4,2025-2026 Spring,1,LEC,90,74,420-041,"Tuesday,Thursday",10:30:00 AM,11:20:00 AM,"Mar 30, 2026","Jun 3, 2026",hs_humanities,106,intro,COLLEGE-106-LEC-01,True
106,COLLEGE,Environmental Sustainability: Global Predicaments and Possible Solutions,4,4,2025-2026 Spring,5,DIS,17,13,Lathrop 290,"Tuesday,Thursday",1:30:00 PM,2:20:00 PM,"Mar 30, 2026","Jun 3, 2026",hs_humanities,106,intro,COLLEGE-106-DIS-05,False
107,COLLEGE,Preventing Human Extinction,4,4,2025-2026 Spring,2,DIS,17,17,160-317,"Monday,Wednesday",4:30:00 PM,5:20:00 PM,"Mar 30, 2026","Jun 3, 2026",hs_humanities,107,intro,COLLEGE-107-DIS-02,False
107,COLLEGE,Preventing Human Extinction,4,4,2025-2026 Spring,3,DIS,17,14,160-317,"Monday,Wednesday",5:30:00 PM,6:20:00 PM,"Mar 30, 2026","Jun 3, 2026",hs_humanities,107,intro,COLLEGE-107-DIS-03,False
107,COLLEGE,Preventing Human Extinction,4,4,2025-2026 Spring,1,LEC,75,61,380-380C,"Monday,Wednesday",2:30:00 PM,3:20:00 PM,"Mar 30, 2026","Jun 3, 2026",hs_humanities,107,intro,COLLEGE-107-LEC-01,True
107,COLLEGE,Preventing Human Extinction,4,4,2025-2026 Spring,5,DIS,17,17,Lathrop 298,"Tuesday,Thursday",11:30:00 AM,12:20:00 PM,"Mar 30, 2026","Jun 3, 2026",hs_humanities,107,intro,COLLEGE-107-DIS-05,False
107,COLLEGE,Preventing Human Extinction,4,4,2025-2026 Spring,4,DIS,17,13,Lathrop 298,"Tuesday,Thursday",10:30:00 AM,11:20:00 AM,"Mar 30, 2026","Jun 3, 2026",hs_humanities,107,intro,COLLEGE-107-DIS-04,False
110,COLLEGE,The Spirit of Democracy,4,4,2025-2026 Spring,5,DIS,17,7,Lathrop 298,"Monday,Wednesday",1:30:00 PM,2:20:00 PM,"Mar 30, 2026","Jun 3, 2026",hs_humanities,110,intro,COLLEGE-110-DIS-05,False
110,COLLEGE,The Spirit of Democracy,4,4,2025-2026 Spring,2,DIS,17,16,160-328,"Tuesday,Thursday",4:30:00 PM,5:20:00 PM,"Mar 30, 2026","Jun 3, 2026",hs_humanities,110,intro,COLLEGE-110-DIS-02,False
110,COLLEGE,The Spirit of Democracy,4,4,2025-2026 Spring,3,DIS,17,0,,,,,,,hs_humanities,110,intro,COLLEGE-110-DIS-03,False
110,COLLEGE,The Spirit of Democracy,4,4,2025-2026 Spring,1,LEC,75,37,370-370,"Monday,Wednesday",10:30:00 AM,11:20:00 AM,"Mar 30, 2026","Jun 3, 2026",hs_humanities,110,intro,COLLEGE-110-LEC-01,True
110,COLLEGE,The Spirit of Democracy,4,4,2025-2026 Spring,4,DIS,17,14,Lathrop 298,"Monday,Wednesday",12:30:00 PM,1:20:00 PM,"Mar 30, 2026","Jun 3, 2026",hs_humanities,110,intro,COLLEGE-110-DIS-04,False
112,COLLEGE,Living with Viruses,4,4,2025-2026 Spring,2,DIS,17,0,,,,,,,hs_humanities,112,intro,COLLEGE-112-DIS-02,False
112,COLLEGE,Living with Viruses,4,4,2025-2026 Spring,4,DIS,17,17,100-101K,"Tuesday,Thursday",12:00:00 PM,12:50:00 PM,"Mar 30, 2026","Jun 3, 2026",hs_humanities,112,intro,COLLEGE-112-DIS-04,False
112,COLLEGE,Living with Viruses,4,4,2025-2026 Spring,6,DIS,17,17,50-52H,"Tuesday,Thursday",12:30:00 PM,1:20:00 PM,"Mar 30, 2026","Jun 3, 2026",hs_humanities,112,intro,COLLEGE-112-DIS-06,False
112,COLLEGE,Living with Viruses,4,4,2025-2026 Spring,5,DIS,17,16,Encina Center 464,"Tuesday,Thursday",1:30:00 PM,2:20:00 PM,"Mar 30, 2026","Jun 3, 2026",hs_humanities,112,intro,COLLEGE-112-DIS-05,False
112,COLLEGE,Living with Viruses,4,4,2025-2026 Spring,3,DIS,17,16,540-103,"Wednesday,Friday",10:30:00 AM,11:20:00 AM,"Mar 30, 2026","Jun 3, 2026",hs_humanities,112,intro,COLLEGE-112-DIS-03,False
112,COLLEGE,Living with Viruses,4,4,2025-2026 Spring,1,LEC,60,66,530-127,"Tuesday,Thursday",9:30:00 AM,10:20:00 AM,"Mar 30, 2026","Jun 3, 2026",hs_humanities,112,intro,COLLEGE-112-LEC-01,True
113,COLLEGE,"Utopia, Dystopia, and Technology in Science Fiction",3,3,2025-2026 Spring,6,SEM,17,17,160-319,"Tuesday,Thursday",1:30:00 PM,2:50:00 PM,"Mar 30, 2026","Jun 3, 2026",hs_humanities,113,intro,COLLEGE-113-SEM-06,True
113,COLLEGE,"Utopia, Dystopia, and Technology in Science Fiction",3,3,2025-2026 Spring,5,SEM,17,17,200-105,"Monday,Wednesday",1:30:00 PM,2:50:00 PM,"Mar 30, 2026","Jun 3, 2026",hs_humanities,113,intro,COLLEGE-113-SEM-05,True
113,COLLEGE,"Utopia, Dystopia, and Technology in Science Fiction",3,3,2025-2026 Spring,8,SEM,17,17,Green Earth Sciences131,"Tuesday,Thursday",3:00:00 PM,4:20:00 PM,"Mar 30, 2026","Jun 3, 2026",hs_humanities,113,intro,COLLEGE-113-SEM-08,True
113,COLLEGE,"Utopia, Dystopia, and Technology in Science Fiction",3,3,2025-2026 Spring,3,SEM,17,17,Departmental Room,"Tuesday,Thursday",1:30:00 PM,2:50:00 PM,"Mar 30, 2026","Jun 3, 2026",hs_humanities,113,intro,COLLEGE-113-SEM-03,True
113,COLLEGE,"Utopia, Dystopia, and Technology in Science Fiction",3,3,2025-2026 Spring,1,SEM,17,17,Littlefield 104,"Tuesday,Thursday",12:00:00 PM,1:20:00 PM,"Mar 30, 2026","Jun 3, 2026",hs_humanities,113,intro,COLLEGE-113-SEM-01,True
113,COLLEGE,"Utopia, Dystopia, and Technology in Science Fiction",3,3,2025-2026 Spring,10,SEM,17,17,160-317,"Monday,Wednesday",1:30:00 PM,2:50:00 PM,"Mar 30, 2026","Jun 3, 2026",hs_humanities,113,intro,COLLEGE-113-SEM-10,True
113,COLLEGE,"Utopia, Dystopia, and Technology in Science Fiction",3,3,2025-2026 Spring,7,SEM,17,17,Green Earth Sciences131,"Tuesday,Thursday",1:30:00 PM,2:50:00 PM,"Mar 30, 2026","Jun 3, 2026",hs_humanities,113,intro,COLLEGE-113-SEM-07,True
113,COLLEGE,"Utopia, Dystopia, and Technology in Science Fiction",3,3,2025-2026 Spring,2,SEM,17,17,Departmental Room,"Wednesday,Friday",11:30:00 AM,12:50:00 PM,"Mar 30, 2026","Jun 3, 2026",hs_humanities,113,intro,COLLEGE-113-SEM-02,True
113,COLLEGE,"Utopia, Dystopia, and Technology in Science Fiction",3,3,2025-2026 Spring,4,SEM,17,16,Departmental Room,"Tuesday,Thursday",3:00:00 PM,4:20:00 PM,"Mar 30, 2026","Jun 3, 2026",hs_humanities,113,intro,COLLEGE-113-SEM-04,True
113,COLLEGE,"Utopia, Dystopia, and Technology in Science Fiction",3,3,2025-2026 Spring,9,SEM,17,0,,,,,,,hs_humanities,113,intro,COLLEGE-113-SEM-09,True
117,COLLEGE,Just Biotech: Who Benefits and Who Is Left Behind in Global Biotechnologies,4,4,2025-2026 Spring,4,DIS,17,15,Thornton 210,"Monday,Wednesday",1:30:00 PM,2:20:00 PM,"Mar 30, 2026","Jun 3, 2026",hs_humanities,117,intro,COLLEGE-117-DIS-04,False
117,COLLEGE,Just Biotech: Who Benefits and Who Is Left Behind in Global Biotechnologies,4,4,2025-2026 Spring,1,LEC,75,57,380-380X,"Monday,Wednesday",11:30:00 AM,12:20:00 PM,"Mar 30, 2026","Jun 3, 2026",hs_humanities,117,intro,COLLEGE-117-LEC-01,True
117,COLLEGE,Just Biotech: Who Benefits and Who Is Left Behind in Global Biotechnologies,4,4,2025-2026 Spring,5,DIS,17,9,Thornton 210,"Monday,Wednesday",2:30:00 PM,3:20:00 PM,"Mar 30, 2026","Jun 3, 2026",hs_humanities,117,intro,COLLEGE-117-DIS-05,False
117,COLLEGE,Just Biotech: Who Benefits and Who Is Left Behind in Global Biotechnologies,4,4,2025-2026 Spring,2,DIS,17,17,Encina West 101,"Tuesday,Thursday",12:00:00 PM,12:50:00 PM,"Mar 30, 2026","Jun 3, 2026",hs_humanities,117,intro,COLLEGE-117-DIS-02,False
117,COLLEGE,Just Biotech: Who Benefits and Who Is Left Behind in Global Biotechnologies,4,4,2025-2026 Spring,3,DIS,17,16,Encina West 101,"Tuesday,Thursday",1:30:00 PM,2:20:00 PM,"Mar 30, 2026","Jun 3, 2026",hs_humanities,117,intro,COLLEGE-117-DIS-03,False
118,COLLEGE,"Global Capitals: How Cities Shape Cultures, States, and People",3,3,2025-2026 Spring,3,DIS,17,17,Green Earth Sciences134,Wednesday,3:30:00 PM,4:20:00 PM,"Mar 30, 2026","Jun 3, 2026",hs_humanities,118,intro,COLLEGE-118-DIS-03,False
118,COLLEGE,"Global Capitals: How Cities Shape Cultures, States, and People",3,3,2025-2026 Spring,4,DIS,17,17,260-003,Thursday,12:30:00 PM,1:20:00 PM,"Mar 30, 2026","Jun 3, 2026",hs_humanities,118,intro,COLLEGE-118-DIS-04,False
118,COLLEGE,"Global Capitals: How Cities Shape Cultures, States, and People",3,3,2025-2026 Spring,1,LEC,105,119,CODAB60,"Monday,Wednesday",10:30:00 AM,11:20:00 AM,"Mar 30, 2026","Jun 3, 2026",hs_humanities,118,intro,COLLEGE-118-LEC-01,True
118,COLLEGE,"Global Capitals: How Cities Shape Cultures, States, and People",3,3,2025-2026 Spring,8,DIS,17,17,380-381U,Wednesday,4:30:00 PM,5:20:00 PM,"Mar 30, 2026","Jun 3, 2026",hs_humanities,118,intro,COLLEGE-118-DIS-08,False
118,COLLEGE,"Global Capitals: How Cities Shape Cultures, States, and People",3,3,2025-2026 Spring,7,DIS,17,18,Lathrop 292,Thursday,11:30:00 AM,12:20:00 PM,"Mar 30, 2026","Jun 3, 2026",hs_humanities,118,intro,COLLEGE-118-DIS-07,False
118,COLLEGE,"Global Capitals: How Cities Shape Cultures, States, and People",3,3,2025-2026 Spring,6,DIS,17,17,Lathrop 292,Thursday,10:30:00 AM,11:20:00 AM,"Mar 30, 2026","Jun 3, 2026",hs_humanities,118,intro,COLLEGE-118-DIS-06,False
118,COLLEGE,"Global Capitals: How Cities Shape Cultures, States, and People",3,3,2025-2026 Spring,5,DIS,17,16,260-003,Thursday,1:30:00 PM,2:20:00 PM,"Mar 30, 2026","Jun 3, 2026",hs_humanities,118,intro,COLLEGE-118-DIS-05,False
118,COLLEGE,"Global Capitals: How Cities Shape Cultures, States, and People",3,3,2025-2026 Spring,2,DIS,17,17,Green Earth Sciences134,Wednesday,1:30:00 PM,2:20:00 PM,"Mar 30, 2026","Jun 3, 2026",hs_humanities,118,intro,COLLEGE-118-DIS-02,False
119,COLLEGE,Making of the Modern World,3,3,2025-2026 Spring,1,SEM,17,17,380-381U,"Tuesday,Thursday",1:30:00 PM,2:50:00 PM,"Mar 30, 2026","Jun 3, 2026",hs_humanities,119,intro,COLLEGE-119-SEM-01,True
119,COLLEGE,Making of the Modern World,3,3,2025-2026 Spring,6,SEM,17,17,160-323,"Monday,Wednesday",10:30:00 AM,11:50:00 AM,"Mar 30, 2026","Jun 3, 2026",hs_humanities,119,intro,COLLEGE-119-SEM-06,True
119,COLLEGE,Making of the Modern World,3,3,2025-2026 Spring,7,SEM,17,16,Lathrop 015,"Monday,Wednesday",12:30:00 PM,1:50:00 PM,"Mar 30, 2026","Jun 3, 2026",hs_humanities,119,intro,COLLEGE-119-SEM-07,True
119,COLLEGE,Making of the Modern World,3,3,2025-2026 Spring,2,SEM,17,16,160-B35,"Monday,Wednesday",1:30:00 PM,2:50:00 PM,"Mar 30, 2026","Jun 3, 2026",hs_humanities,119,intro,COLLEGE-119-SEM-02,True
119,COLLEGE,Making of the Modern World,3,3,2025-2026 Spring,9,SEM,17,15,McMurtry Art Building 360,"Monday,Wednesday",1:30:00 PM,2:50:00 PM,"Mar 30, 2026","Jun 3, 2026",hs_humanities,119,intro,COLLEGE-119-SEM-09,True
119,COLLEGE,Making of the Modern World,3,3,2025-2026 Spring,3,SEM,17,17,160-B35,"Monday,Wednesday",3:00:00 PM,4:20:00 PM,"Mar 30, 2026","Jun 3, 2026",hs_humanities,119,intro,COLLEGE-119-SEM-03,True
119,COLLEGE,Making of the Modern World,3,3,2025-2026 Spring,5,SEM,17,18,Lathrop 290,"Tuesday,Thursday",4:30:00 PM,5:50:00 PM,"Mar 30, 2026","Jun 3, 2026",hs_humanities,119,intro,COLLEGE-119-SEM-05,True
119,COLLEGE,Making of the Modern World,3,3,2025-2026 Spring,4,SEM,17,18,Lathrop 292,"Tuesday,Thursday",3:00:00 PM,4:20:00 PM,"Mar 30, 2026","Jun 3, 2026",hs_humanities,119,intro,COLLEGE-119-SEM-04,True
119,COLLEGE,Making of the Modern World,3,3,2025-2026 Spring,8,SEM,17,16,50-52H,"Tuesday,Thursday",4:30:00 PM,5:50:00 PM,"Mar 30, 2026","Jun 3, 2026",hs_humanities,119,intro,COLLEGE-119-SEM-08,True
122,COLLEGE,"Pox, Plague, and Pestilence: A Germ's Eye View of World History",4,4,2025-2026 Spring,2,DIS,17,17,Thornton 211,"Tuesday,Thursday",12:00:00 PM,12:50:00 PM,"Mar 30, 2026","Jun 3, 2026",hs_humanities,122,intro,COLLEGE-122-DIS-02,False
122,COLLEGE,"Pox, Plague, and Pestilence: A Germ's Eye View of World History",4,4,2025-2026 Spring,5,DIS,17,16,Lathrop 290,"Wednesday,Friday",10:30:00 AM,11:20:00 AM,"Mar 30, 2026","Jun 3, 2026",hs_humanities,122,intro,COLLEGE-122-DIS-05,False
122,COLLEGE,"Pox, Plague, and Pestilence: A Germ's Eye View of World History",4,4,2025-2026 Spring,4,DIS,17,14,Lathrop 290,"Wednesday,Friday",9:30:00 AM,10:20:00 AM,"Mar 30, 2026","Jun 3, 2026",hs_humanities,122,intro,COLLEGE-122-DIS-04,False
122,COLLEGE,"Pox, Plague, and Pestilence: A Germ's Eye View of World History",4,4,2025-2026 Spring,3,DIS,17,15,Thornton 211,"Tuesday,Thursday",1:30:00 PM,2:20:00 PM,"Mar 30, 2026","Jun 3, 2026",hs_humanities,122,intro,COLLEGE-122-DIS-03,False
122,COLLEGE,"Pox, Plague, and Pestilence: A Germ's Eye View of World History",4,4,2025-2026 Spring,1,LEC,70,62,380-380C,"Tuesday,Thursday",10:30:00 AM,11:20:00 AM,"Mar 30, 2026","Jun 3, 2026",hs_humanities,122,intro,COLLEGE-122-LEC-01,True
123,COLLEGE,Pacific Ocean Worlds: A Sea of Islands,3,3,2025-2026 Spring,1,SEM,17,17,Departmental Room,Wednesday,10:30:00 AM,11:50:00 AM,"Mar 30, 2026","Jun 3, 2026",hs_humanities,123,intro,COLLEGE-123-SEM-01,True
123,COLLEGE,Pacific Ocean Worlds: A Sea of Islands,3,3,2025-2026 Spring,1,SEM,17,17,Departmental Room,Monday,10:30:00 AM,11:50:00 AM,"Mar 30, 2026","Jun 3, 2026",hs_humanities,123,intro,COLLEGE-123-SEM-01,True
124,COLLEGE,Modernity and Politics in Middle Eastern Literatures,3,3,2025-2026 Spring,1,SEM,17,16,110-101,Monday,10:30:00 AM,11:50:00 AM,"Mar 30, 2026","Jun 3, 2026",hs_humanities,124,intro,COLLEGE-124-SEM-01,True
124,COLLEGE,Modernity and Politics in Middle Eastern Literatures,3,3,2025-2026 Spring,1,SEM,17,16,Departmental Room,Wednesday,10:30:00 AM,11:50:00 AM,"Mar 30, 2026","Jun 3, 2026",hs_humanities,124,intro,COLLEGE-124-SEM-01,True
125,COLLEGE,"Modern Europe: Self, Society, and the Liberal Order",3,3,2025-2026 Spring,1,SEM,17,18,200-202,Monday,10:30:00 AM,11:50:00 AM,"Mar 30, 2026","Jun 3, 2026",hs_humanities,125,intro,COLLEGE-125-SEM-01,True
125,COLLEGE,"Modern Europe: Self, Society, and the Liberal Order",3,3,2025-2026 Spring,1,SEM,17,18,Gates B12,Wednesday,10:30:00 AM,11:50:00 AM,"Mar 30, 2026","Jun 3, 2026",hs_humanities,125,intro,COLLEGE-125-SEM-01,True
