id,year,school,dorm,mode,speed,target_units
0,4,hs_interdisc,Mirrielees,bike,4.17,12
1,4,hs_social,Crothers Memorial,bike,4.67,16
2,3,hs_natural,Twain,walk,1.52,13
3,4,hs_interdisc,Roth,bike,5.75,14
4,4,engineering,Toyon,walk,1.36,15
5,3,hs_humanities,Meier,bike,4.85,17
6,1,hs_interdisc,Castano,bike,4.79,16
7,4,hs_natural,Roble Hall,bike,5.23,15
8,1,engineering,Ujamaa,bike,5.27,14
9,2,hs_interdisc,Otero,walk,1.57,16
10,3,hs_social,Sigma Nu,bike,5.01,16
11,1,hs_interdisc,Castano,bike,5.54,12
12,1,engineering,Lantana,bike,5.0,15
13,3,hs_interdisc,Govco Suites,walk,1.31,14
14,3,hs_interdisc,Gavilan,bike,4.27,15
15,2,engineering,Kimball,bike,4.65,12
16,1,hs_humanities,Casa Zapata,bike,4.48,17
17,4,hs_social,Toyon,bike,4.17,14
18,2,engineering,Kimball,bike,4.32,12
19,4,hs_social,Twain,bike,5.05,14
20,1,hs_interdisc,Branner,bike,4.59,15
21,1,hs_interdisc,Mirlo,bike,5.05,12
22,3,engineering,EVGR,bike,5.41,16
23,2,hs_interdisc,Robert Moore North,bike,4.85,15
24,2,hs_interdisc,Yost,walk,1.63,15
25,1,hs_interdisc,Crothers,bike,4.51,15
26,3,hs_social,Muwekma-Tah-Ruk,bike,4.41,13
27,3,engineering,Govco Suites,bike,4.57,16
28,2,hs_interdisc,Loro,bike,4.3,14
29,2,doerr,Kappa Alpha Theta,bike,5.6,14
30,3,engineering,Toussaint,bike,4.67,15
31,3,engineering,EVGR,walk,1.35,18
32,1,engineering,Cedro,bike,4.35,13
33,4,hs_humanities,Junipero,walk,1.31,17
34,1,hs_social,Crothers,bike,5.25,12
35,1,hs_natural,Cardenal,bike,4.24,14
36,2,hs_interdisc,Twain,electric,6.57,13
37,1,hs_interdisc,Rinconada,walk,1.36,15
38,4,hs_interdisc,EVGR,bike,4.84,13
39,1,engineering,Ujamaa,bike,4.42,14
40,3,hs_natural,Kappa Sigma,bike,4.67,17
41,3,hs_natural,Toyon,walk,1.39,12
42,4,engineering,Casa Zapata,bike,4.26,18
43,2,engineering,Pi Beta Phi,walk,1.41,14
44,1,engineering,Branner,walk,1.32,15
45,3,engineering,Meier,bike,5.58,13
46,1,engineering,Castano,walk,1.53,15
47,1,engineering,Larkin,walk,1.63,15
48,4,engineering,Govco Suites,bike,5.76,14
49,4,hs_interdisc,Warehaus,walk,1.51,15
50,4,hs_interdisc,Roble Hall,bike,4.48,14
51,2,hs_interdisc,Faisan,bike,4.66,14
52,2,hs_social,Kimball,bike,5.65,18
53,2,hs_interdisc,Hammarskjold,bike,5.45,14
54,3,engineering,Narnia,walk,1.58,14
55,3,engineering,Mars,walk,1.67,14
56,4,hs_natural,Kappa Alpha Theta,bike,5.43,12
57,2,hs_interdisc,Casa Zapata,bike,4.31,17
58,3,hs_interdisc,576 Alvarado,bike,5.44,18
59,3,hs_humanities,Crothers Memorial,walk,1.34,15
60,2,hs_social,Toyon,bike,5.62,15
61,2,engineering,Kimball,walk,1.36,16
62,2,engineering,Junipero,bike,5.69,15
63,2,engineering,Terra,bike,5.71,16
64,4,hs_interdisc,Crothers Memorial,bike,5.23,15
65,2,hs_natural,Kimball,bike,4.8,15
66,4,hs_social,Muwekma-Tah-Ruk,electric,7.76,14
67,4,engineering,EVGR,bike,5.17,16
68,4,engineering,Ng,walk,1.61,16
69,4,hs_social,Ujamaa,walk,1.32,12
70,4,engineering,Mirrielees,walk,1.62,14
71,4,hs_social,Govco Suites,walk,1.38,17
72,3,hs_natural,Faisan,bike,4.35,14
73,3,doerr,Phi Kappa Psi,walk,1.55,15
74,4,hs_social,Loro,walk,1.37,12
75,2,hs_social,Sally Ride,bike,4.26,17
76,2,hs_interdisc,Toyon,bike,5.69,15
77,3,hs_interdisc,Toyon,walk,1.35,15
78,2,hs_interdisc,Roble Hall,bike,4.74,13
79,1,hs_interdisc,Robinson,walk,1.47,18
80,1,hs_interdisc,Arroyo,bike,5.17,15
81,2,hs_social,Roble Hall,bike,5.13,20
82,3,hs_social,Mirrielees,bike,4.91,14
83,4,engineering,Govco Suites,bike,4.21,16
84,4,engineering,Murray,bike,4.31,16
85,3,engineering,Govco Suites,bike,4.67,16
86,3,engineering,Roble Hall,electric,7.99,15
87,2,hs_social,Toyon,bike,5.15,14
88,1,hs_interdisc,Alondra,walk,1.63,18
89,3,hs_natural,EVGR,walk,1.48,14
90,1,hs_social,West Lagunita,bike,4.27,13
91,4,engineering,Ng,bike,4.88,17
92,2,engineering,Gavilan,bike,5.15,14
93,3,hs_social,Burbank,bike,4.97,16
94,4,hs_interdisc,Toussaint,bike,4.91,14
95,3,hs_natural,Norcliffe,bike,4.96,13
96,2,hs_humanities,Sally Ride,walk,1.44,16
97,1,hs_humanities,West Lagunita,bike,5.08,14
98,2,hs_social,Sally Ride,electric,7.24,17
99,4,hs_humanities,Mars,electric,7.56,12
100,1,hs_social,West Lagunita,bike,5.18,18
101,4,engineering,Narnia,bike,4.62,12
102,1,hs_social,Donner,electric,6.93,12
103,2,hs_social,Burbank,bike,5.44,16
104,4,engineering,Roble Hall,walk,1.34,15
105,3,hs_social,Mirrielees,bike,5.44,15
106,1,hs_interdisc,Burbank,walk,1.51,13
107,1,hs_interdisc,Casa Zapata,bike,4.43,12
108,2,hs_natural,Kimball,bike,4.71,14
109,4,engineering,Okada,bike,5.29,16
110,4,engineering,Roble Hall,walk,1.53,12
111,2,hs_humanities,Naranja,walk,1.45,12
112,1,engineering,West Lagunita,bike,4.62,14
113,4,hs_social,Columbae,bike,5.61,12
114,2,hs_humanities,Norcliffe,bike,5.06,15
115,2,engineering,Kimball,walk,1.65,15
116,3,hs_social,Xanadu,bike,4.86,17
117,3,hs_natural,Mirrielees,bike,4.33,16
118,1,hs_social,Otero,bike,4.78,16
119,4,engineering,Ujamaa,walk,1.33,13
120,3,engineering,Burbank,walk,1.45,17
121,3,engineering,Adelfa,bike,4.75,14
122,1,hs_natural,Branner,bike,4.88,12
123,2,hs_social,Enchanted Broccoli Forest,bike,4.58,12
124,2,hs_social,Faisan,bike,5.67,12
125,2,hs_social,Otero,walk,1.36,15
126,1,engineering,Branner,walk,1.55,17
127,3,hs_interdisc,Mirrielees,walk,1.64,18
128,1,hs_social,Burbank,bike,5.65,12
129,3,doerr,Roble Hall,bike,4.57,16
130,3,engineering,Sally Ride,bike,4.14,15
131,2,engineering,Muwekma-Tah-Ruk,bike,5.27,18
132,2,hs_natural,Roble Hall,walk,1.36,12
133,1,hs_interdisc,Muwekma-Tah-Ruk,walk,1.31,18
134,3,engineering,Mirrielees,bike,4.97,12
135,2,engineering,Roble Hall,bike,5.19,12
136,1,hs_interdisc,Castano,bike,4.46,13
137,3,engineering,550 Lasuen,bike,5.02,14
138,4,hs_interdisc,Trancos,walk,1.62,15
139,2,engineering,Kappa Alpha Theta,bike,5.23,15
140,4,engineering,Kimball,bike,5.64,12
141,2,hs_social,Kappa Alpha,bike,4.93,17
142,3,hs_social,Hammarskjold,walk,1.66,13
143,4,engineering,Kimball,bike,4.04,18
144,2,hs_social,Kappa Alpha Theta,bike,4.57,20
145,3,hs_interdisc,Kappa Sigma,bike,4.84,16
146,2,engineering,Okada,walk,1.57,12
147,4,engineering,Otero,bike,5.59,13
148,1,engineering,Larkin,bike,4.47,15
149,2,hs_humanities,Twain,bike,4.2,14
150,2,hs_social,Kappa Alpha,bike,5.77,12
151,4,engineering,Crothers Memorial,bike,5.0,12
152,4,hs_interdisc,Columbae,walk,1.4,14
153,4,hs_interdisc,Narnia,bike,4.67,15
154,4,hs_social,Kimball,bike,4.22,14
155,1,engineering,Burbank,walk,1.47,16
156,1,hs_social,Burbank,bike,4.61,16
157,1,engineering,Alondra,bike,5.6,13
158,3,hs_interdisc,Alpha Phi/KKG,bike,4.78,15
159,1,hs_humanities,Donner,electric,6.33,16
160,1,engineering,Branner,walk,1.67,16
161,3,hs_interdisc,Roble Hall,bike,4.34,12
162,4,hs_social,Toyon,walk,1.67,12
163,1,engineering,Ujamaa,bike,5.35,15
164,1,hs_humanities,West Lagunita,bike,4.0,12
165,2,engineering,Adelfa,walk,1.36,14
166,2,hs_humanities,Kimball,bike,4.83,14
167,3,hs_interdisc,EVGR,bike,4.32,16
168,4,engineering,Toyon,bike,5.35,16
169,3,hs_social,Adelfa,bike,4.66,17
170,2,hs_interdisc,Toyon,bike,5.63,16
171,3,engineering,Roble Hall,bike,4.23,15
172,3,hs_social,Terra,walk,1.43,17
173,4,hs_natural,Ng,bike,4.23,14
174,1,engineering,Soto,bike,4.36,16
175,3,hs_humanities,Phi Kappa Psi,bike,5.13,17
176,4,engineering,680 Lomita,walk,1.46,14
177,3,hs_interdisc,EVGR,bike,4.58,16
178,2,hs_interdisc,Kimball,walk,1.67,16
179,4,hs_humanities,Pluto,bike,5.37,19
180,2,engineering,Twain,bike,4.46,15
181,2,engineering,Columbae,bike,4.3,14
182,2,hs_social,Enchanted Broccoli Forest,walk,1.61,12
183,2,doerr,Crothers Memorial,walk,1.47,20
184,4,doerr,Casa Zapata,walk,1.62,15
185,4,hs_social,Muwekma-Tah-Ruk,bike,4.32,14
186,3,hs_interdisc,680 Lomita,bike,5.79,17
187,1,hs_social,Otero,bike,4.83,16
188,1,hs_social,Schiff,bike,5.5,13
189,2,engineering,Junipero,bike,4.88,14
190,1,hs_natural,Crothers,walk,1.51,13
191,1,engineering,West Lagunita,bike,4.06,14
192,4,engineering,Crothers Memorial,bike,5.48,14
193,4,engineering,Roble Hall,bike,4.46,15
194,3,hs_social,Toyon,bike,4.39,13
195,4,engineering,Okada,walk,1.37,17
196,2,doerr,Otero,bike,4.81,15
197,4,hs_humanities,Mirrielees,walk,1.39,14
198,2,hs_social,Roble Hall,bike,5.49,18
199,1,engineering,Cedro,bike,4.47,13
200,4,hs_natural,Enchanted Broccoli Forest,bike,4.49,15
201,2,hs_interdisc,Toyon,walk,1.3,12
202,4,hs_interdisc,Loro,bike,4.85,17
203,4,engineering,Kimball,bike,4.35,13
204,1,engineering,Castano,bike,4.32,14
205,4,engineering,Roble Hall,walk,1.44,15
206,3,engineering,Mirrielees,bike,4.18,12
207,1,hs_interdisc,Crothers,bike,5.36,17
208,3,doerr,Ujamaa,bike,4.58,13
209,3,hs_natural,Gavilan,electric,7.0,15
210,2,hs_interdisc,Okada,bike,4.35,18
211,4,hs_interdisc,Roble Hall,bike,4.78,15
212,4,hs_humanities,Roble Hall,bike,4.81,18
213,2,hs_social,Roble Hall,bike,4.62,14
214,1,engineering,Cardenal,bike,4.39,14
215,4,engineering,Govco Suites,bike,5.08,16
216,1,hs_humanities,West Lagunita,bike,5.04,15
217,1,hs_social,Arroyo,walk,1.6,12
218,2,hs_interdisc,Cardenal,bike,4.6,14
219,2,hs_interdisc,Loro,walk,1.61,12
220,3,hs_humanities,EVGR,bike,4.34,13
221,4,engineering,Otero,bike,4.87,14
222,4,hs_interdisc,Sally Ride,bike,4.75,12
223,4,hs_natural,Murray,bike,5.57,14
224,3,hs_interdisc,BOB,walk,1.57,14
225,3,engineering,Toyon,bike,4.39,14
226,1,engineering,Crothers,bike,4.73,15
227,4,engineering,Sigma Phi Epsilon,bike,5.14,13
228,2,engineering,Roble Hall,electric,7.92,15
229,3,engineering,Mirrielees,walk,1.67,12
230,1,engineering,Ujamaa,walk,1.51,13
231,3,engineering,Twain,walk,1.69,16
232,1,engineering,Otero,walk,1.65,16
233,4,hs_humanities,Govco Suites,bike,4.23,15
234,3,hs_interdisc,Mirrielees,electric,7.41,12
235,2,engineering,Ng,bike,4.16,12
236,4,hs_interdisc,EVGR,bike,4.06,15
237,1,hs_humanities,Castano,bike,5.69,12
238,1,engineering,Alondra,walk,1.38,16
239,4,hs_interdisc,Robert Moore North,walk,1.62,19
240,4,hs_humanities,Norcliffe,walk,1.39,16
241,4,engineering,Toussaint,bike,4.33,17
242,3,hs_social,Twain,walk,1.59,16
243,4,engineering,Muwekma-Tah-Ruk,bike,4.94,14
244,2,doerr,Meier,bike,4.76,15
245,3,engineering,Sigma Nu,walk,1.69,18
246,4,hs_interdisc,Burbank,bike,5.17,14
247,2,hs_interdisc,Kairos,bike,4.63,15
248,3,hs_humanities,Roble Hall,bike,5.46,15
249,3,hs_interdisc,Kimball,bike,4.24,17
250,3,hs_social,Mirrielees,bike,4.2,12
251,1,engineering,Lantana,bike,5.59,15
252,3,engineering,Norcliffe,bike,4.27,15
253,2,engineering,Roble Hall,bike,4.13,12
254,4,hs_social,Govco Suites,bike,5.48,13
255,2,engineering,Meier,bike,4.43,14
256,2,engineering,Okada,bike,4.55,12
257,1,hs_social,Okada,bike,5.16,12
258,4,hs_interdisc,Mirrielees,bike,5.42,17
259,1,engineering,Donner,bike,4.73,15
260,3,hs_natural,Muwekma-Tah-Ruk,walk,1.62,12
261,4,hs_natural,Mirrielees,bike,4.72,14
262,3,hs_humanities,Norcliffe,bike,4.53,15
263,1,engineering,Otero,bike,5.5,13
264,1,engineering,Ujamaa,bike,5.64,15
265,3,hs_natural,Ng,bike,5.74,15
266,2,hs_interdisc,Gavilan,bike,5.39,14
267,4,engineering,Cardenal,bike,5.79,15
268,1,hs_interdisc,Ujamaa,walk,1.46,12
269,2,engineering,Crothers Memorial,bike,4.86,12
270,3,hs_social,EVGR,bike,4.73,15
271,1,hs_social,Potter,walk,1.49,12
272,1,hs_interdisc,Lantana,bike,5.63,14
273,2,engineering,Gavilan,walk,1.68,16
274,1,hs_natural,West Lagunita,walk,1.36,15
275,4,engineering,Mirrielees,bike,5.53,18
276,1,hs_natural,Lantana,bike,5.37,14
277,4,hs_humanities,Narnia,bike,5.58,14
278,3,hs_natural,Pluto,bike,4.21,12
279,3,hs_interdisc,Kappa Alpha,bike,5.42,13
280,1,hs_social,Soto,bike,4.34,15
281,4,hs_social,Mirrielees,electric,6.7,14
282,2,doerr,Casa Zapata,bike,5.58,15
283,4,engineering,EVGR,bike,4.54,14
284,2,hs_interdisc,Twain,bike,4.04,12
285,3,hs_interdisc,Junipero,walk,1.44,13
286,1,engineering,Okada,walk,1.6,14
287,4,hs_social,Mirrielees,walk,1.51,14
288,1,engineering,Branner,electric,7.42,15
289,3,hs_interdisc,Toyon,bike,5.15,17
290,4,hs_natural,Norcliffe,bike,4.25,12
291,4,hs_humanities,Naranja,walk,1.38,17
292,1,engineering,Muwekma-Tah-Ruk,walk,1.35,13
293,3,hs_social,Robert Moore North,bike,5.15,14
294,3,hs_interdisc,Norcliffe,bike,4.31,13
295,2,engineering,Gavilan,bike,4.59,16
296,4,engineering,Storey,bike,4.39,13
297,4,engineering,Hammarskjold,bike,5.0,18
298,3,hs_interdisc,Crothers Memorial,bike,5.21,13
299,1,hs_interdisc,West Lagunita,walk,1.39,13
300,3,engineering,Govco Suites,bike,5.37,12
301,2,hs_interdisc,Pi Beta Phi,bike,4.95,12
302,3,engineering,Trancos,bike,5.66,16
303,2,hs_humanities,Adelfa,walk,1.39,12
304,1,hs_interdisc,Potter,bike,4.06,14
305,1,hs_humanities,Mirlo,bike,4.59,14
306,2,hs_social,Faisan,bike,4.9,15
307,4,doerr,Kimball,bike,4.45,15
308,3,doerr,EVGR,bike,5.15,12
309,4,engineering,aKDPhi/Chi Omega,bike,4.55,16
310,4,doerr,Mirrielees,bike,4.48,12
311,3,hs_interdisc,Trancos,bike,4.73,17
312,2,engineering,Okada,walk,1.64,12
313,1,hs_social,Arroyo,walk,1.43,13
314,3,engineering,Casa Zapata,walk,1.53,14
315,4,engineering,Kappa Sigma,bike,4.8,17
316,4,hs_natural,Cardenal,walk,1.66,14
317,1,engineering,Rinconada,bike,5.08,12
318,2,engineering,Meier,bike,4.4,16
319,2,hs_social,Potter,bike,5.16,12
320,4,hs_natural,Jerry,walk,1.49,12
321,1,engineering,Castano,bike,4.75,14
322,4,hs_humanities,Kimball,bike,4.03,16
323,4,engineering,Storey,electric,7.81,13
324,3,engineering,Mirrielees,bike,5.11,13
325,3,engineering,Neptune,walk,1.59,12
326,2,hs_interdisc,Kimball,electric,7.47,16
327,1,engineering,Donner,bike,5.32,12
328,4,engineering,Mirrielees,walk,1.55,12
329,2,hs_social,Terra,walk,1.34,13
330,2,engineering,Meier,bike,4.51,12
331,4,hs_interdisc,Govco Suites,bike,5.72,14
332,1,hs_natural,Donner,walk,1.36,13
333,1,engineering,Alondra,bike,4.75,14
334,2,engineering,Roble Hall,bike,5.17,12
335,1,engineering,West Lagunita,bike,5.46,15
336,3,hs_interdisc,Potter,bike,4.62,13
337,1,hs_social,Okada,walk,1.54,15
338,2,hs_social,Sally Ride,bike,5.77,14
339,2,hs_interdisc,Otero,bike,5.78,14
340,2,hs_natural,Kimball,bike,5.76,16
341,1,engineering,Okada,bike,4.91,13
342,2,hs_humanities,Naranja,electric,6.52,14
343,4,hs_interdisc,EAST,bike,4.7,14
344,4,engineering,Yost,walk,1.46,16
345,3,engineering,550 Lasuen,bike,4.64,16
346,3,hs_interdisc,Roble Hall,bike,5.03,15
347,4,engineering,Ujamaa,bike,4.22,20
348,3,engineering,Govco Suites,bike,5.09,13
349,3,doerr,Norcliffe,walk,1.51,14
350,1,hs_interdisc,Branner,bike,4.48,14
351,1,engineering,Lantana,walk,1.41,12
352,2,engineering,Kimball,bike,4.16,15
353,1,hs_social,Muwekma-Tah-Ruk,bike,4.91,14
354,2,hs_social,Trancos,bike,5.61,16
355,4,hs_natural,Adelfa,bike,4.17,18
356,4,engineering,Synergy,walk,1.61,13
357,3,hs_natural,Otero,bike,4.75,15
358,2,engineering,Adams,bike,5.58,15
359,4,hs_interdisc,Meier,bike,4.75,15
360,3,engineering,Norcliffe,bike,4.74,17
361,2,hs_humanities,aKDPhi/Chi Omega,electric,7.68,14
362,3,engineering,Govco Suites,bike,4.47,14
363,1,hs_interdisc,Cardenal,walk,1.54,16
364,1,hs_interdisc,Lantana,bike,4.21,12
365,4,engineering,Meier,bike,5.29,13
366,1,engineering,Muwekma-Tah-Ruk,bike,5.57,16
367,4,engineering,Crothers Memorial,bike,5.71,13
368,2,hs_interdisc,EAST,walk,1.66,15
369,3,engineering,Ujamaa,bike,4.61,15
370,1,hs_humanities,Potter,bike,4.25,14
371,2,hs_interdisc,Kimball,walk,1.45,15
372,2,engineering,Loro,bike,4.7,13
373,3,hs_social,Roble Hall,bike,5.74,14
374,4,hs_social,Burbank,bike,5.26,16
375,2,engineering,Roble Hall,walk,1.6,14
376,3,hs_natural,Robert Moore North,bike,5.36,13
377,4,engineering,Delta Delta Delta,walk,1.64,15
378,2,engineering,Kimball,bike,4.37,12
379,4,hs_social,Kimball,bike,5.75,13
380,3,engineering,Yost,walk,1.59,13
381,1,hs_social,Okada,bike,4.85,12
382,2,engineering,Norcliffe,bike,5.08,16
383,4,engineering,Roble Hall,walk,1.44,16
384,1,hs_social,Donner,bike,4.06,12
385,2,engineering,Loro,electric,6.42,18
386,3,hs_interdisc,Kappa Alpha,bike,5.49,15
387,2,hs_social,Kappa Alpha,bike,5.02,12
388,1,engineering,Cardenal,bike,5.3,16
389,4,hs_natural,Okada,walk,1.32,13
390,1,hs_interdisc,West Lagunita,bike,4.88,15
391,4,engineering,Govco Suites,walk,1.49,15
392,3,hs_social,Adams,bike,4.66,14
393,2,engineering,Kimball,bike,4.66,16
394,4,hs_interdisc,Crothers Memorial,bike,5.53,12
395,1,engineering,Branner,bike,5.78,16
396,3,engineering,Kappa Alpha Theta,bike,4.65,14
397,3,doerr,Adams,walk,1.35,16
398,3,hs_social,Roth,bike,5.45,12
399,3,engineering,Meier,bike,5.23,13
400,2,hs_interdisc,Meier,walk,1.39,14
401,1,hs_humanities,Crothers,walk,1.61,18
402,4,hs_social,Casa Zapata,bike,5.14,14
403,4,hs_social,Kappa Alpha,bike,5.26,13
404,3,hs_social,Twain,bike,5.8,16
405,1,hs_interdisc,Donner,bike,4.09,14
406,3,hs_interdisc,Synergy,bike,5.15,13
407,3,hs_interdisc,Kappa Sigma,walk,1.41,14
408,4,hs_social,Okada,bike,4.4,12
409,4,hs_interdisc,Kappa Alpha Theta,bike,4.8,12
410,3,hs_interdisc,Roble Hall,walk,1.36,17
411,2,hs_humanities,Norcliffe,walk,1.34,17
412,4,engineering,Toussaint,bike,4.2,12
413,4,hs_interdisc,Burbank,bike,5.59,16
414,3,engineering,Govco Suites,bike,4.06,14
415,4,hs_natural,EAST,walk,1.68,13
416,3,hs_interdisc,Toyon,bike,4.22,12
417,1,hs_natural,Alondra,walk,1.52,13
418,1,hs_interdisc,Schiff,bike,5.64,14
419,4,hs_humanities,Govco Suites,bike,5.12,15
420,3,engineering,EVGR,bike,5.41,14
421,1,hs_interdisc,Larkin,bike,4.61,14
422,4,engineering,Meier,bike,4.98,19
423,3,hs_humanities,Murray,bike,4.05,15
424,2,engineering,Sally Ride,bike,5.34,15
425,3,engineering,Ujamaa,walk,1.56,16
426,1,hs_interdisc,Potter,bike,4.98,12
427,3,hs_natural,Crothers Memorial,bike,4.05,12
428,1,engineering,Branner,bike,4.6,13
429,2,hs_interdisc,Trancos,bike,5.17,17
430,4,engineering,Roble Hall,bike,5.71,15
431,3,hs_interdisc,Roth,walk,1.36,19
432,1,hs_social,Schiff,bike,5.47,12
433,4,engineering,Junipero,walk,1.64,17
434,4,hs_natural,EVGR,walk,1.67,13
435,2,hs_interdisc,Kimball,bike,4.43,16
436,2,hs_natural,Sally Ride,bike,4.77,13
437,1,hs_natural,Mirlo,bike,5.37,15
438,4,engineering,Mirrielees,bike,5.44,16
439,4,doerr,Sally Ride,bike,5.34,13
440,4,engineering,Enchanted Broccoli Forest,walk,1.39,17
441,2,engineering,Gavilan,bike,5.45,14
442,1,hs_interdisc,Donner,bike,4.81,14
443,2,hs_interdisc,Naranja,bike,5.47,18
444,2,hs_natural,Hammarskjold,walk,1.53,14
445,3,engineering,550 Lasuen,bike,4.92,13
446,2,hs_natural,Terra,bike,4.3,17
447,1,engineering,Burbank,bike,4.96,14
448,4,hs_social,Toyon,bike,4.41,13
449,3,hs_humanities,Ng,walk,1.36,17
450,1,hs_interdisc,Muwekma-Tah-Ruk,walk,1.52,14
451,4,engineering,Roble Hall,walk,1.6,14
452,1,engineering,Casa Zapata,walk,1.42,16
453,2,engineering,Adelfa,walk,1.51,18
454,3,engineering,Govco Suites,walk,1.61,16
455,4,engineering,Paloma,bike,4.06,17
456,3,hs_natural,Okada,bike,5.44,17
457,3,hs_social,aKDPhi/Chi Omega,bike,5.65,16
458,2,engineering,Robert Moore North,bike,5.22,15
459,4,engineering,ZAP,bike,4.09,14
460,2,hs_interdisc,Norcliffe,bike,4.24,17
461,1,hs_interdisc,Schiff,walk,1.58,13
462,3,hs_humanities,Roble Hall,bike,4.14,12
463,4,hs_natural,Kairos,bike,4.64,13
464,4,doerr,Junipero,walk,1.54,13
465,1,engineering,Cardenal,walk,1.37,14
466,4,hs_social,Ujamaa,walk,1.52,15
467,3,hs_interdisc,EVGR,bike,5.22,16
468,4,doerr,Neptune,bike,4.4,13
469,3,engineering,Toyon,bike,5.49,16
470,3,hs_interdisc,EAST,bike,4.08,14
471,2,hs_interdisc,Gavilan,walk,1.54,17
472,1,hs_social,Schiff,bike,4.78,14
473,2,hs_social,Robert Moore North,bike,4.78,16
474,2,hs_interdisc,Kimball,walk,1.47,16
475,2,hs_interdisc,Pi Beta Phi,walk,1.55,12
476,1,engineering,Crothers,walk,1.41,14
477,3,engineering,Gavilan,walk,1.52,16
478,3,engineering,Potter,bike,4.19,15
479,1,doerr,Cedro,bike,5.78,13
480,4,engineering,Pi Beta Phi,bike,4.69,16
481,1,doerr,Schiff,bike,5.74,16
482,4,hs_interdisc,Durand,walk,1.51,16
483,2,engineering,Gavilan,bike,4.06,13
484,4,engineering,Faisan,bike,4.11,12
485,3,hs_interdisc,Roble Hall,bike,5.07,16
486,3,hs_natural,Terra,bike,4.58,12
487,1,engineering,Muwekma-Tah-Ruk,walk,1.63,13
488,2,hs_interdisc,Kimball,bike,5.72,14
489,1,hs_social,Alondra,bike,4.93,13
490,1,engineering,Castano,bike,5.44,13
491,1,hs_interdisc,Lantana,bike,4.58,13
492,3,engineering,Toyon,bike,4.23,17
493,3,hs_natural,Synergy,bike,5.29,14
494,3,engineering,Otero,bike,4.12,12
495,1,hs_interdisc,Alondra,bike,5.42,13
496,2,hs_interdisc,Roble Hall,bike,5.18,13
497,4,engineering,Govco Suites,bike,4.44,12
498,1,hs_social,Cedro,walk,1.33,15
499,2,hs_natural,Trancos,bike,4.5,16
500,4,engineering,Meier,walk,1.46,12
501,2,hs_interdisc,Kimball,walk,1.41,18
502,3,engineering,Xanadu,walk,1.4,12
503,4,hs_social,Pi Beta Phi,walk,1.37,14
504,2,hs_humanities,Trancos,bike,5.35,12
505,2,hs_interdisc,Pi Beta Phi,walk,1.65,18
506,3,hs_social,Phi Kappa Psi,bike,5.11,15
507,1,engineering,Cedro,bike,4.44,14
508,2,hs_interdisc,EAST,walk,1.59,16
509,1,hs_humanities,Ujamaa,bike,5.56,14
510,2,hs_interdisc,Roble Hall,bike,4.4,19
511,3,hs_social,Storey,bike,4.37,13
512,3,hs_humanities,Mirrielees,bike,5.53,12
513,2,engineering,Burbank,bike,4.46,13
514,4,engineering,EVGR,bike,5.15,16
515,2,hs_interdisc,Crothers Memorial,bike,4.54,14
516,3,hs_social,Toyon,bike,4.29,14
517,2,engineering,Muwekma-Tah-Ruk,bike,4.6,17
518,1,engineering,Larkin,walk,1.58,12
519,2,hs_humanities,Casa Zapata,walk,1.59,15
520,4,engineering,Warehaus,bike,4.55,15
521,4,engineering,Govco Suites,bike,5.32,16
522,4,engineering,Cardenal,bike,4.64,17
523,1,engineering,Branner,walk,1.67,16
524,4,hs_humanities,Crothers Memorial,bike,5.08,13
525,1,engineering,Branner,bike,5.78,13
526,3,doerr,680 Lomita,walk,1.65,17
527,1,hs_interdisc,Okada,bike,4.88,13
528,1,engineering,Cardenal,bike,4.26,16
529,1,engineering,Arroyo,bike,5.17,15
530,3,engineering,Faisan,bike,5.37,15
531,4,hs_interdisc,EVGR,bike,4.01,13
532,1,engineering,Schiff,bike,5.42,18
533,1,hs_social,Schiff,walk,1.41,14
534,2,hs_natural,Trancos,bike,4.25,15
535,3,engineering,Sigma Phi Epsilon,bike,4.79,20
536,3,engineering,Gavilan,walk,1.68,16
537,2,engineering,Kappa Sigma,bike,5.65,13
538,1,hs_interdisc,Robinson,bike,5.58,16
539,4,hs_interdisc,EAST,bike,4.07,13
540,1,engineering,Arroyo,walk,1.33,13
541,1,hs_interdisc,Robinson,walk,1.38,15
542,4,engineering,EVGR,bike,5.15,17
543,3,hs_natural,Toyon,bike,4.58,15
544,3,engineering,EAST,walk,1.38,15
545,3,hs_interdisc,Okada,bike,4.63,12
546,3,hs_interdisc,Junipero,electric,7.51,12
547,2,engineering,Robert Moore North,bike,4.46,16
548,1,engineering,Cedro,walk,1.67,14
549,3,hs_interdisc,Yost,walk,1.59,17
550,1,engineering,Branner,bike,5.27,13
551,3,hs_natural,Roble Hall,bike,4.91,12
552,4,engineering,Potter,walk,1.45,13
553,3,hs_natural,Yost,bike,4.61,14
554,1,engineering,Larkin,bike,5.43,17
555,4,engineering,Ujamaa,walk,1.32,16
556,2,engineering,Roble Hall,bike,5.22,13
557,2,engineering,Roble Hall,bike,4.57,14
558,3,hs_interdisc,Crothers Memorial,bike,5.61,13
559,4,engineering,Trancos,bike,4.02,16
560,2,hs_humanities,Paloma,bike,5.66,15
561,1,hs_social,Arroyo,bike,4.79,14
562,1,hs_social,Otero,walk,1.6,17
563,1,engineering,Soto,bike,4.12,16
564,3,hs_humanities,Mirrielees,bike,4.93,15
565,3,engineering,Synergy,walk,1.5,14
566,2,engineering,Sally Ride,bike,4.1,18
567,4,engineering,Synergy,bike,4.28,16
568,1,hs_natural,Okada,bike,5.01,14
569,4,engineering,Casa Zapata,bike,4.59,15
570,1,hs_interdisc,Lantana,walk,1.32,12
571,4,engineering,680 Lomita,bike,4.59,12
572,3,hs_interdisc,Cardenal,walk,1.7,14
573,4,hs_humanities,Potter,bike,4.81,13
574,1,engineering,Potter,bike,5.12,13
575,2,hs_humanities,Yost,bike,4.99,16
576,3,hs_interdisc,Govco Suites,bike,5.68,16
577,2,hs_social,Enchanted Broccoli Forest,bike,5.26,18
578,1,hs_interdisc,Cedro,walk,1.64,12
579,1,hs_natural,Cardenal,bike,4.71,16
580,2,hs_interdisc,Cardenal,bike,5.29,13
581,2,hs_natural,Toyon,bike,5.73,16
582,4,hs_humanities,Mirrielees,bike,5.1,16
583,3,hs_social,576 Alvarado,bike,4.2,15
584,3,hs_interdisc,Muwekma-Tah-Ruk,walk,1.64,16
585,1,engineering,Donner,walk,1.58,16
586,1,hs_interdisc,Alondra,bike,5.6,16
587,4,engineering,Naranja,bike,4.86,19
588,1,hs_natural,Burbank,bike,4.62,14
589,2,hs_social,Naranja,bike,5.12,14
590,3,hs_interdisc,Mirrielees,walk,1.69,17
591,4,hs_interdisc,Govco Suites,bike,5.37,14
592,2,hs_interdisc,Kimball,bike,5.48,14
593,3,engineering,Storey,bike,4.72,17
594,4,hs_natural,Roble Hall,bike,5.4,15
595,4,engineering,Govco Suites,walk,1.32,17
596,4,hs_natural,EVGR,bike,4.52,14
597,3,engineering,EVGR,walk,1.36,12
598,1,engineering,Rinconada,bike,5.11,14
599,3,hs_social,Roble Hall,walk,1.43,12
600,3,engineering,Toyon,bike,5.2,15
601,4,hs_social,Sigma Phi Epsilon,walk,1.34,17
602,3,hs_interdisc,Kappa Alpha Theta,walk,1.63,12
603,4,hs_interdisc,EAST,walk,1.63,13
604,1,hs_social,Schiff,bike,4.44,18
605,2,engineering,Kimball,walk,1.43,16
606,1,hs_interdisc,Casa Zapata,walk,1.39,15
607,4,hs_social,Ng,bike,4.38,15
608,2,hs_interdisc,Ng,bike,4.53,13
609,4,hs_natural,Meier,bike,4.5,14
610,3,engineering,Sally Ride,bike,4.33,16
611,2,hs_humanities,Sally Ride,bike,4.07,12
612,1,hs_interdisc,Potter,bike,4.54,13
613,1,hs_interdisc,Casa Zapata,walk,1.53,17
614,1,engineering,Robinson,bike,4.79,13
615,4,hs_social,EVGR,bike,5.53,17
616,3,hs_natural,EVGR,bike,5.15,14
617,4,hs_interdisc,Govco Suites,bike,5.73,12
618,3,hs_social,EVGR,bike,5.03,17
619,1,hs_humanities,Castano,bike,5.43,16
620,1,engineering,Burbank,bike,4.16,13
621,2,hs_natural,Kimball,walk,1.33,14
622,2,hs_social,Meier,bike,4.47,15
623,4,engineering,EVGR,bike,4.16,12
624,1,hs_social,Larkin,bike,5.19,15
625,4,hs_humanities,680 Lomita,bike,5.43,20
626,3,engineering,Roth,electric,6.17,17
627,4,engineering,aKDPhi/Chi Omega,bike,5.73,14
628,2,hs_social,Crothers Memorial,bike,4.04,14
629,3,hs_social,Sigma Phi Epsilon,bike,4.75,14
630,1,engineering,Robinson,walk,1.31,15
631,3,hs_interdisc,EVGR,bike,5.02,14
632,3,engineering,Twain,bike,4.77,13
633,3,hs_natural,Toussaint,bike,4.97,14
634,3,hs_interdisc,EAST,bike,5.68,12
635,2,hs_interdisc,EAST,bike,4.52,13
636,3,engineering,ZAP,bike,5.23,14
637,3,hs_interdisc,EVGR,bike,5.32,15
638,1,engineering,West Lagunita,bike,4.66,14
639,3,engineering,Govco Suites,bike,5.27,14
640,2,engineering,Toyon,bike,5.71,13
641,3,engineering,Pi Beta Phi,bike,4.67,13
642,1,engineering,Muwekma-Tah-Ruk,bike,4.0,18
643,1,hs_interdisc,Cardenal,bike,5.28,12
644,4,engineering,EVGR,bike,5.67,14
645,1,hs_social,Larkin,bike,5.66,12
646,2,hs_interdisc,Okada,walk,1.36,14
647,3,hs_interdisc,Roble Hall,bike,5.46,14
648,3,hs_natural,Trancos,bike,5.56,14
649,2,engineering,Norcliffe,bike,5.19,15
650,1,hs_natural,Robinson,bike,4.37,17
651,3,hs_natural,Crothers Memorial,bike,4.96,12
652,3,engineering,Junipero,bike,4.62,14
653,2,engineering,Burbank,walk,1.38,12
654,1,hs_natural,Castano,walk,1.65,14
655,2,hs_humanities,Robert Moore North,bike,4.12,12
656,4,hs_humanities,Otero,bike,4.57,15
657,3,engineering,Norcliffe,walk,1.5,14
658,2,engineering,Sigma Nu,walk,1.51,17
659,1,engineering,Branner,walk,1.5,14
660,1,hs_interdisc,Arroyo,walk,1.45,12
661,1,hs_interdisc,Muwekma-Tah-Ruk,electric,7.96,15
662,1,engineering,Castano,walk,1.34,19
663,2,engineering,Toyon,bike,5.53,19
664,3,engineering,Junipero,walk,1.36,13
665,2,engineering,Pi Beta Phi,walk,1.53,16
666,2,hs_interdisc,Burbank,bike,4.4,13
667,2,hs_humanities,Alpha Phi/KKG,bike,5.17,15
668,2,hs_humanities,Norcliffe,bike,5.15,14
669,1,engineering,Robinson,bike,4.68,17
670,2,hs_social,Okada,bike,4.87,14
671,1,engineering,Schiff,bike,5.71,16
672,3,hs_interdisc,Govco Suites,bike,4.53,14
673,2,hs_natural,Sigma Phi Epsilon,bike,4.29,12
674,1,hs_social,Lantana,bike,5.64,15
675,2,hs_interdisc,Murray,walk,1.31,14
676,3,hs_interdisc,Faisan,bike,4.67,15
677,3,engineering,Columbae,bike,4.97,13
678,1,engineering,Crothers,bike,5.5,12
679,1,engineering,Cedro,bike,5.24,14
680,2,hs_social,Roble Hall,bike,5.63,15
681,3,hs_social,Mirrielees,bike,4.58,16
682,4,hs_interdisc,Storey,bike,5.06,12
683,2,hs_interdisc,Sigma Nu,bike,5.6,15
684,4,engineering,576 Alvarado,bike,5.44,15
685,3,hs_interdisc,Sally Ride,bike,4.92,14
686,3,hs_natural,Grove,bike,4.7,13
687,1,engineering,Donner,bike,4.06,13
688,2,hs_interdisc,Gavilan,bike,4.79,16
689,3,engineering,Mirrielees,walk,1.48,13
690,3,engineering,Mirrielees,bike,5.15,12
691,1,hs_interdisc,Larkin,bike,5.73,13
692,4,engineering,Xanadu,bike,5.1,16
693,3,hs_natural,Mars,walk,1.58,12
694,4,hs_natural,Otero,walk,1.33,12
695,1,hs_social,Arroyo,bike,4.5,14
696,1,hs_natural,Mirlo,walk,1.38,16
697,1,hs_interdisc,Potter,bike,4.34,16
698,2,engineering,Toyon,bike,4.81,16
699,3,engineering,680 Lomita,walk,1.69,15
700,1,engineering,Robinson,walk,1.39,13
701,3,engineering,Delta Delta Delta,bike,5.76,13
702,3,hs_social,Casa Zapata,walk,1.45,20
703,3,hs_social,Govco Suites,bike,4.92,18
704,2,hs_natural,Potter,walk,1.62,13
705,1,engineering,Larkin,bike,4.13,15
706,2,hs_humanities,Paloma,electric,7.78,15
707,4,hs_social,Trancos,bike,5.47,16
708,4,doerr,Toyon,bike,5.55,13
709,1,hs_interdisc,Burbank,bike,5.26,15
710,2,hs_interdisc,Okada,bike,4.28,14
711,1,doerr,Cedro,walk,1.33,12
712,3,hs_natural,Roble Hall,bike,5.06,15
713,3,hs_interdisc,Jerry,electric,6.7,14
714,1,hs_interdisc,Robinson,bike,5.13,15
715,4,engineering,Govco Suites,walk,1.55,17
716,4,hs_natural,Roble Hall,bike,4.99,20
717,1,engineering,Arroyo,walk,1.6,13
718,4,engineering,EVGR,walk,1.49,17
719,1,engineering,Branner,bike,5.46,15
720,1,hs_interdisc,Castano,bike,5.71,15
721,4,hs_interdisc,Govco Suites,walk,1.33,14
722,1,hs_natural,Soto,electric,6.63,12
723,3,engineering,Columbae,bike,5.76,14
724,2,hs_interdisc,Otero,bike,4.51,17
725,3,engineering,Kappa Alpha Theta,walk,1.59,15
726,4,engineering,576 Alvarado,bike,4.41,17
727,4,hs_humanities,Adelfa,walk,1.59,13
728,1,hs_social,Larkin,bike,4.65,13
729,1,hs_social,Alondra,bike,5.44,18
730,1,engineering,Donner,bike,5.65,15
731,4,engineering,Roble Hall,walk,1.6,15
732,2,hs_social,Roble Hall,walk,1.3,14
733,2,engineering,Roble Hall,walk,1.54,15
734,1,engineering,Castano,walk,1.42,15
735,4,engineering,Kairos,bike,5.49,17
736,2,engineering,Potter,bike,5.58,14
737,1,hs_interdisc,Schiff,bike,5.0,15
738,4,hs_humanities,Synergy,bike,4.95,12
739,1,hs_interdisc,Branner,bike,4.76,14
740,2,hs_humanities,Crothers Memorial,walk,1.37,13
741,4,engineering,Mirrielees,bike,5.17,16
742,2,hs_social,Roble Hall,walk,1.63,12
743,2,hs_interdisc,Alpha Phi/KKG,walk,1.65,15
744,4,engineering,Murray,bike,4.94,16
745,4,engineering,EAST,bike,4.86,13
746,4,hs_social,Potter,bike,5.11,12
747,1,engineering,West Lagunita,walk,1.6,17
748,3,hs_interdisc,Mirrielees,walk,1.35,14
749,2,engineering,Trancos,walk,1.33,15
750,4,hs_natural,Narnia,bike,5.3,13
751,1,hs_interdisc,Potter,bike,5.18,12
752,3,engineering,Terra,bike,4.25,18
753,1,engineering,Muwekma-Tah-Ruk,bike,4.64,15
754,4,engineering,Mars,bike,4.13,15
755,1,hs_social,Castano,bike,5.39,12
756,1,hs_social,Muwekma-Tah-Ruk,walk,1.41,13
757,1,hs_social,Potter,walk,1.52,16
758,2,hs_natural,Muwekma-Tah-Ruk,bike,5.53,15
759,4,engineering,Junipero,walk,1.57,15
760,4,doerr,550 Lasuen,bike,4.91,15
761,3,hs_natural,Ng,bike,5.31,15
762,1,hs_humanities,West Lagunita,walk,1.43,15
763,3,hs_humanities,EVGR,bike,5.26,12
764,4,engineering,Muwekma-Tah-Ruk,electric,7.73,16
765,3,hs_interdisc,Meier,bike,4.24,17
766,2,hs_interdisc,Crothers Memorial,bike,5.15,14
767,1,hs_interdisc,Burbank,bike,4.35,14
768,2,hs_interdisc,Kimball,bike,5.17,13
769,2,hs_social,Crothers Memorial,walk,1.38,14
770,2,engineering,Loro,electric,7.84,17
771,2,hs_interdisc,Enchanted Broccoli Forest,bike,4.23,12
772,4,hs_natural,Muwekma-Tah-Ruk,bike,4.28,13
773,4,hs_interdisc,Okada,bike,4.74,16
774,2,hs_natural,Paloma,walk,1.42,15
775,2,hs_social,Otero,walk,1.35,16
776,4,hs_humanities,Ujamaa,bike,5.33,15
777,2,hs_natural,Junipero,bike,4.44,14
778,4,engineering,Terra,bike,4.86,14
779,4,hs_humanities,Twain,bike,4.67,14
780,2,engineering,Murray,walk,1.44,15
781,1,hs_interdisc,Casa Zapata,bike,4.35,18
782,3,hs_interdisc,Crothers Memorial,bike,4.98,15
783,3,engineering,Naranja,bike,4.47,18
784,2,engineering,Phi Kappa Psi,bike,4.43,12
785,3,hs_social,Burbank,walk,1.56,16
786,1,hs_social,Lantana,walk,1.31,12
787,3,hs_natural,Muwekma-Tah-Ruk,walk,1.51,12
788,2,hs_humanities,Roble Hall,bike,5.78,13
789,4,hs_interdisc,Trancos,bike,4.91,13
790,2,hs_social,Roble Hall,walk,1.58,14
791,2,engineering,Yost,walk,1.33,13
792,1,engineering,Rinconada,bike,5.8,16
793,3,hs_humanities,Mirrielees,bike,5.35,14
794,3,hs_interdisc,Potter,bike,5.72,15
795,1,engineering,Donner,bike,5.36,13
796,1,engineering,Donner,bike,5.31,14
797,3,hs_interdisc,Kairos,bike,5.23,14
798,4,hs_interdisc,Potter,walk,1.5,16
799,3,hs_social,EAST,bike,5.27,15
800,2,engineering,EAST,bike,5.64,17
801,2,hs_social,Junipero,bike,5.49,15
802,1,engineering,Alondra,bike,4.76,15
803,2,engineering,Kimball,walk,1.56,14
804,4,engineering,Narnia,bike,4.23,13
805,4,hs_interdisc,Robert Moore North,walk,1.41,14
806,4,engineering,Toussaint,bike,4.21,12
807,1,hs_interdisc,Rinconada,bike,4.44,18
808,3,hs_interdisc,Delta Delta Delta,walk,1.57,15
809,2,engineering,Roble Hall,bike,4.61,13
810,4,engineering,BOB,bike,5.8,18
811,2,hs_interdisc,Loro,bike,4.87,12
812,3,hs_natural,Xanadu,bike,4.52,15
813,4,hs_social,Hammarskjold,bike,4.22,16
814,1,engineering,Donner,bike,5.69,13
815,4,hs_social,Terra,bike,4.73,15
816,2,hs_natural,Meier,bike,4.39,18
817,3,engineering,Roth,bike,5.42,14
818,3,engineering,Roble Hall,bike,5.14,16
819,4,engineering,Kappa Alpha Theta,electric,7.06,16
820,3,hs_social,Synergy,bike,4.41,12
821,1,doerr,Castano,walk,1.64,12
822,2,hs_social,Muwekma-Tah-Ruk,walk,1.49,12
823,1,engineering,Schiff,bike,4.06,13
824,3,engineering,Meier,bike,5.05,14
825,2,engineering,Columbae,bike,5.64,12
826,2,engineering,Kimball,bike,5.14,13
827,4,engineering,Cardenal,bike,5.27,12
828,3,engineering,Gavilan,bike,4.64,16
829,1,hs_social,Potter,walk,1.32,15
830,4,hs_social,Durand,bike,4.42,16
831,1,hs_social,Mirlo,bike,4.91,16
832,3,hs_interdisc,EVGR,bike,5.58,15
833,3,hs_interdisc,Twain,bike,5.07,13
834,1,hs_natural,Branner,bike,5.11,17
835,4,engineering,Mirrielees,bike,4.43,14
836,2,engineering,Gavilan,electric,6.46,17
837,1,doerr,Castano,bike,5.01,18
838,4,engineering,Delta Delta Delta,bike,5.08,16
839,1,engineering,Lantana,walk,1.67,14
840,3,engineering,EAST,bike,4.53,17
841,2,hs_interdisc,Synergy,walk,1.5,15
842,2,hs_social,Crothers Memorial,bike,4.75,15
843,4,hs_interdisc,Xanadu,bike,5.69,14
844,2,hs_social,Ng,bike,5.79,14
845,3,hs_interdisc,Govco Suites,bike,5.01,16
846,1,hs_interdisc,Ujamaa,bike,4.3,15
847,3,hs_natural,Loro,bike,5.36,13
848,1,hs_humanities,Cedro,bike,4.1,15
849,3,engineering,Twain,bike,4.99,15
850,2,engineering,Phi Kappa Psi,electric,6.6,16
851,1,hs_interdisc,Burbank,bike,4.1,14
852,1,hs_natural,Cedro,bike,4.57,17
853,2,hs_natural,Kappa Sigma,bike,5.61,14
854,3,engineering,Toyon,walk,1.33,14
855,2,hs_interdisc,Adelfa,bike,5.78,12
856,1,hs_interdisc,Rinconada,bike,4.66,17
857,1,engineering,Cardenal,bike,5.51,15
858,1,engineering,Mirlo,walk,1.5,14
859,3,engineering,Cardenal,bike,4.1,13
860,1,hs_interdisc,Casa Zapata,bike,5.1,13
861,1,hs_social,Casa Zapata,electric,6.89,17
862,4,hs_interdisc,Adams,walk,1.37,13
863,1,engineering,Branner,bike,4.13,13
864,2,engineering,Sigma Phi Epsilon,bike,4.73,12
865,2,engineering,Kimball,walk,1.34,13
866,1,engineering,Donner,bike,4.25,15
867,1,engineering,Ujamaa,bike,4.73,14
868,3,hs_interdisc,Paloma,walk,1.48,16
869,1,engineering,Lantana,bike,4.83,14
870,3,engineering,Otero,bike,4.86,15
871,2,hs_natural,Trancos,bike,5.08,13
872,2,engineering,Twain,bike,4.28,14
873,2,engineering,Kimball,bike,5.65,18
874,4,hs_natural,Govco Suites,bike,4.69,15
875,3,hs_social,Loro,bike,5.72,13
876,4,engineering,Kimball,walk,1.61,13
877,2,hs_interdisc,Kimball,bike,5.55,16
878,4,hs_interdisc,EVGR,walk,1.4,19
879,3,hs_interdisc,Mars,bike,4.02,14
880,4,engineering,Paloma,bike,4.77,14
881,3,engineering,Roble Hall,walk,1.67,16
882,2,engineering,Sally Ride,bike,4.07,14
883,1,hs_interdisc,Okada,bike,4.62,14
884,3,engineering,Faisan,bike,5.4,16
885,3,hs_natural,EAST,bike,4.08,17
886,3,engineering,Casa Zapata,bike,5.35,15
887,1,hs_humanities,Potter,bike,5.17,14
888,4,hs_interdisc,Sally Ride,bike,5.47,14
889,1,engineering,Casa Zapata,bike,5.71,13
890,4,hs_natural,Meier,walk,1.7,14
891,3,hs_social,680 Lomita,bike,5.3,18
892,4,engineering,BOB,bike,4.34,12
893,4,engineering,Paloma,bike,5.67,13
894,2,hs_humanities,Meier,bike,4.74,16
895,2,hs_social,Potter,bike,4.36,15
896,1,hs_interdisc,Cardenal,bike,4.29,13
897,4,engineering,Toussaint,bike,4.34,16
898,2,engineering,Sigma Phi Epsilon,walk,1.44,15
899,2,hs_social,Cardenal,bike,5.16,13
900,4,hs_humanities,Kappa Sigma,bike,4.8,15
901,2,hs_social,Burbank,bike,4.37,15
902,1,engineering,Ujamaa,bike,5.33,12
903,2,hs_natural,Ng,bike,4.8,15
904,3,hs_social,Loro,bike,4.95,15
905,3,engineering,Casa Zapata,bike,4.2,16
906,3,engineering,Govco Suites,bike,4.25,15
907,1,hs_interdisc,Branner,bike,4.37,16
908,1,engineering,West Lagunita,bike,5.8,14
909,1,engineering,Schiff,bike,5.64,14
910,1,hs_interdisc,Potter,bike,5.19,18
911,2,hs_natural,Gavilan,electric,6.61,15
912,2,engineering,Norcliffe,walk,1.55,14
913,2,hs_social,Roble Hall,walk,1.51,15
914,2,engineering,Synergy,walk,1.38,14
915,3,hs_interdisc,Ng,bike,5.21,15
916,4,engineering,Kimball,electric,7.62,12
917,4,hs_interdisc,Norcliffe,bike,5.35,15
918,3,engineering,Cardenal,electric,7.1,16
919,3,hs_interdisc,Murray,electric,7.24,16
920,2,engineering,Ujamaa,bike,4.32,14
921,4,engineering,Naranja,bike,4.27,17
922,2,engineering,Crothers Memorial,bike,4.44,13
923,1,engineering,Casa Zapata,walk,1.31,14
924,4,engineering,Crothers Memorial,electric,7.35,12
925,4,hs_social,Roble Hall,bike,5.29,18
926,4,hs_interdisc,Yost,bike,5.1,16
927,4,hs_interdisc,Cardenal,bike,5.14,13
928,2,hs_interdisc,Meier,bike,4.12,14
929,4,hs_interdisc,Delta Delta Delta,walk,1.54,13
930,3,engineering,Grove,bike,5.17,15
931,1,hs_interdisc,Ujamaa,bike,4.12,13
932,2,hs_interdisc,Roble Hall,walk,1.54,16
933,4,engineering,Adelfa,bike,4.32,14
934,1,engineering,Rinconada,bike,5.28,13
935,3,engineering,ZAP,bike,4.68,12
936,1,hs_interdisc,Mirlo,bike,4.8,16
937,2,engineering,Crothers Memorial,bike,5.44,14
938,3,hs_interdisc,Potter,bike,4.23,13
939,3,engineering,Mirrielees,bike,5.5,13
940,4,engineering,Delta Delta Delta,bike,5.63,16
941,3,hs_social,Roble Hall,bike,4.67,15
942,3,hs_interdisc,Potter,walk,1.38,14
943,4,hs_interdisc,Otero,bike,5.54,18
944,1,hs_humanities,Burbank,walk,1.63,17
945,1,hs_social,Larkin,bike,5.63,12
946,1,hs_interdisc,Potter,bike,5.77,13
947,1,engineering,Ujamaa,electric,6.2,13
948,4,engineering,Casa Zapata,bike,5.44,15
949,3,engineering,Mirrielees,bike,4.5,14
950,3,hs_natural,Faisan,electric,7.23,16
951,4,engineering,Jerry,bike,5.42,15
952,3,engineering,Loro,electric,7.94,16
953,1,engineering,Potter,bike,4.15,20
954,1,hs_interdisc,Castano,walk,1.33,15
955,3,hs_humanities,Toyon,bike,4.65,12
956,2,hs_social,Alpha Phi/KKG,bike,4.44,15
957,1,engineering,Soto,bike,5.3,16
958,4,doerr,Toyon,bike,4.44,12
959,4,hs_natural,Govco Suites,bike,5.48,13
960,1,engineering,Potter,bike,4.93,15
961,3,engineering,Sally Ride,bike,5.37,15
962,3,hs_social,Grove,bike,4.11,15
963,3,engineering,680 Lomita,bike,4.94,15
964,2,engineering,Ng,bike,5.25,13
965,3,engineering,Roble Hall,walk,1.57,18
966,3,hs_social,550 Lasuen,bike,4.6,15
967,3,engineering,Mirrielees,bike,4.85,16
968,2,engineering,Loro,bike,4.83,15
969,4,engineering,Otero,bike,5.79,12
970,1,engineering,Branner,bike,5.05,15
971,3,engineering,Kappa Sigma,walk,1.56,12
972,3,engineering,Govco Suites,bike,4.23,17
973,3,engineering,Crothers Memorial,walk,1.37,12
974,3,engineering,Jerry,bike,4.56,16
975,4,hs_humanities,Junipero,walk,1.4,15
976,4,engineering,EVGR,bike,4.93,13
977,1,hs_social,Crothers,bike,4.95,13
978,4,engineering,Crothers Memorial,bike,4.84,14
979,3,hs_interdisc,Yost,walk,1.68,20
980,3,engineering,Adams,bike,5.44,14
981,4,engineering,Toyon,walk,1.6,16
982,3,engineering,Govco Suites,bike,5.58,14
983,4,engineering,Adelfa,walk,1.41,15
984,1,engineering,Rinconada,bike,5.25,17
985,1,hs_natural,Branner,bike,4.1,12
986,2,hs_social,Ng,bike,4.82,14
987,2,hs_interdisc,Roble Hall,walk,1.57,12
988,1,engineering,Donner,bike,5.25,20
989,4,engineering,Pi Beta Phi,bike,4.69,13
990,3,doerr,EVGR,walk,1.6,12
991,1,hs_social,Larkin,bike,5.49,16
992,3,engineering,Ujamaa,bike,5.71,17
993,1,hs_social,Otero,bike,5.03,14
994,3,hs_natural,Mirrielees,bike,4.82,15
995,1,hs_interdisc,Rinconada,bike,5.41,19
996,4,hs_social,Cardenal,bike,4.22,17
997,1,hs_natural,Cardenal,bike,5.76,14
998,1,hs_natural,Burbank,bike,4.27,18
999,4,engineering,Roble Hall,bike,4.22,14
1000,4,hs_natural,Mirrielees,bike,4.4,15
1001,2,engineering,576 Alvarado,electric,7.06,14
1002,2,engineering,Loro,bike,4.78,16
1003,4,engineering,Potter,walk,1.35,16
1004,4,hs_natural,Sigma Nu,bike,4.28,14
1005,2,hs_natural,Meier,walk,1.42,14
1006,4,engineering,Potter,walk,1.62,14
1007,3,engineering,Casa Zapata,bike,4.35,15
1008,3,engineering,Otero,bike,4.88,17
1009,2,hs_social,Ujamaa,walk,1.55,12
1010,4,engineering,Casa Zapata,bike,5.15,15
1011,3,engineering,Govco Suites,bike,4.77,12
1012,4,engineering,Roble Hall,bike,4.15,14
1013,2,hs_humanities,EAST,bike,4.7,14
1014,4,engineering,Burbank,bike,5.24,12
1015,1,engineering,Castano,walk,1.51,12
1016,2,hs_interdisc,Junipero,bike,4.59,12
1017,4,engineering,Loro,bike,4.34,15
1018,1,hs_interdisc,Cedro,bike,5.39,16
1019,4,hs_social,Govco Suites,bike,4.65,14
1020,2,engineering,Adelfa,walk,1.3,13
1021,3,hs_interdisc,Norcliffe,bike,5.6,14
1022,3,hs_interdisc,Norcliffe,bike,5.77,15
1023,2,hs_interdisc,Murray,electric,7.41,18
1024,2,hs_interdisc,Potter,bike,5.46,16
1025,1,hs_social,Cardenal,bike,5.12,12
1026,4,engineering,Kimball,bike,4.08,14
1027,4,engineering,Toyon,electric,7.01,16
1028,1,hs_social,West Lagunita,bike,4.06,13
1029,1,hs_social,Schiff,bike,4.45,15
1030,3,hs_social,Kimball,bike,4.8,12
1031,3,engineering,Trancos,walk,1.49,13
1032,2,hs_interdisc,Phi Kappa Psi,bike,5.47,12
1033,2,engineering,Murray,bike,5.51,13
1034,3,engineering,Ujamaa,bike,4.3,17
1035,4,hs_humanities,Pi Beta Phi,bike,5.5,13
1036,2,engineering,Phi Kappa Psi,bike,5.17,19
1037,2,engineering,Kappa Alpha Theta,walk,1.32,13
1038,2,hs_natural,Burbank,bike,4.07,14
1039,2,engineering,Roble Hall,walk,1.31,12
1040,1,hs_social,Potter,walk,1.61,14
1041,2,engineering,Enchanted Broccoli Forest,bike,4.91,12
1042,2,hs_natural,Toyon,bike,5.63,18
1043,1,hs_social,Ujamaa,bike,4.5,12
1044,1,hs_interdisc,Larkin,walk,1.59,12
1045,3,hs_natural,Norcliffe,bike,4.28,12
1046,4,engineering,BOB,bike,4.96,18
1047,2,hs_interdisc,Faisan,bike,5.56,17
1048,3,engineering,Govco Suites,bike,4.73,13
1049,3,hs_interdisc,Pluto,bike,4.77,12
1050,1,hs_social,Burbank,bike,5.59,18
1051,2,hs_interdisc,Sigma Nu,bike,4.89,16
1052,4,hs_humanities,Storey,bike,4.49,13
1053,3,hs_interdisc,Norcliffe,bike,4.94,14
1054,4,engineering,Twain,walk,1.52,13
1055,4,hs_social,Murray,walk,1.42,14
1056,2,hs_interdisc,Toyon,bike,5.19,15
1057,1,hs_natural,Lantana,walk,1.69,13
1058,1,hs_interdisc,Robinson,walk,1.54,14
1059,4,engineering,Delta Delta Delta,bike,4.29,17
1060,1,hs_interdisc,Mirlo,bike,5.73,13
1061,3,engineering,Potter,bike,4.78,17
1062,3,engineering,Toyon,walk,1.65,12
1063,2,hs_interdisc,Toyon,bike,4.14,15
1064,1,engineering,Donner,walk,1.46,15
1065,1,hs_humanities,Cedro,bike,4.91,16
1066,4,hs_interdisc,Junipero,bike,5.51,16
1067,1,engineering,Soto,bike,5.23,15
1068,2,engineering,Meier,bike,5.2,12
1069,2,hs_social,Norcliffe,bike,4.4,18
1070,3,engineering,Delta Delta Delta,bike,4.45,12
1071,4,hs_natural,Roble Hall,bike,5.79,16
1072,1,engineering,Ujamaa,bike,4.44,18
1073,4,hs_interdisc,Mirrielees,bike,5.75,14
1074,2,hs_social,Potter,electric,6.52,14
1075,4,engineering,Govco Suites,walk,1.48,12
1076,2,hs_interdisc,Phi Kappa Psi,bike,5.04,15
1077,4,engineering,EVGR,walk,1.54,17
1078,4,engineering,Loro,bike,4.27,13
1079,3,hs_social,Kimball,bike,5.74,16
1080,1,engineering,Robinson,electric,6.61,14
1081,3,engineering,EAST,electric,7.41,13
1082,2,engineering,Okada,bike,4.91,13
1083,4,engineering,EVGR,bike,4.47,14
1084,1,hs_interdisc,Cardenal,bike,5.55,17
1085,4,engineering,Faisan,bike,5.54,15
1086,4,engineering,Toyon,bike,4.21,12
1087,2,hs_social,Roble Hall,bike,5.11,14
1088,3,hs_interdisc,Sigma Phi Epsilon,bike,4.78,18
1089,4,hs_humanities,EVGR,bike,5.08,17
1090,1,hs_interdisc,Lantana,walk,1.69,12
1091,3,engineering,BOB,bike,5.45,17
1092,2,engineering,Adams,walk,1.35,15
1093,1,hs_social,Crothers,bike,4.4,16
1094,1,hs_social,Lantana,bike,4.2,18
1095,1,hs_interdisc,Burbank,walk,1.41,14
1096,2,engineering,Murray,walk,1.66,14
1097,3,engineering,Durand,bike,4.11,15
1098,3,hs_social,Adams,walk,1.58,16
1099,2,engineering,Delta Delta Delta,walk,1.44,14
1100,1,engineering,Branner,bike,4.56,14
1101,4,hs_social,aKDPhi/Chi Omega,bike,4.68,13
1102,4,hs_social,Sally Ride,bike,5.59,15
1103,4,engineering,Jerry,bike,4.86,17
1104,4,engineering,Meier,bike,4.78,13
1105,1,hs_interdisc,Casa Zapata,walk,1.48,15
1106,4,hs_interdisc,Govco Suites,walk,1.44,15
1107,4,hs_interdisc,Toyon,bike,4.11,15
1108,4,hs_interdisc,EAST,bike,4.22,14
1109,3,engineering,Pi Beta Phi,electric,6.24,12
1110,2,engineering,Norcliffe,bike,4.28,16
1111,4,engineering,Robert Moore North,bike,5.51,12
1112,4,hs_interdisc,Toyon,bike,4.68,13
1113,1,hs_interdisc,Schiff,walk,1.41,14
1114,3,hs_natural,Columbae,bike,5.43,17
1115,4,engineering,Kappa Alpha Theta,bike,4.6,17
1116,2,engineering,Cardenal,walk,1.34,12
1117,3,hs_interdisc,BOB,walk,1.41,14
1118,4,hs_interdisc,Okada,bike,5.59,15
1119,1,engineering,Cedro,bike,5.22,14
1120,3,hs_natural,Toyon,bike,4.71,16
1121,3,hs_interdisc,EVGR,bike,4.69,16
1122,3,engineering,Mars,bike,4.69,18
1123,1,hs_social,Larkin,bike,5.29,14
1124,4,engineering,Meier,bike,5.05,14
1125,3,hs_social,Paloma,bike,4.28,14
1126,3,hs_interdisc,Roble Hall,bike,5.39,15
1127,4,hs_interdisc,Xanadu,walk,1.41,12
1128,1,hs_interdisc,Mirlo,bike,4.34,12
1129,4,hs_social,EVGR,bike,4.06,17
1130,3,engineering,Mirrielees,bike,5.34,19
1131,3,engineering,EVGR,bike,4.29,16
1132,3,doerr,Mirrielees,bike,5.78,12
1133,2,hs_interdisc,Burbank,walk,1.47,16
1134,4,doerr,Roble Hall,bike,4.73,14
1135,2,engineering,Kimball,walk,1.34,14
1136,4,engineering,Meier,bike,4.64,14
1137,1,hs_interdisc,Arroyo,bike,5.02,12
1138,2,engineering,Naranja,walk,1.43,16
1139,1,engineering,Rinconada,bike,5.44,13
1140,4,hs_interdisc,Adams,bike,5.13,18
1141,2,engineering,Crothers Memorial,walk,1.35,17
1142,1,hs_interdisc,Okada,bike,4.95,14
1143,2,hs_interdisc,Columbae,bike,5.46,13
1144,2,hs_social,Roble Hall,bike,5.33,16
1145,3,engineering,Kappa Alpha Theta,bike,5.42,16
1146,3,engineering,Gavilan,bike,5.64,14
1147,4,engineering,Mars,bike,5.25,14
1148,3,hs_humanities,Enchanted Broccoli Forest,walk,1.41,18
1149,2,hs_interdisc,Roble Hall,bike,5.39,12
1150,3,hs_social,Mirrielees,bike,5.74,17
1151,3,hs_social,Toyon,bike,4.99,12
1152,4,engineering,Loro,bike,4.71,15
1153,3,hs_interdisc,Loro,bike,5.02,15
1154,2,engineering,Sigma Nu,bike,4.05,16
1155,1,hs_social,Soto,electric,7.93,14
1156,4,engineering,Robert Moore North,bike,4.1,15
1157,1,engineering,Lantana,bike,4.93,12
1158,4,hs_social,Roble Hall,bike,5.34,12
1159,4,hs_interdisc,aKDPhi/Chi Omega,bike,4.82,12
1160,1,engineering,Larkin,walk,1.69,14
1161,3,engineering,EVGR,bike,4.05,16
1162,3,doerr,EVGR,bike,4.87,18
1163,2,hs_interdisc,Kappa Sigma,walk,1.39,18
1164,1,engineering,Cedro,walk,1.6,15
1165,4,hs_social,Kimball,walk,1.39,12
1166,4,engineering,Meier,bike,4.53,12
1167,1,engineering,West Lagunita,walk,1.45,12
1168,1,hs_interdisc,West Lagunita,walk,1.3,14
1169,1,engineering,Ujamaa,bike,5.71,12
1170,3,hs_social,Kimball,bike,4.95,12
1171,2,engineering,Terra,walk,1.68,15
1172,4,hs_social,Kimball,bike,5.36,19
1173,2,engineering,Kimball,bike,5.03,13
1174,4,hs_social,Adams,bike,4.6,12
1175,1,engineering,Lantana,bike,4.11,14
1176,1,hs_interdisc,Arroyo,bike,4.27,15
1177,3,hs_social,Alpha Phi/KKG,bike,5.61,14
1178,3,engineering,Synergy,bike,4.01,17
1179,4,engineering,EVGR,bike,4.83,18
1180,2,hs_interdisc,Twain,walk,1.47,16
1181,3,engineering,Ng,bike,4.28,15
1182,3,hs_social,Otero,bike,5.3,17
1183,4,hs_social,Kappa Sigma,bike,5.32,12
1184,3,hs_natural,Neptune,bike,5.72,13
1185,1,hs_interdisc,West Lagunita,bike,5.44,16
1186,2,hs_social,Crothers Memorial,bike,4.04,15
1187,3,hs_social,Sigma Phi Epsilon,bike,4.01,15
1188,4,hs_humanities,Meier,bike,4.79,16
1189,2,engineering,EAST,bike,4.58,13
1190,3,hs_interdisc,EAST,bike,4.89,15
1191,4,engineering,Mirrielees,bike,5.25,16
1192,1,doerr,Cedro,bike,4.98,16
1193,1,hs_interdisc,Larkin,bike,5.19,12
1194,4,engineering,BOB,bike,4.5,17
1195,1,engineering,Larkin,walk,1.56,16
1196,1,engineering,Mirlo,electric,6.61,18
1197,1,engineering,Cedro,bike,4.66,15
1198,2,hs_natural,Roble Hall,bike,5.27,15
1199,2,doerr,Kappa Alpha Theta,walk,1.61,16
1200,3,hs_interdisc,Mirrielees,bike,4.97,14
1201,2,hs_humanities,Toyon,walk,1.65,16
1202,3,engineering,Enchanted Broccoli Forest,walk,1.43,14
1203,4,engineering,Mirrielees,bike,4.04,17
1204,3,hs_social,Roble Hall,bike,5.1,12
1205,3,engineering,Faisan,walk,1.67,15
1206,4,engineering,Kairos,walk,1.45,15
1207,4,engineering,Sigma Phi Epsilon,electric,7.37,12
1208,4,hs_interdisc,Toyon,bike,5.58,16
1209,3,hs_interdisc,Casa Zapata,bike,4.23,15
1210,2,engineering,EAST,bike,4.56,13
1211,4,hs_humanities,Toyon,bike,4.09,16
1212,2,hs_humanities,Junipero,bike,5.74,15
1213,2,hs_interdisc,Crothers Memorial,bike,4.65,16
1214,2,hs_humanities,Twain,bike,4.24,15
1215,3,engineering,Mirrielees,walk,1.43,15
1216,2,hs_interdisc,Loro,walk,1.31,14
1217,4,hs_interdisc,Junipero,bike,5.28,15
1218,2,hs_social,Meier,bike,5.61,16
1219,1,engineering,Mirlo,bike,5.64,12
1220,2,hs_natural,Roble Hall,bike,4.99,14
1221,1,hs_humanities,West Lagunita,bike,4.64,15
1222,4,engineering,Crothers Memorial,bike,4.99,15
1223,1,engineering,Lantana,walk,1.39,12
1224,4,hs_natural,Roble Hall,bike,5.8,15
1225,3,engineering,Meier,bike,4.98,15
1226,4,hs_interdisc,Kappa Alpha Theta,walk,1.61,17
1227,1,hs_interdisc,Rinconada,bike,4.37,15
1228,2,engineering,Casa Zapata,walk,1.41,12
1229,3,engineering,EVGR,walk,1.54,13
1230,4,hs_interdisc,Jerry,walk,1.3,14
1231,1,engineering,Castano,bike,5.58,17
1232,3,engineering,Burbank,bike,5.16,16
1233,1,engineering,West Lagunita,bike,5.72,15
1234,3,hs_natural,Crothers Memorial,bike,4.87,17
1235,1,hs_humanities,Otero,walk,1.39,16
1236,4,hs_interdisc,Loro,bike,4.64,13
1237,2,hs_interdisc,Meier,bike,4.76,14
1238,3,hs_humanities,Delta Delta Delta,bike,4.53,13
1239,2,engineering,Muwekma-Tah-Ruk,walk,1.68,13
1240,4,hs_social,Naranja,bike,5.19,14
1241,3,hs_social,Paloma,bike,4.96,12
1242,4,hs_natural,Pi Beta Phi,bike,5.09,16
1243,1,hs_social,Cardenal,bike,5.57,14
1244,2,engineering,Ujamaa,bike,4.83,14
1245,1,engineering,Potter,bike,4.69,16
1246,1,engineering,Schiff,walk,1.43,17
1247,3,hs_natural,Crothers Memorial,bike,5.7,15
1248,3,hs_humanities,Delta Delta Delta,bike,4.96,14
1249,1,engineering,Casa Zapata,bike,4.54,17
1250,3,hs_humanities,Yost,bike,5.54,14
1251,4,engineering,Crothers Memorial,bike,4.53,14
1252,1,hs_interdisc,Casa Zapata,electric,7.3,16
1253,1,engineering,Branner,electric,7.81,13
1254,1,engineering,Lantana,bike,4.29,16
1255,3,engineering,Crothers Memorial,electric,7.24,13
1256,2,hs_humanities,Delta Delta Delta,bike,5.11,15
1257,2,hs_social,EAST,bike,5.8,12
1258,3,hs_interdisc,Mirrielees,electric,7.56,14
1259,2,hs_natural,Trancos,bike,5.2,14
1260,2,hs_natural,Kimball,bike,5.31,16
1261,2,hs_social,Casa Zapata,walk,1.47,17
1262,4,hs_humanities,Burbank,bike,4.92,17
1263,4,hs_interdisc,Crothers Memorial,walk,1.5,12
1264,3,engineering,Ujamaa,bike,4.59,13
1265,3,engineering,Casa Zapata,bike,4.57,13
1266,4,engineering,aKDPhi/Chi Omega,walk,1.39,15
1267,4,hs_social,Crothers Memorial,bike,4.76,17
1268,3,hs_humanities,Crothers Memorial,bike,5.39,16
1269,3,hs_interdisc,EVGR,walk,1.67,15
1270,2,hs_interdisc,Loro,electric,7.82,12
1271,4,hs_social,Toyon,bike,4.04,13
1272,2,hs_social,Ng,bike,4.06,13
1273,2,engineering,Gavilan,bike,4.57,13
1274,1,hs_interdisc,Alondra,bike,4.99,14
1275,2,hs_interdisc,Crothers Memorial,bike,4.67,15
1276,2,hs_social,Murray,walk,1.41,15
1277,3,hs_natural,Toussaint,bike,4.35,18
1278,1,engineering,Burbank,bike,4.21,14
1279,3,engineering,Synergy,bike,4.6,18
1280,4,engineering,Neptune,bike,4.17,16
1281,3,hs_interdisc,Govco Suites,bike,5.42,18
1282,3,hs_interdisc,Murray,bike,5.54,14
1283,4,hs_natural,Sally Ride,bike,4.22,16
1284,2,hs_interdisc,Ng,bike,4.46,14
1285,3,engineering,Narnia,bike,5.76,16
1286,1,engineering,Crothers,electric,7.37,13
1287,1,hs_natural,Mirlo,bike,5.37,14
1288,3,engineering,Roble Hall,electric,7.39,16
1289,3,engineering,Jerry,bike,4.32,16
1290,3,hs_social,Ng,bike,4.68,14
1291,1,hs_natural,Schiff,bike,4.4,16
1292,4,engineering,EVGR,walk,1.35,15
1293,3,engineering,Delta Delta Delta,bike,5.0,14
1294,4,hs_interdisc,Sigma Phi Epsilon,bike,4.57,14
1295,4,engineering,Xanadu,walk,1.62,16
1296,4,hs_social,Okada,bike,5.09,17
1297,2,hs_social,Junipero,bike,5.58,14
1298,1,hs_interdisc,Crothers,bike,4.91,15
1299,1,hs_social,Larkin,bike,5.05,17
1300,2,hs_social,Crothers Memorial,walk,1.64,17
1301,3,engineering,Crothers Memorial,bike,5.34,12
1302,1,engineering,Cedro,bike,4.06,16
1303,2,engineering,Roble Hall,walk,1.56,16
1304,4,hs_humanities,EAST,walk,1.43,16
1305,1,engineering,Lantana,walk,1.58,16
1306,3,hs_humanities,Otero,walk,1.45,14
1307,3,engineering,EVGR,bike,4.65,17
1308,4,hs_social,EVGR,walk,1.55,17
1309,3,engineering,EVGR,walk,1.46,12
1310,4,doerr,Mirrielees,walk,1.67,12
1311,3,engineering,Govco Suites,bike,5.52,13
1312,1,hs_interdisc,Branner,bike,4.53,16
1313,1,engineering,Cedro,bike,4.39,16
1314,1,hs_interdisc,Mirlo,bike,5.24,15
1315,3,engineering,EVGR,bike,4.52,15
1316,3,hs_interdisc,Mirrielees,walk,1.64,15
1317,2,engineering,Casa Zapata,bike,4.26,14
1318,3,hs_social,Faisan,bike,4.92,12
1319,1,engineering,Rinconada,walk,1.51,14
1320,4,hs_natural,Govco Suites,electric,7.81,16
1321,2,hs_natural,Pi Beta Phi,electric,7.54,14
1322,4,hs_humanities,Terra,bike,5.01,13
1323,1,hs_natural,Branner,bike,4.24,12
1324,1,hs_humanities,Arroyo,bike,4.5,15
1325,4,hs_social,Columbae,bike,5.51,12
1326,4,hs_social,550 Lasuen,bike,4.0,16
1327,4,hs_social,Naranja,bike,4.35,14
1328,4,hs_interdisc,Ng,bike,4.7,16
1329,4,hs_interdisc,Kappa Alpha Theta,bike,5.02,14
1330,1,hs_natural,West Lagunita,bike,4.15,16
1331,1,hs_interdisc,Burbank,bike,5.68,17
1332,3,hs_humanities,Delta Delta Delta,bike,4.71,15
1333,4,hs_social,EVGR,bike,5.04,14
1334,3,hs_natural,Sigma Phi Epsilon,walk,1.52,14
1335,4,engineering,Crothers Memorial,bike,4.23,16
1336,2,hs_interdisc,Faisan,bike,5.77,16
1337,1,engineering,Otero,electric,6.42,12
1338,1,hs_interdisc,Crothers,bike,5.69,13
1339,2,engineering,Kimball,walk,1.41,19
1340,1,hs_natural,Crothers,bike,4.81,16
1341,1,engineering,Potter,bike,5.26,14
1342,2,hs_natural,Roble Hall,bike,4.53,15
1343,4,hs_social,Crothers Memorial,bike,5.05,12
1344,2,hs_social,Ng,bike,5.28,18
1345,4,engineering,Sally Ride,bike,5.1,13
1346,3,hs_humanities,ZAP,bike,4.47,16
1347,3,engineering,Toussaint,bike,4.51,15
1348,2,engineering,Roble Hall,bike,4.46,15
1349,4,engineering,Trancos,bike,5.03,14
1350,3,hs_humanities,Mirrielees,walk,1.4,13
1351,2,hs_interdisc,Faisan,walk,1.45,15
1352,3,hs_humanities,Kimball,bike,5.74,13
1353,3,hs_interdisc,Casa Zapata,bike,5.13,13
1354,3,engineering,Adams,bike,4.92,14
1355,2,hs_humanities,Ng,bike,5.12,13
1356,3,hs_natural,Crothers Memorial,bike,5.63,15
1357,3,engineering,Twain,walk,1.31,12
1358,2,hs_interdisc,Kimball,bike,4.72,12
1359,3,hs_humanities,Sally Ride,electric,7.34,17
1360,1,engineering,Burbank,bike,4.75,14
1361,2,hs_social,Kimball,bike,4.48,15
1362,3,engineering,EVGR,bike,4.42,12
1363,4,hs_interdisc,Mirrielees,walk,1.67,15
1364,3,engineering,Burbank,electric,7.99,13
1365,4,engineering,Faisan,walk,1.46,16
1366,2,engineering,Junipero,bike,5.24,17
1367,4,engineering,Storey,bike,4.66,16
1368,4,hs_humanities,Terra,electric,7.87,17
1369,3,engineering,Junipero,walk,1.69,13
1370,2,engineering,Murray,bike,5.67,13
1371,2,hs_interdisc,Adams,bike,4.19,16
1372,2,hs_humanities,Ng,walk,1.6,16
1373,2,engineering,Toyon,bike,5.21,13
1374,1,engineering,Soto,bike,4.39,17
1375,4,engineering,BOB,bike,4.67,13
1376,4,engineering,Ujamaa,bike,4.37,14
1377,4,hs_natural,Adelfa,bike,4.07,16
1378,1,hs_humanities,Burbank,walk,1.58,17
1379,4,hs_interdisc,Paloma,bike,4.14,13
1380,1,hs_social,Ujamaa,walk,1.46,18
1381,1,hs_interdisc,Soto,bike,5.5,14
1382,3,engineering,Potter,walk,1.66,14
1383,4,engineering,aKDPhi/Chi Omega,bike,5.21,12
1384,4,engineering,Loro,bike,4.87,12
1385,3,doerr,Crothers Memorial,bike,4.6,12
1386,2,hs_interdisc,Crothers Memorial,bike,5.14,15
1387,3,hs_natural,Roble Hall,bike,4.89,15
1388,1,engineering,Mirlo,bike,5.75,18
1389,2,hs_interdisc,Toyon,bike,4.81,16
1390,1,hs_interdisc,Arroyo,bike,5.77,12
1391,3,engineering,Kappa Alpha,bike,5.68,17
1392,1,hs_social,Casa Zapata,bike,5.23,15
1393,3,engineering,Okada,bike,5.7,12
1394,2,engineering,Paloma,bike,5.18,13
1395,2,hs_interdisc,Alpha Phi/KKG,walk,1.69,13
1396,1,engineering,Casa Zapata,bike,5.37,14
1397,2,hs_social,Robert Moore North,walk,1.61,12
1398,2,hs_interdisc,Kairos,walk,1.47,15
1399,1,hs_social,Okada,walk,1.36,13
1400,1,engineering,Otero,bike,5.18,16
1401,4,hs_social,Synergy,bike,5.18,14
1402,2,hs_interdisc,Norcliffe,bike,4.81,14
1403,2,engineering,Paloma,walk,1.62,17
1404,2,hs_natural,Potter,walk,1.63,15
1405,4,hs_natural,EVGR,walk,1.62,12
1406,1,hs_humanities,West Lagunita,bike,5.09,14
1407,1,hs_humanities,Arroyo,walk,1.31,13
1408,1,hs_interdisc,Soto,bike,5.02,12
1409,4,hs_natural,Murray,bike,4.9,12
1410,2,hs_interdisc,Pi Beta Phi,walk,1.52,15
1411,3,engineering,EVGR,bike,4.25,12
1412,4,hs_social,Pluto,bike,5.16,15
1413,1,hs_humanities,Cardenal,walk,1.34,18
1414,1,engineering,Mirlo,walk,1.43,18
1415,2,hs_interdisc,Junipero,bike,5.34,16
1416,3,hs_interdisc,ZAP,bike,5.43,14
1417,3,hs_social,Yost,bike,4.55,12
1418,4,engineering,Sally Ride,bike,5.62,16
1419,3,hs_social,Robert Moore North,bike,5.44,15
1420,4,hs_interdisc,Potter,bike,5.12,14
1421,3,engineering,Alpha Phi/KKG,walk,1.64,12
1422,1,hs_interdisc,Donner,bike,4.94,15
1423,4,hs_interdisc,Casa Zapata,bike,5.19,14
1424,2,hs_interdisc,Roble Hall,walk,1.42,12
1425,3,hs_interdisc,Kimball,bike,4.47,16
1426,1,hs_social,Rinconada,walk,1.35,14
1427,3,hs_social,Loro,bike,5.68,14
1428,1,hs_social,Robinson,walk,1.42,14
1429,2,hs_natural,Norcliffe,bike,4.01,15
1430,1,hs_interdisc,Lantana,bike,4.97,14
1431,2,doerr,Ujamaa,bike,4.58,14
1432,3,engineering,Toyon,bike,4.58,16
1433,4,engineering,Norcliffe,walk,1.37,13
1434,3,hs_interdisc,EAST,bike,5.79,13
1435,1,hs_social,Donner,bike,5.07,14
1436,1,engineering,Muwekma-Tah-Ruk,walk,1.35,16
1437,4,hs_social,Warehaus,bike,4.24,12
1438,4,hs_natural,Ng,walk,1.61,15
1439,1,hs_natural,Larkin,bike,4.02,14
1440,4,hs_interdisc,Faisan,bike,4.3,16
1441,2,hs_interdisc,Crothers Memorial,bike,4.86,16
1442,1,engineering,Branner,bike,5.29,15
1443,4,hs_social,Cardenal,walk,1.38,14
1444,3,engineering,ZAP,bike,5.31,15
1445,3,hs_humanities,EVGR,bike,4.23,14
1446,1,hs_interdisc,Schiff,bike,5.37,16
1447,3,engineering,Xanadu,bike,4.02,13
1448,1,hs_social,Arroyo,bike,5.25,13
1449,4,hs_interdisc,Mars,bike,5.42,19
1450,1,engineering,Lantana,walk,1.46,16
1451,3,engineering,EAST,bike,4.72,14
1452,4,doerr,Enchanted Broccoli Forest,walk,1.34,13
1453,3,hs_social,550 Lasuen,walk,1.48,15
1454,4,engineering,Kappa Alpha Theta,walk,1.68,15
1455,3,engineering,Pi Beta Phi,bike,4.59,12
1456,4,hs_natural,Naranja,bike,5.01,12
1457,2,hs_interdisc,Okada,bike,4.32,14
1458,1,engineering,Potter,bike,4.04,16
1459,4,hs_natural,Govco Suites,electric,7.17,12
1460,4,engineering,Mirrielees,bike,5.4,14
1461,2,hs_interdisc,Twain,bike,5.58,15
1462,3,hs_humanities,Loro,electric,6.13,16
1463,1,hs_interdisc,Schiff,walk,1.56,17
1464,1,hs_social,Mirlo,walk,1.36,16
1465,4,hs_interdisc,Govco Suites,bike,5.44,12
1466,2,engineering,Okada,bike,4.98,14
1467,4,hs_humanities,Adams,walk,1.39,15
1468,4,hs_interdisc,Casa Zapata,bike,4.16,15
1469,2,hs_interdisc,Roble Hall,bike,4.03,14
1470,1,engineering,Casa Zapata,bike,4.31,12
1471,3,hs_humanities,Robert Moore North,walk,1.5,16
1472,1,hs_interdisc,Potter,walk,1.61,17
1473,4,engineering,Roble Hall,walk,1.4,14
1474,2,engineering,Crothers Memorial,bike,5.41,16
1475,4,engineering,Roble Hall,bike,4.8,12
1476,2,hs_interdisc,Sally Ride,bike,4.78,14
1477,3,engineering,Mirrielees,bike,4.74,17
1478,1,engineering,West Lagunita,bike,5.35,17
1479,2,engineering,Roble Hall,bike,4.25,16
1480,4,hs_humanities,Kimball,walk,1.47,16
1481,1,engineering,Branner,bike,5.41,13
1482,1,hs_social,West Lagunita,walk,1.42,15
1483,2,hs_humanities,Meier,bike,5.21,15
1484,1,hs_interdisc,Castano,bike,5.27,13
1485,2,engineering,Norcliffe,bike,5.64,13
1486,4,engineering,Govco Suites,walk,1.42,15
1487,1,hs_humanities,Cardenal,bike,4.96,16
1488,3,hs_natural,Kappa Alpha Theta,bike,4.51,12
1489,1,engineering,Casa Zapata,walk,1.36,12
1490,2,hs_humanities,Enchanted Broccoli Forest,bike,5.75,14
1491,4,engineering,Junipero,walk,1.3,17
1492,1,hs_interdisc,Soto,walk,1.48,16
1493,4,engineering,EVGR,bike,5.17,14
1494,3,hs_natural,Adelfa,electric,7.82,16
1495,3,hs_interdisc,Storey,bike,4.04,12
1496,2,hs_humanities,Adams,bike,4.83,12
1497,4,hs_interdisc,Roble Hall,walk,1.34,14
1498,2,hs_interdisc,Kimball,walk,1.41,14
1499,4,engineering,Okada,bike,5.66,16
1500,4,hs_humanities,Sigma Nu,electric,6.07,17
1501,4,hs_humanities,Toyon,bike,4.35,12
1502,2,hs_interdisc,Toyon,bike,4.39,15
1503,3,hs_social,Neptune,walk,1.63,16
1504,1,engineering,Donner,bike,4.21,16
1505,1,engineering,Lantana,bike,4.95,13
1506,3,hs_interdisc,Crothers Memorial,walk,1.39,15
1507,2,engineering,Roble Hall,electric,6.63,14
1508,2,hs_social,Junipero,bike,4.36,16
1509,4,engineering,EVGR,bike,4.9,12
1510,2,hs_natural,Otero,bike,5.11,14
1511,3,hs_humanities,Mirrielees,bike,5.55,17
1512,2,hs_interdisc,Paloma,bike,4.17,16
1513,2,hs_interdisc,Potter,bike,4.89,14
1514,2,engineering,Yost,bike,4.41,13
1515,1,hs_social,Castano,bike,4.66,17
1516,2,engineering,Norcliffe,electric,6.94,13
1517,2,engineering,Faisan,bike,4.59,17
1518,3,hs_interdisc,Junipero,bike,5.1,12
1519,2,engineering,Toyon,walk,1.36,14
1520,4,hs_interdisc,Junipero,bike,4.07,15
1521,1,hs_interdisc,Otero,bike,5.77,12
1522,3,hs_social,Synergy,bike,4.53,15
1523,2,hs_interdisc,Otero,bike,4.44,13
1524,2,engineering,Sigma Phi Epsilon,bike,4.63,14
1525,4,hs_interdisc,Sally Ride,walk,1.6,17
1526,2,engineering,Casa Zapata,walk,1.6,17
1527,4,hs_social,Gavilan,electric,6.66,18
1528,3,engineering,Govco Suites,electric,7.55,14
1529,2,engineering,Alpha Phi/KKG,bike,5.64,19
1530,2,engineering,Toyon,bike,5.73,15
1531,2,engineering,Gavilan,bike,5.07,17
1532,2,hs_interdisc,Delta Delta Delta,walk,1.44,13
1533,4,hs_natural,Kimball,bike,5.62,14
1534,2,doerr,Casa Zapata,bike,5.53,14
1535,3,hs_interdisc,Mirrielees,bike,5.57,13
1536,4,hs_humanities,Pi Beta Phi,bike,4.08,17
1537,1,engineering,Okada,bike,5.79,13
1538,1,hs_interdisc,Crothers,bike,5.01,14
1539,1,hs_interdisc,Burbank,bike,4.15,14
1540,2,engineering,Robert Moore North,bike,4.17,13
1541,2,engineering,Roble Hall,walk,1.49,12
1542,4,engineering,Sigma Phi Epsilon,walk,1.52,14
1543,3,engineering,EVGR,bike,4.61,15
1544,1,hs_social,Lantana,walk,1.57,16
1545,3,hs_interdisc,Burbank,walk,1.54,12
1546,2,hs_interdisc,Twain,bike,4.76,15
1547,3,engineering,Burbank,walk,1.63,16
1548,3,hs_interdisc,Roble Hall,bike,5.26,14
1549,4,hs_interdisc,Norcliffe,bike,5.23,16
1550,4,hs_interdisc,Kappa Sigma,walk,1.41,13
1551,3,hs_interdisc,Storey,bike,5.26,15
1552,4,hs_social,Mirrielees,walk,1.58,17
1553,3,engineering,EVGR,walk,1.43,15
1554,2,hs_interdisc,Meier,bike,4.86,14
1555,4,hs_natural,Ng,walk,1.55,17
1556,3,engineering,Neptune,bike,5.02,18
1557,4,hs_social,Terra,bike,4.95,16
1558,3,hs_interdisc,Junipero,walk,1.58,14
1559,2,engineering,Gavilan,electric,7.72,12
1560,2,hs_social,Norcliffe,electric,6.11,14
1561,3,engineering,Kappa Sigma,bike,4.25,13
1562,3,hs_natural,Junipero,walk,1.53,17
1563,4,hs_interdisc,EAST,bike,4.93,13
1564,3,hs_humanities,Grove,bike,5.28,14
1565,3,hs_interdisc,Ng,bike,5.7,15
1566,4,hs_social,Alpha Phi/KKG,walk,1.38,16
1567,3,hs_humanities,Mirrielees,walk,1.41,14
1568,4,engineering,Kimball,bike,5.0,16
1569,3,engineering,Potter,walk,1.45,13
1570,3,hs_social,Meier,bike,5.74,12
1571,4,hs_interdisc,Pluto,bike,5.16,14
1572,4,hs_humanities,Roble Hall,bike,5.59,13
1573,1,engineering,Branner,walk,1.69,12
1574,3,hs_interdisc,Robert Moore North,walk,1.53,14
1575,3,engineering,Mars,walk,1.54,15
1576,2,hs_natural,Crothers Memorial,bike,5.59,13
1577,2,engineering,Phi Kappa Psi,bike,4.06,14
1578,1,hs_interdisc,Larkin,walk,1.63,14
1579,3,hs_interdisc,EVGR,bike,5.65,12
1580,4,engineering,Grove,walk,1.69,18
1581,2,hs_interdisc,Roble Hall,bike,5.21,13
1582,3,engineering,EVGR,walk,1.55,13
1583,1,engineering,Schiff,bike,4.94,13
1584,3,engineering,Burbank,bike,5.18,13
1585,1,hs_natural,Branner,bike,4.22,14
1586,2,hs_social,Ujamaa,bike,4.26,13
1587,1,engineering,Soto,walk,1.39,17
1588,4,hs_natural,Meier,bike,5.39,15
1589,3,engineering,Mirrielees,bike,4.89,15
1590,2,hs_social,Roble Hall,bike,4.35,16
1591,2,engineering,Robert Moore North,bike,4.95,20
1592,2,hs_humanities,Toyon,bike,4.42,13
1593,2,engineering,Ujamaa,bike,5.3,13
1594,3,hs_humanities,Neptune,bike,5.26,18
1595,2,hs_humanities,Twain,bike,5.74,19
1596,2,hs_interdisc,Potter,bike,5.46,16
1597,2,hs_social,Otero,bike,4.18,12
1598,2,hs_interdisc,Naranja,walk,1.48,13
1599,4,engineering,550 Lasuen,bike,5.48,16
1600,1,hs_humanities,West Lagunita,bike,5.37,14
1601,4,engineering,Neptune,electric,7.99,15
1602,4,engineering,EVGR,bike,4.96,14
1603,1,hs_interdisc,Soto,bike,4.73,16
1604,1,hs_humanities,Lantana,walk,1.3,18
1605,4,engineering,Faisan,bike,4.33,12
1606,1,hs_interdisc,Schiff,bike,4.76,14
1607,1,engineering,Crothers,electric,6.56,13
1608,1,hs_social,Okada,bike,5.1,13
1609,2,hs_natural,Alpha Phi/KKG,walk,1.5,15
1610,1,hs_natural,Branner,bike,5.78,12
1611,2,hs_interdisc,Columbae,walk,1.4,16
1612,4,engineering,Roble Hall,electric,6.35,12
1613,3,engineering,Loro,bike,5.19,15
1614,2,hs_interdisc,Twain,bike,5.43,16
1615,4,hs_natural,Crothers Memorial,electric,7.78,12
1616,1,hs_interdisc,West Lagunita,bike,4.94,14
1617,1,hs_natural,Branner,bike,4.53,13
1618,3,engineering,Synergy,bike,4.15,17
1619,3,hs_social,Columbae,bike,4.19,20
1620,3,hs_social,Govco Suites,walk,1.51,14
1621,1,hs_interdisc,Rinconada,walk,1.45,12
1622,4,engineering,Crothers Memorial,walk,1.32,16
1623,3,engineering,Murray,walk,1.46,16
1624,3,hs_social,Narnia,walk,1.65,16
1625,1,hs_interdisc,Potter,bike,4.69,15
1626,1,hs_humanities,Mirlo,walk,1.3,14
1627,4,hs_natural,Mirrielees,bike,4.81,14
1628,1,hs_humanities,Donner,bike,4.93,16
1629,1,hs_social,Soto,bike,4.02,12
1630,2,hs_natural,Sigma Phi Epsilon,bike,4.38,16
1631,3,engineering,Delta Delta Delta,bike,4.7,15
1632,1,engineering,Soto,bike,4.28,17
1633,1,hs_social,Cedro,bike,4.9,16
1634,3,engineering,EVGR,walk,1.47,15
1635,4,engineering,EVGR,walk,1.63,16
1636,1,engineering,Schiff,bike,5.55,16
1637,2,engineering,Okada,bike,4.62,16
1638,4,hs_social,Toussaint,walk,1.67,17
1639,3,engineering,Mirrielees,bike,5.49,15
1640,4,hs_social,EVGR,walk,1.38,12
1641,3,hs_interdisc,Grove,bike,5.42,16
1642,4,engineering,Robert Moore North,bike,4.45,17
1643,2,hs_interdisc,EAST,walk,1.66,17
1644,3,hs_interdisc,Ujamaa,walk,1.69,15
1645,1,hs_social,Larkin,walk,1.57,17
1646,1,hs_natural,Lantana,bike,4.49,14
1647,3,hs_humanities,Kimball,bike,5.03,14
1648,1,hs_natural,Castano,bike,4.99,15
1649,4,hs_natural,Junipero,bike,4.86,12
1650,1,hs_interdisc,Robinson,bike,4.81,15
1651,4,engineering,Cardenal,bike,5.12,14
1652,3,hs_social,Otero,electric,6.67,15
1653,1,hs_social,Burbank,walk,1.35,15
1654,1,doerr,Cedro,bike,5.73,18
1655,4,engineering,Naranja,bike,4.62,12
1656,1,engineering,West Lagunita,bike,4.3,12
1657,2,hs_social,Toyon,walk,1.31,16
1658,1,engineering,Otero,walk,1.43,12
1659,3,engineering,Gavilan,bike,4.19,15
1660,4,engineering,Mars,walk,1.41,16
1661,4,engineering,Crothers Memorial,bike,4.29,15
1662,3,hs_interdisc,Pluto,bike,4.2,12
1663,4,hs_interdisc,576 Alvarado,bike,4.03,12
1664,3,engineering,Toyon,bike,4.77,15
1665,3,engineering,Potter,bike,4.74,12
1666,1,engineering,Schiff,bike,5.75,14
1667,2,hs_natural,Ujamaa,bike,5.66,14
1668,4,engineering,Otero,bike,5.63,16
1669,4,engineering,Pluto,bike,4.32,16
1670,3,hs_interdisc,Kimball,walk,1.68,14
1671,4,hs_social,Govco Suites,walk,1.5,15
1672,1,engineering,Rinconada,bike,5.19,16
1673,4,engineering,Ng,electric,7.54,12
1674,4,hs_social,Murray,bike,5.71,12
1675,2,engineering,Kimball,bike,5.55,15
1676,2,hs_humanities,Roble Hall,bike,4.56,17
1677,1,engineering,Crothers,walk,1.42,15
1678,4,engineering,Roble Hall,bike,4.19,13
1679,4,hs_interdisc,Kimball,bike,5.23,20
1680,1,engineering,Ujamaa,bike,4.25,14
1681,4,engineering,Burbank,bike,5.22,12
1682,4,engineering,Norcliffe,bike,4.61,13
1683,4,engineering,Neptune,walk,1.52,15
1684,3,engineering,EVGR,bike,5.49,15
1685,1,hs_interdisc,Robinson,bike,4.34,16
1686,3,engineering,Narnia,bike,5.19,12
1687,3,engineering,Burbank,walk,1.34,16
1688,2,engineering,Crothers Memorial,bike,4.21,13
1689,2,engineering,Pi Beta Phi,walk,1.57,14
1690,4,hs_social,Toussaint,bike,4.88,17
1691,3,hs_interdisc,Kimball,bike,4.65,14
1692,2,engineering,Roble Hall,bike,5.01,13
1693,1,engineering,Soto,bike,5.29,16
1694,3,hs_social,Mars,bike,4.13,13
1695,2,hs_interdisc,Trancos,bike,4.5,15
1696,1,hs_natural,Mirlo,bike,4.72,16
1697,1,engineering,Robinson,bike,5.41,16
1698,2,engineering,Pi Beta Phi,bike,5.77,15
1699,2,hs_social,Kimball,bike,4.74,14
1700,4,hs_natural,EVGR,walk,1.4,13
1701,2,hs_interdisc,Kimball,bike,4.4,13
1702,4,hs_interdisc,Norcliffe,walk,1.35,17
1703,2,engineering,Synergy,bike,5.52,17
1704,4,engineering,Paloma,bike,5.61,12
1705,1,engineering,Potter,bike,4.63,13
1706,3,hs_social,Sally Ride,bike,5.78,15
1707,3,hs_interdisc,Mirrielees,bike,4.91,19
1708,3,engineering,Potter,bike,5.03,12
1709,3,hs_natural,Norcliffe,bike,5.75,14
1710,4,hs_interdisc,Kimball,bike,4.39,14
1711,1,engineering,Schiff,bike,4.7,13
1712,3,engineering,Paloma,bike,5.09,13
1713,2,hs_social,Trancos,electric,6.04,12
1714,2,hs_natural,Roble Hall,bike,4.65,12
1715,2,hs_interdisc,Roble Hall,bike,4.85,14
1716,2,hs_social,Toyon,bike,5.48,14
1717,1,hs_social,Branner,walk,1.62,16
1718,2,doerr,Faisan,walk,1.34,12
1719,3,hs_social,Enchanted Broccoli Forest,bike,4.94,15
1720,3,hs_interdisc,Potter,bike,5.37,13
1721,3,hs_interdisc,Crothers Memorial,walk,1.57,17
1722,3,hs_interdisc,Sigma Phi Epsilon,bike,4.1,15
1723,4,hs_natural,EVGR,walk,1.5,12
1724,1,engineering,Potter,bike,5.16,14
1725,3,engineering,Crothers Memorial,bike,4.56,13
1726,2,engineering,Cardenal,bike,4.31,12
1727,2,engineering,Sally Ride,bike,4.2,14
1728,2,hs_interdisc,Cardenal,bike,4.51,20
1729,2,doerr,Faisan,bike,5.65,16
1730,2,engineering,Terra,bike,4.98,13
1731,4,engineering,Ujamaa,bike,4.86,14
1732,4,engineering,Roble Hall,bike,4.95,15
1733,2,hs_interdisc,Synergy,bike,4.03,18
1734,2,hs_natural,Adams,walk,1.49,15
1735,1,hs_interdisc,Potter,bike,4.72,16
1736,2,hs_interdisc,Crothers Memorial,bike,5.75,16
1737,4,hs_interdisc,Adams,bike,4.23,17
1738,4,hs_interdisc,Adams,bike,5.71,13
1739,4,hs_natural,Norcliffe,bike,5.19,14
1740,2,engineering,Crothers Memorial,bike,5.4,14
1741,3,engineering,Potter,bike,4.99,13
1742,1,hs_interdisc,Okada,walk,1.32,14
1743,3,hs_humanities,Mirrielees,bike,4.03,17
1744,4,hs_interdisc,EVGR,bike,4.2,15
1745,3,engineering,Norcliffe,bike,4.28,16
1746,3,hs_social,576 Alvarado,electric,7.85,12
1747,1,hs_social,Castano,bike,5.06,13
1748,3,hs_interdisc,EVGR,walk,1.67,15
1749,4,hs_humanities,Roble Hall,walk,1.62,13
1750,2,hs_interdisc,Columbae,walk,1.55,14
1751,1,hs_natural,Robinson,bike,5.02,14
1752,2,hs_interdisc,Delta Delta Delta,bike,5.39,16
1753,2,engineering,576 Alvarado,bike,4.92,12
1754,2,hs_social,Roble Hall,electric,6.28,13
1755,1,hs_natural,Cedro,bike,5.44,12
1756,1,hs_interdisc,Branner,bike,5.32,14
1757,4,hs_social,Twain,walk,1.45,13
1758,4,hs_social,Kimball,walk,1.65,14
1759,3,engineering,Adelfa,bike,5.73,13
1760,2,hs_interdisc,Phi Kappa Psi,bike,4.89,12
1761,1,engineering,Burbank,bike,4.3,13
1762,4,hs_interdisc,Sigma Nu,walk,1.69,14
1763,3,engineering,BOB,bike,5.42,15
1764,3,engineering,Junipero,bike,4.48,12
1765,3,hs_interdisc,Govco Suites,walk,1.43,15
1766,3,hs_social,Toyon,bike,4.24,12
1767,4,hs_social,Kimball,bike,4.53,13
1768,1,engineering,Mirlo,bike,4.53,15
1769,4,hs_interdisc,Toyon,bike,4.17,13
1770,2,hs_natural,Columbae,bike,5.26,14
1771,4,hs_natural,Toyon,electric,7.75,15
1772,1,engineering,Potter,walk,1.49,16
1773,4,hs_natural,Storey,bike,4.26,13
1774,1,hs_interdisc,Otero,bike,5.16,13
1775,4,hs_interdisc,Junipero,walk,1.55,15
1776,3,hs_social,Potter,bike,4.31,15
1777,1,engineering,Muwekma-Tah-Ruk,electric,7.44,16
1778,4,hs_natural,576 Alvarado,walk,1.58,18
1779,2,hs_interdisc,Ng,bike,5.3,15
1780,4,hs_social,Potter,bike,5.39,14
1781,2,hs_natural,Murray,walk,1.43,14
1782,3,engineering,Sigma Phi Epsilon,bike,5.51,16
1783,4,hs_humanities,Paloma,bike,4.39,12
1784,3,engineering,Ng,bike,5.44,17
1785,1,engineering,West Lagunita,bike,4.27,12
1786,4,hs_interdisc,Neptune,bike,4.84,12
1787,2,engineering,Terra,bike,5.33,14
1788,1,engineering,Okada,bike,4.94,16
1789,1,hs_interdisc,Mirlo,bike,5.69,12
1790,1,engineering,Cedro,walk,1.52,16
1791,2,engineering,Faisan,bike,4.7,12
1792,2,hs_social,Casa Zapata,walk,1.6,13
1793,2,engineering,Sigma Nu,walk,1.37,13
1794,2,hs_interdisc,Toyon,bike,5.1,16
1795,4,engineering,Meier,bike,4.59,18
1796,2,hs_social,Okada,bike,5.4,15
1797,1,hs_natural,Castano,bike,5.27,13
1798,4,hs_interdisc,Toyon,bike,5.09,12
1799,4,engineering,Robert Moore North,bike,5.21,17
1800,2,hs_social,Kimball,walk,1.52,14
1801,1,engineering,Soto,electric,6.91,15
1802,4,engineering,EVGR,bike,4.42,18
1803,2,hs_social,Casa Zapata,bike,5.38,17
1804,4,engineering,576 Alvarado,bike,4.68,13
1805,2,engineering,Kappa Alpha,bike,5.23,17
1806,2,hs_social,Potter,walk,1.36,13
1807,2,hs_interdisc,Gavilan,walk,1.57,14
1808,4,hs_humanities,Grove,bike,5.18,15
1809,4,hs_humanities,Sally Ride,bike,5.45,15
1810,3,hs_social,Jerry,bike,4.53,14
1811,3,hs_humanities,Mirrielees,bike,4.46,15
1812,3,hs_interdisc,Roble Hall,walk,1.61,18
1813,2,hs_humanities,Twain,bike,4.85,14
1814,4,hs_humanities,EVGR,bike,4.83,18
1815,2,hs_humanities,Ng,bike,5.66,18
1816,4,hs_interdisc,Junipero,electric,6.44,13
1817,4,hs_social,Alpha Phi/KKG,walk,1.51,13
1818,3,hs_interdisc,Delta Delta Delta,bike,5.64,15
1819,3,engineering,Toyon,walk,1.51,13
1820,2,engineering,Otero,walk,1.58,12
1821,1,doerr,Lantana,bike,5.1,18
1822,3,engineering,Govco Suites,bike,4.63,14
1823,3,hs_humanities,Govco Suites,walk,1.65,12
1824,3,engineering,Govco Suites,bike,4.61,14
1825,3,hs_natural,Terra,bike,5.76,13
1826,3,hs_interdisc,Crothers Memorial,bike,4.78,16
1827,4,hs_social,Ng,bike,4.04,16
1828,2,hs_humanities,Adams,bike,5.79,14
1829,4,hs_humanities,576 Alvarado,bike,5.0,17
1830,4,engineering,Neptune,bike,5.1,14
1831,4,hs_interdisc,Roble Hall,bike,4.24,18
1832,4,hs_interdisc,Meier,bike,4.39,15
1833,4,engineering,Sally Ride,bike,4.41,14
1834,1,engineering,Casa Zapata,bike,4.75,14
1835,4,engineering,Mirrielees,bike,5.72,17
1836,1,hs_interdisc,Castano,bike,5.18,16
1837,1,hs_social,Robinson,electric,7.46,14
1838,4,hs_interdisc,Delta Delta Delta,walk,1.57,13
1839,4,engineering,550 Lasuen,walk,1.47,17
1840,1,hs_social,Cedro,bike,4.31,15
1841,2,hs_interdisc,Ng,bike,4.94,12
1842,2,hs_social,Naranja,walk,1.45,15
1843,3,hs_humanities,Delta Delta Delta,bike,4.14,12
1844,2,engineering,Faisan,walk,1.62,12
1845,2,engineering,Synergy,bike,5.67,18
1846,4,hs_interdisc,Gavilan,bike,4.53,13
1847,1,engineering,Soto,walk,1.32,17
1848,3,engineering,Crothers Memorial,walk,1.6,17
1849,1,hs_humanities,Casa Zapata,walk,1.41,16
1850,3,engineering,EVGR,bike,5.06,15
1851,4,hs_social,Xanadu,walk,1.58,16
1852,4,hs_interdisc,Trancos,bike,5.26,16
1853,3,engineering,Potter,bike,5.56,16
1854,2,hs_humanities,Naranja,walk,1.44,15
1855,1,hs_social,Cedro,bike,5.1,14
1856,1,engineering,Crothers,bike,4.22,14
1857,1,engineering,Alondra,bike,5.16,12
1858,1,hs_interdisc,Potter,bike,4.14,13
1859,1,hs_natural,Schiff,bike,5.38,12
1860,3,engineering,Toyon,walk,1.4,14
1861,3,hs_social,Pluto,walk,1.7,17
1862,4,hs_social,Kappa Alpha Theta,bike,5.36,12
1863,1,hs_social,Crothers,bike,5.16,13
1864,2,engineering,Meier,bike,4.95,13
1865,4,engineering,Kimball,bike,4.09,16
1866,2,hs_interdisc,Loro,bike,5.58,13
1867,2,engineering,Okada,bike,5.23,14
1868,1,engineering,Robinson,electric,6.41,13
1869,2,engineering,Okada,bike,4.55,17
1870,3,hs_interdisc,Casa Zapata,bike,4.51,14
1871,4,hs_interdisc,Kimball,bike,4.65,16
1872,3,hs_interdisc,Mirrielees,bike,5.58,12
1873,3,hs_interdisc,EVGR,electric,7.7,15
1874,3,engineering,Mirrielees,walk,1.39,15
1875,3,hs_interdisc,Loro,walk,1.39,18
1876,1,hs_social,Castano,bike,4.6,14
1877,4,engineering,Norcliffe,bike,4.08,13
1878,4,hs_interdisc,EVGR,bike,4.75,18
1879,1,engineering,Donner,bike,4.39,17
1880,1,engineering,Mirlo,bike,4.93,17
1881,1,hs_interdisc,Otero,walk,1.47,14
1882,1,hs_interdisc,Alondra,bike,5.66,17
1883,1,hs_natural,Donner,bike,4.55,15
1884,4,engineering,ZAP,bike,5.46,17
1885,2,engineering,Sigma Phi Epsilon,walk,1.33,15
1886,2,hs_interdisc,Kimball,bike,4.35,15
1887,3,engineering,Ng,walk,1.58,14
1888,2,engineering,Adelfa,bike,4.77,12
1889,3,hs_natural,Jerry,walk,1.69,15
1890,3,engineering,Loro,bike,4.75,13
1891,2,hs_interdisc,Crothers Memorial,walk,1.33,17
1892,3,hs_humanities,Pluto,bike,4.92,12
1893,4,hs_social,Otero,bike,4.22,13
1894,3,hs_natural,Faisan,walk,1.65,15
1895,1,hs_social,Burbank,bike,4.97,12
1896,1,hs_social,Burbank,bike,4.49,14
1897,1,engineering,Branner,bike,4.46,16
1898,3,hs_natural,EVGR,bike,4.16,12
1899,1,engineering,Casa Zapata,walk,1.5,14
1900,3,engineering,Mirrielees,bike,4.78,12
1901,4,hs_social,Roble Hall,bike,4.07,16
1902,1,engineering,Alondra,bike,5.44,12
1903,3,hs_interdisc,Crothers Memorial,bike,4.5,14
1904,4,hs_natural,Ng,bike,4.19,15
1905,1,engineering,Soto,bike,4.03,12
1906,3,engineering,576 Alvarado,bike,4.85,12
1907,4,engineering,Junipero,walk,1.64,16
1908,2,doerr,Roble Hall,walk,1.41,13
1909,4,hs_interdisc,Ng,bike,4.73,15
1910,4,engineering,Mirrielees,bike,4.14,15
1911,4,hs_interdisc,Kairos,walk,1.32,12
1912,1,engineering,Donner,walk,1.62,16
1913,4,engineering,Sally Ride,bike,4.65,16
1914,3,engineering,EAST,bike,4.24,13
1915,3,engineering,Durand,bike,4.37,12
1916,3,hs_interdisc,Govco Suites,bike,4.79,15
1917,1,hs_interdisc,West Lagunita,bike,4.8,17
1918,4,doerr,Meier,bike,5.45,13
1919,2,engineering,Twain,bike,4.89,15
1920,2,engineering,Kappa Alpha,electric,7.55,19
1921,1,engineering,West Lagunita,walk,1.66,16
1922,2,engineering,Adams,bike,5.28,12
1923,4,engineering,Adams,electric,6.38,17
1924,3,engineering,Okada,walk,1.33,15
1925,1,hs_social,Burbank,walk,1.43,14
1926,2,engineering,aKDPhi/Chi Omega,bike,4.89,16
1927,4,engineering,Kimball,electric,6.64,16
1928,3,hs_interdisc,Kimball,walk,1.49,14
1929,4,hs_social,Mirrielees,electric,7.46,17
1930,2,hs_interdisc,Roble Hall,walk,1.53,17
1931,2,hs_natural,Murray,bike,5.01,13
1932,1,hs_interdisc,Robinson,bike,4.26,12
1933,4,hs_interdisc,Yost,bike,5.3,14
1934,3,hs_natural,Toyon,bike,4.79,15
1935,2,hs_social,Cardenal,walk,1.42,17
1936,3,engineering,Roble Hall,bike,5.56,12
1937,4,hs_natural,Kimball,bike,5.07,16
1938,1,hs_social,Mirlo,bike,4.55,13
1939,3,hs_interdisc,Govco Suites,bike,4.7,14
1940,1,hs_interdisc,Crothers,bike,4.94,16
1941,2,hs_social,Roble Hall,walk,1.34,12
1942,4,hs_natural,Adelfa,bike,5.04,19
1943,1,hs_interdisc,Cedro,bike,4.08,13
1944,2,hs_social,Toyon,walk,1.64,15
1945,4,engineering,Govco Suites,bike,5.48,12
1946,2,hs_social,Roble Hall,bike,5.79,14
1947,2,hs_humanities,Kimball,walk,1.42,15
1948,4,engineering,Pi Beta Phi,bike,5.2,15
1949,4,engineering,Yost,bike,4.77,16
1950,1,engineering,Okada,walk,1.54,14
1951,1,engineering,Schiff,bike,4.61,14
1952,1,engineering,Branner,bike,4.65,13
1953,1,hs_interdisc,Arroyo,bike,5.15,14
1954,3,engineering,Toussaint,walk,1.59,14
1955,3,engineering,Terra,bike,4.88,17
1956,1,engineering,Potter,bike,5.26,17
1957,3,hs_social,Phi Kappa Psi,bike,4.36,13
1958,4,hs_interdisc,EVGR,electric,6.97,16
1959,3,engineering,Ujamaa,bike,5.42,17
1960,4,hs_social,BOB,bike,4.85,17
1961,1,engineering,Crothers,walk,1.53,16
1962,2,hs_natural,Norcliffe,bike,5.14,15
1963,4,hs_natural,Sigma Nu,bike,4.82,20
1964,4,hs_interdisc,Loro,walk,1.35,14
1965,2,hs_natural,Faisan,bike,4.4,16
1966,3,hs_interdisc,EVGR,electric,7.67,17
1967,2,hs_interdisc,Ng,bike,4.31,12
1968,1,hs_interdisc,Soto,walk,1.5,14
1969,4,engineering,Burbank,bike,5.06,12
1970,3,hs_humanities,Meier,bike,5.76,13
1971,4,engineering,Junipero,walk,1.54,15
1972,1,engineering,Robinson,bike,4.69,12
1973,1,hs_interdisc,Donner,bike,4.5,12
1974,3,hs_natural,Roble Hall,bike,5.61,17
1975,4,engineering,EVGR,bike,5.43,15
1976,4,hs_interdisc,Neptune,bike,5.32,15
1977,1,engineering,West Lagunita,bike,5.29,14
1978,4,hs_interdisc,Crothers Memorial,bike,5.6,15
1979,4,doerr,Roble Hall,bike,4.97,14
1980,1,engineering,Mirlo,bike,4.26,17
1981,3,hs_interdisc,Mirrielees,bike,4.15,14
1982,4,engineering,Storey,walk,1.5,15
1983,4,engineering,Adams,walk,1.59,13
1984,3,engineering,Toussaint,walk,1.68,17
1985,1,engineering,Branner,bike,4.45,15
1986,3,engineering,Toyon,walk,1.37,16
1987,1,engineering,Okada,bike,5.66,14
1988,4,engineering,Crothers Memorial,bike,4.11,13
1989,4,hs_interdisc,Trancos,bike,4.14,13
1990,1,engineering,Castano,bike,5.37,12
1991,4,engineering,Mirrielees,walk,1.46,17
1992,4,hs_humanities,Kappa Alpha,walk,1.41,18
1993,2,engineering,Twain,bike,5.63,12
1994,2,hs_interdisc,Crothers Memorial,bike,5.39,15
1995,2,hs_natural,Norcliffe,bike,5.3,14
1996,1,hs_natural,Okada,walk,1.35,13
1997,3,engineering,Columbae,bike,4.91,14
1998,1,hs_interdisc,Okada,bike,4.64,16
1999,2,hs_interdisc,Okada,bike,5.26,16
2000,2,hs_interdisc,Crothers Memorial,electric,6.17,16
2001,3,engineering,Roble Hall,walk,1.52,12
2002,2,doerr,Okada,bike,5.62,14
2003,2,hs_social,Kappa Alpha Theta,bike,5.13,15
2004,1,hs_interdisc,Larkin,walk,1.42,15
2005,2,engineering,Adams,walk,1.65,12
2006,1,hs_interdisc,West Lagunita,bike,5.1,14
2007,3,engineering,Adelfa,walk,1.48,15
2008,3,engineering,Robert Moore North,bike,4.69,12
2009,1,engineering,Schiff,bike,4.36,17
2010,4,hs_natural,Yost,bike,4.15,12
2011,3,engineering,Meier,bike,5.57,15
2012,2,hs_social,Delta Delta Delta,bike,4.69,15
2013,4,engineering,Roble Hall,walk,1.46,14
2014,1,hs_interdisc,Branner,bike,5.48,14
2015,3,engineering,Govco Suites,bike,4.22,12
2016,1,hs_interdisc,Mirlo,bike,4.13,19
2017,2,doerr,Paloma,bike,4.93,19
2018,2,hs_interdisc,Sigma Nu,bike,4.79,14
2019,2,engineering,Kimball,bike,5.67,15
2020,3,engineering,Potter,walk,1.36,12
2021,3,engineering,Okada,bike,4.45,14
2022,1,engineering,Larkin,bike,5.53,15
2023,3,hs_humanities,576 Alvarado,bike,4.74,19
2024,2,engineering,Alpha Phi/KKG,walk,1.57,16
2025,2,engineering,Murray,bike,5.77,14
2026,3,hs_interdisc,Grove,bike,4.12,18
2027,1,hs_interdisc,Casa Zapata,bike,4.9,13
2028,1,engineering,Okada,bike,5.23,16
2029,4,hs_social,550 Lasuen,walk,1.51,13
2030,4,hs_interdisc,576 Alvarado,bike,4.95,16
2031,1,engineering,Potter,walk,1.32,15
2032,3,engineering,Meier,bike,4.75,12
2033,2,engineering,Toyon,walk,1.5,14
2034,1,engineering,Burbank,walk,1.41,14
2035,3,hs_interdisc,EVGR,bike,4.96,14
2036,1,hs_humanities,Otero,bike,5.13,12
2037,3,hs_social,EVGR,bike,5.25,13
2038,1,hs_interdisc,Rinconada,bike,5.8,15
2039,1,engineering,Alondra,bike,5.58,12
2040,3,engineering,Meier,bike,5.18,16
2041,4,hs_interdisc,Paloma,bike,5.21,16
2042,4,hs_interdisc,Toyon,bike,4.83,14
2043,1,engineering,West Lagunita,walk,1.54,15
2044,1,hs_interdisc,Lantana,bike,5.24,16
2045,1,hs_interdisc,Crothers,bike,5.31,18
2046,2,hs_humanities,Casa Zapata,bike,5.44,14
2047,1,engineering,Okada,walk,1.65,14
2048,2,hs_interdisc,Crothers Memorial,bike,5.69,19
2049,4,doerr,Burbank,bike,4.31,19
2050,4,hs_natural,EVGR,walk,1.52,13
2051,4,engineering,Faisan,walk,1.37,14
2052,1,hs_natural,Potter,bike,5.41,14
2053,4,engineering,Enchanted Broccoli Forest,bike,4.34,13
2054,4,hs_social,Norcliffe,bike,5.37,16
2055,1,engineering,Castano,bike,4.17,17
2056,3,hs_social,Sigma Phi Epsilon,bike,5.68,12
2057,3,engineering,Sigma Phi Epsilon,bike,5.23,15
2058,4,hs_humanities,Robert Moore North,electric,7.82,15
2059,3,engineering,Yost,bike,4.87,14
2060,1,engineering,Rinconada,bike,5.8,16
2061,2,hs_natural,Casa Zapata,electric,7.43,14
2062,1,engineering,Larkin,bike,5.52,14
2063,2,engineering,Meier,walk,1.57,12
2064,4,hs_interdisc,EAST,bike,5.24,12
2065,3,hs_natural,Kimball,bike,5.43,14
2066,4,engineering,Crothers Memorial,walk,1.64,15
2067,2,engineering,Gavilan,walk,1.59,12
2068,1,engineering,Cedro,bike,5.18,12
2069,4,hs_interdisc,Mirrielees,bike,4.15,16
2070,3,hs_social,Loro,bike,5.59,12
2071,1,engineering,Donner,bike,5.16,17
2072,2,engineering,Faisan,walk,1.59,13
2073,1,hs_natural,Arroyo,walk,1.58,14
2074,4,hs_social,Cardenal,walk,1.4,13
2075,3,hs_social,Trancos,bike,4.19,13
2076,2,hs_interdisc,Robert Moore North,walk,1.57,14
2077,3,engineering,Synergy,walk,1.37,17
2078,2,hs_interdisc,Kimball,electric,6.58,16
2079,4,hs_social,Meier,bike,4.15,15
2080,2,hs_social,Hammarskjold,walk,1.33,14
2081,3,engineering,Robert Moore North,bike,5.69,15
2082,1,engineering,Cedro,bike,4.48,17
2083,3,hs_humanities,Norcliffe,walk,1.47,13
2084,4,hs_interdisc,680 Lomita,bike,5.13,18
2085,3,hs_interdisc,Sally Ride,electric,6.56,18
2086,1,engineering,Cedro,bike,5.15,12
2087,1,hs_interdisc,Larkin,bike,5.15,19
2088,4,engineering,Robert Moore North,bike,5.72,15
2089,3,engineering,Neptune,bike,5.65,13
2090,1,hs_social,Rinconada,bike,4.56,17
2091,3,engineering,Crothers Memorial,bike,4.29,13
2092,3,hs_interdisc,EAST,electric,7.44,15
2093,4,hs_interdisc,EVGR,bike,4.94,14
2094,2,hs_social,Kimball,bike,5.71,12
2095,1,hs_social,Branner,bike,4.95,12
2096,3,hs_interdisc,Meier,bike,4.75,15
2097,1,engineering,Mirlo,bike,4.24,15
2098,1,hs_social,Lantana,bike,4.36,14
2099,4,engineering,EVGR,bike,5.0,13
2100,1,hs_interdisc,Branner,bike,4.75,14
2101,2,hs_humanities,Otero,bike,4.55,16
2102,1,hs_social,Castano,bike,5.76,16
2103,1,engineering,Crothers,bike,5.34,14
2104,1,hs_interdisc,Lantana,bike,5.68,16
2105,3,hs_natural,BOB,bike,5.39,13
2106,3,hs_social,BOB,bike,4.69,12
2107,1,engineering,Robinson,bike,5.19,12
2108,3,hs_interdisc,Faisan,bike,4.94,12
2109,2,engineering,Kimball,walk,1.31,16
2110,1,engineering,Burbank,bike,4.78,15
2111,4,engineering,Ng,bike,5.41,18
2112,2,hs_humanities,Ng,bike,5.59,15
2113,1,hs_interdisc,Burbank,walk,1.64,13
2114,2,engineering,Phi Kappa Psi,walk,1.53,14
2115,4,hs_social,Ng,bike,4.69,13
2116,4,hs_interdisc,Sally Ride,bike,4.82,15
2117,1,engineering,Cedro,walk,1.52,14
2118,3,engineering,Toyon,walk,1.43,15
2119,2,hs_social,Casa Zapata,bike,5.05,14
2120,3,engineering,Grove,bike,5.4,15
2121,3,engineering,Junipero,walk,1.38,15
2122,4,engineering,Enchanted Broccoli Forest,bike,5.68,14
2123,1,engineering,Rinconada,walk,1.67,13
2124,4,engineering,Jerry,bike,4.06,14
2125,1,engineering,Otero,bike,4.53,14
2126,1,engineering,Branner,bike,5.18,17
2127,4,engineering,Neptune,walk,1.45,15
2128,1,engineering,Lantana,walk,1.67,16
2129,3,doerr,Enchanted Broccoli Forest,bike,5.67,12
2130,1,hs_interdisc,West Lagunita,bike,4.08,19
2131,3,hs_humanities,Crothers Memorial,walk,1.67,15
2132,1,engineering,Potter,bike,5.02,15
2133,1,engineering,Cedro,bike,4.48,14
2134,1,engineering,Casa Zapata,walk,1.31,15
2135,2,engineering,Alpha Phi/KKG,walk,1.56,17
2136,1,hs_social,Robinson,bike,5.65,19
2137,2,engineering,Kappa Alpha Theta,bike,5.27,12
2138,2,engineering,Sally Ride,bike,4.49,13
2139,4,engineering,Ng,bike,5.41,16
2140,1,hs_natural,Potter,bike,4.56,15
2141,3,engineering,Murray,bike,4.28,16
2142,3,hs_natural,Murray,bike,5.0,16
2143,1,engineering,Okada,walk,1.55,16
2144,1,hs_interdisc,Arroyo,bike,4.85,13
2145,4,engineering,Meier,bike,5.37,12
2146,3,hs_interdisc,Kappa Sigma,bike,4.93,13
2147,2,hs_interdisc,Loro,bike,4.7,14
2148,1,hs_interdisc,Okada,bike,4.48,16
2149,4,hs_natural,Faisan,bike,5.43,14
2150,2,hs_social,Roble Hall,walk,1.32,12
2151,1,engineering,Ujamaa,bike,4.06,15
2152,3,hs_interdisc,Crothers Memorial,bike,4.39,12
2153,3,hs_interdisc,Roble Hall,bike,5.64,15
2154,3,engineering,Toyon,bike,4.7,16
2155,4,engineering,Mirrielees,bike,5.51,13
2156,2,hs_social,aKDPhi/Chi Omega,bike,4.77,17
2157,3,hs_interdisc,Roth,bike,4.82,18
2158,4,engineering,Ng,walk,1.58,13
2159,2,engineering,Kappa Alpha Theta,bike,5.09,17
2160,1,engineering,Schiff,bike,4.44,16
2161,1,engineering,Crothers,walk,1.3,13
2162,4,hs_interdisc,Otero,electric,7.95,12
2163,1,hs_social,Otero,bike,5.12,17
2164,4,engineering,Faisan,bike,4.26,15
2165,2,engineering,Potter,bike,4.72,14
2166,2,hs_humanities,Roble Hall,electric,6.7,15
2167,4,hs_natural,Burbank,bike,5.19,15
2168,3,engineering,Potter,bike,4.89,14
2169,3,doerr,Twain,bike,4.51,15
2170,2,hs_social,Ng,walk,1.64,14
2171,2,hs_social,Naranja,bike,4.7,13
2172,1,engineering,Potter,bike,4.06,15
2173,2,hs_social,Ng,bike,5.54,17
2174,4,engineering,Sally Ride,walk,1.32,17
2175,1,hs_natural,Larkin,bike,4.97,15
2176,1,hs_interdisc,Schiff,bike,5.68,12
2177,3,hs_interdisc,Enchanted Broccoli Forest,walk,1.56,16
2178,2,hs_interdisc,Okada,bike,4.2,16
2179,2,hs_natural,Toyon,walk,1.37,15
2180,2,engineering,Sigma Phi Epsilon,walk,1.5,12
2181,3,hs_social,Roble Hall,bike,5.64,17
2182,2,hs_interdisc,Kappa Alpha Theta,walk,1.31,17
2183,4,engineering,Murray,bike,4.33,12
2184,2,engineering,Terra,walk,1.64,15
2185,1,engineering,Larkin,bike,4.42,15
2186,2,hs_humanities,Muwekma-Tah-Ruk,walk,1.54,15
2187,1,engineering,Branner,bike,4.51,13
2188,1,engineering,Schiff,bike,5.57,18
2189,1,hs_interdisc,Ujamaa,walk,1.51,14
2190,2,hs_interdisc,Adams,bike,4.97,14
2191,3,engineering,Junipero,bike,5.49,16
2192,4,hs_interdisc,Phi Kappa Psi,bike,5.0,13
2193,3,engineering,Kappa Alpha,bike,5.15,13
2194,1,hs_social,Donner,bike,5.21,14
2195,3,engineering,Muwekma-Tah-Ruk,bike,4.42,13
2196,1,engineering,Muwekma-Tah-Ruk,walk,1.42,16
2197,4,engineering,Mirrielees,walk,1.6,14
2198,2,engineering,Toyon,walk,1.49,15
2199,1,hs_natural,Schiff,walk,1.39,12
2200,1,hs_interdisc,Rinconada,bike,4.77,14
2201,2,hs_interdisc,Kappa Sigma,walk,1.55,16
2202,3,hs_humanities,Adelfa,bike,4.56,14
2203,4,engineering,EVGR,bike,5.63,13
2204,3,doerr,Storey,bike,5.18,18
2205,1,engineering,West Lagunita,walk,1.51,14
2206,3,hs_natural,EVGR,bike,5.12,16
2207,4,engineering,Faisan,bike,5.03,16
2208,1,hs_social,Mirlo,bike,4.58,16
2209,4,engineering,Kimball,walk,1.61,12
2210,3,hs_interdisc,Mirrielees,bike,4.12,15
2211,2,hs_interdisc,Adelfa,bike,4.88,14
2212,1,hs_natural,Soto,walk,1.35,14
2213,1,engineering,Alondra,bike,5.49,15
2214,3,hs_social,Neptune,bike,5.32,18
2215,4,hs_interdisc,Kimball,walk,1.47,17
2216,1,engineering,Lantana,electric,6.76,12
2217,2,engineering,Toyon,bike,4.05,14
2218,1,hs_social,Okada,bike,4.37,13
2219,4,hs_natural,Adams,bike,4.4,14
2220,3,hs_interdisc,Ng,bike,4.89,12
2221,4,hs_natural,Toussaint,walk,1.33,15
2222,1,engineering,Cedro,walk,1.39,17
2223,2,hs_social,Burbank,bike,4.31,16
2224,1,engineering,Ujamaa,walk,1.59,14
2225,1,engineering,Casa Zapata,bike,4.44,14
2226,2,hs_social,Terra,bike,4.81,12
2227,4,hs_interdisc,Loro,electric,7.92,16
2228,2,hs_social,Delta Delta Delta,bike,4.6,16
2229,2,engineering,576 Alvarado,walk,1.46,15
2230,2,hs_humanities,Okada,bike,4.11,16
2231,3,engineering,Alpha Phi/KKG,walk,1.53,15
2232,4,hs_interdisc,Toyon,walk,1.5,16
2233,2,hs_social,Burbank,walk,1.6,13
2234,1,hs_social,Cardenal,walk,1.35,16
2235,3,hs_interdisc,Sigma Phi Epsilon,bike,5.71,13
2236,1,engineering,Alondra,bike,5.57,14
2237,1,hs_interdisc,Muwekma-Tah-Ruk,walk,1.61,13
2238,2,hs_interdisc,Murray,bike,4.77,14
2239,3,hs_natural,Adelfa,bike,4.42,14
2240,3,engineering,Warehaus,bike,5.47,12
2241,2,hs_social,Norcliffe,walk,1.64,12
2242,1,hs_interdisc,Arroyo,bike,5.5,14
2243,1,engineering,Crothers,bike,4.19,12
2244,3,hs_social,Casa Zapata,walk,1.66,18
2245,2,hs_social,Kappa Sigma,bike,5.62,12
2246,4,engineering,Adams,walk,1.62,12
2247,2,engineering,Paloma,walk,1.61,16
2248,4,hs_humanities,Crothers Memorial,bike,5.79,18
2249,3,engineering,Casa Zapata,bike,4.68,13
2250,3,hs_interdisc,Crothers Memorial,bike,5.57,16
2251,1,hs_humanities,Soto,bike,5.49,16
2252,4,hs_natural,Murray,bike,4.5,13
2253,3,hs_interdisc,EVGR,bike,5.41,15
2254,3,engineering,Synergy,bike,4.22,14
2255,2,engineering,Delta Delta Delta,bike,5.12,17
2256,1,hs_interdisc,Castano,walk,1.56,14
2257,4,engineering,Yost,bike,4.88,12
2258,3,hs_natural,Crothers Memorial,walk,1.7,14
2259,3,hs_interdisc,Delta Delta Delta,bike,5.79,13
2260,3,hs_social,Adelfa,bike,4.82,14
2261,4,hs_humanities,Otero,bike,4.39,14
2262,2,hs_natural,Otero,walk,1.6,14
2263,1,engineering,Ujamaa,bike,5.37,12
2264,2,hs_social,Loro,walk,1.45,17
2265,1,hs_humanities,Donner,bike,4.22,12
2266,3,hs_humanities,Sally Ride,bike,4.55,12
2267,4,hs_interdisc,Jerry,bike,5.67,12
2268,1,hs_interdisc,Muwekma-Tah-Ruk,bike,4.6,13
2269,1,engineering,Alondra,walk,1.59,12
2270,1,hs_interdisc,Robinson,bike,4.57,15
2271,3,engineering,Kimball,walk,1.43,16
2272,2,engineering,Ujamaa,bike,4.55,20
2273,3,engineering,Toussaint,walk,1.49,16
2274,1,engineering,Cedro,electric,6.77,16
2275,1,hs_interdisc,Castano,bike,4.16,15
2276,1,hs_social,Potter,bike,5.79,12
2277,3,engineering,Mirrielees,bike,4.76,15
2278,4,hs_natural,Govco Suites,bike,4.67,13
2279,3,hs_interdisc,Kappa Alpha Theta,bike,5.28,14
2280,4,hs_natural,Twain,walk,1.53,17
2281,3,hs_natural,Otero,bike,5.56,15
2282,2,engineering,Murray,bike,4.94,15
2283,2,hs_social,Sally Ride,bike,4.68,17
2284,2,hs_humanities,Adams,bike,4.94,15
2285,2,hs_interdisc,Enchanted Broccoli Forest,walk,1.54,14
2286,4,hs_social,Cardenal,bike,5.27,17
2287,1,engineering,Rinconada,bike,5.55,15
2288,3,engineering,Sigma Nu,walk,1.46,15
2289,3,engineering,Toussaint,walk,1.52,13
2290,1,engineering,Robinson,bike,5.73,16
2291,3,hs_social,Terra,bike,5.74,14
2292,4,engineering,Govco Suites,electric,7.82,14
2293,4,engineering,550 Lasuen,bike,5.19,15
2294,1,engineering,Branner,bike,5.51,16
2295,4,hs_natural,Roble Hall,bike,4.92,12
2296,3,hs_social,Phi Kappa Psi,bike,4.21,14
2297,1,hs_natural,Castano,bike,4.88,14
2298,2,engineering,Roble Hall,bike,4.57,14
2299,4,hs_interdisc,Govco Suites,bike,4.79,14
2300,1,hs_interdisc,Ujamaa,walk,1.66,12
2301,2,hs_natural,Kappa Sigma,bike,4.5,13
2302,2,hs_social,Kimball,bike,4.35,19
2303,2,hs_interdisc,Roble Hall,electric,7.8,13
2304,1,hs_humanities,Casa Zapata,bike,4.86,15
2305,4,engineering,Norcliffe,bike,5.01,12
2306,3,hs_interdisc,Trancos,walk,1.67,13
2307,2,hs_interdisc,Ng,bike,4.03,12
2308,1,doerr,Rinconada,walk,1.52,13
2309,4,hs_social,Trancos,bike,5.79,14
2310,3,engineering,Meier,bike,5.06,13
2311,3,hs_interdisc,Toyon,bike,4.75,16
2312,2,hs_social,Kappa Sigma,bike,4.62,12
2313,1,engineering,Ujamaa,bike,4.04,14
2314,2,hs_humanities,aKDPhi/Chi Omega,bike,5.5,16
2315,3,engineering,Roble Hall,bike,4.28,13
2316,1,hs_natural,Donner,bike,5.72,16
2317,3,engineering,ZAP,bike,4.53,14
2318,2,engineering,Delta Delta Delta,bike,5.7,12
2319,4,hs_interdisc,Adams,bike,5.26,13
2320,2,engineering,Terra,bike,4.4,12
2321,1,hs_interdisc,Schiff,bike,4.44,15
2322,2,engineering,Meier,bike,5.28,16
2323,1,engineering,Ujamaa,bike,5.76,13
2324,3,hs_natural,Twain,bike,5.72,15
2325,2,engineering,Kimball,bike,5.48,13
2326,1,hs_social,Schiff,bike,4.67,14
2327,3,hs_social,Roth,bike,5.24,13
2328,2,hs_interdisc,Toyon,bike,4.55,19
2329,2,hs_interdisc,Delta Delta Delta,bike,5.55,13
2330,2,doerr,Robert Moore North,bike,4.08,16
2331,4,hs_humanities,Govco Suites,bike,4.1,14
2332,2,engineering,Casa Zapata,walk,1.38,15
2333,2,hs_interdisc,Roble Hall,electric,7.51,15
2334,3,hs_social,BOB,bike,5.02,16
2335,2,engineering,Ng,bike,5.04,15
2336,2,hs_social,Kimball,walk,1.33,17
2337,1,hs_interdisc,Arroyo,bike,5.18,15
2338,2,hs_social,Loro,bike,4.95,17
2339,1,hs_humanities,Muwekma-Tah-Ruk,bike,4.58,14
2340,1,engineering,Soto,electric,6.88,19
2341,1,hs_interdisc,Branner,bike,4.04,13
2342,2,hs_interdisc,Paloma,bike,4.98,15
2343,4,engineering,Kappa Alpha,bike,4.52,16
2344,4,hs_natural,Hammarskjold,bike,4.87,12
2345,4,engineering,Xanadu,bike,4.32,14
2346,4,hs_interdisc,Govco Suites,bike,5.64,14
2347,4,engineering,Twain,bike,4.09,15
2348,4,hs_social,Mirrielees,bike,5.7,17
2349,3,hs_natural,Durand,walk,1.45,13
2350,4,hs_interdisc,Warehaus,bike,4.48,19
2351,3,engineering,Junipero,bike,5.47,18
2352,1,hs_interdisc,Burbank,bike,4.57,16
2353,1,engineering,West Lagunita,bike,5.5,12
2354,4,hs_social,Mirrielees,bike,5.4,15
2355,2,hs_humanities,Roble Hall,bike,5.65,14
2356,1,hs_social,Otero,walk,1.39,15
2357,3,engineering,Adams,bike,4.58,15
2358,3,hs_social,Potter,bike,4.57,17
2359,4,hs_interdisc,EVGR,walk,1.43,15
2360,2,hs_humanities,Crothers Memorial,bike,4.36,16
2361,2,hs_humanities,Roble Hall,bike,4.02,13
2362,1,hs_natural,Castano,bike,5.1,12
2363,2,engineering,Yost,bike,4.42,18
2364,1,hs_humanities,Otero,walk,1.48,13
2365,4,hs_interdisc,Phi Kappa Psi,walk,1.33,13
2366,3,hs_natural,Govco Suites,bike,4.97,15
2367,4,hs_natural,EVGR,bike,5.29,16
2368,1,hs_interdisc,West Lagunita,bike,4.32,17
2369,3,hs_interdisc,Faisan,bike,4.18,12
2370,2,hs_natural,EAST,bike,5.57,14
2371,4,engineering,Roble Hall,walk,1.52,13
2372,3,hs_interdisc,EAST,bike,4.85,14
2373,4,hs_interdisc,Roble Hall,walk,1.37,14
2374,2,hs_humanities,Burbank,bike,5.3,18
2375,3,hs_interdisc,BOB,bike,4.61,17
2376,3,engineering,Loro,electric,6.39,12
2377,3,engineering,Ujamaa,walk,1.35,14
2378,4,engineering,Sally Ride,bike,4.54,16
2379,2,engineering,Adams,walk,1.65,17
2380,4,engineering,Pluto,bike,4.17,16
2381,4,engineering,EVGR,walk,1.48,15
2382,1,hs_humanities,Arroyo,bike,5.4,15
2383,4,hs_humanities,Mirrielees,bike,4.62,13
2384,1,engineering,West Lagunita,bike,5.11,14
2385,2,hs_interdisc,Murray,bike,4.18,16
2386,3,hs_interdisc,Roble Hall,bike,4.09,13
2387,2,hs_interdisc,Kappa Sigma,bike,4.39,15
2388,1,engineering,Soto,walk,1.41,15
2389,3,hs_humanities,Mirrielees,bike,5.14,15
2390,3,engineering,Cardenal,walk,1.61,14
2391,3,hs_natural,Neptune,bike,4.38,15
2392,3,hs_interdisc,EVGR,walk,1.48,12
2393,1,engineering,Soto,bike,5.24,16
2394,4,engineering,Toussaint,walk,1.58,18
2395,3,engineering,Sigma Phi Epsilon,walk,1.37,12
2396,2,hs_social,Toyon,bike,5.31,15
2397,4,engineering,Hammarskjold,bike,4.39,15
2398,2,hs_interdisc,Ng,bike,5.1,13
2399,2,hs_social,Twain,walk,1.38,15
2400,4,engineering,Potter,walk,1.31,14
2401,4,hs_interdisc,Govco Suites,walk,1.49,14
2402,3,hs_natural,EAST,bike,5.22,16
2403,4,engineering,Otero,bike,5.27,14
2404,4,engineering,Sigma Nu,electric,6.49,13
2405,4,engineering,EVGR,bike,5.61,18
2406,3,hs_social,Casa Zapata,bike,5.66,16
2407,4,hs_interdisc,Robert Moore North,bike,5.09,14
2408,1,hs_interdisc,Robinson,bike,4.35,16
2409,4,hs_interdisc,EVGR,bike,4.39,16
2410,1,engineering,Arroyo,bike,5.64,18
2411,2,doerr,Sigma Nu,bike,5.43,17
2412,3,hs_natural,Casa Zapata,bike,4.9,15
2413,1,engineering,Lantana,walk,1.47,13
2414,3,hs_social,Ujamaa,bike,4.26,14
2415,3,hs_humanities,EVGR,bike,5.31,14
2416,3,engineering,EAST,electric,7.96,16
2417,1,engineering,Donner,walk,1.56,17
2418,1,engineering,Potter,bike,4.85,14
2419,4,engineering,Narnia,bike,5.16,13
2420,4,doerr,Toussaint,bike,4.25,15
2421,1,engineering,Larkin,bike,5.3,17
2422,3,hs_humanities,Mirrielees,bike,4.41,14
2423,3,hs_humanities,Cardenal,bike,4.62,15
2424,4,engineering,Roble Hall,bike,4.73,15
2425,3,hs_interdisc,EVGR,bike,5.78,16
2426,4,hs_interdisc,Jerry,bike,4.38,16
2427,4,hs_natural,Gavilan,bike,5.33,14
2428,2,hs_natural,Twain,bike,5.17,17
2429,1,hs_humanities,Lantana,bike,5.61,15
2430,3,engineering,Twain,bike,4.15,13
2431,4,engineering,Norcliffe,bike,5.16,12
2432,4,hs_interdisc,Potter,bike,4.1,17
2433,1,engineering,Donner,walk,1.52,14
2434,4,engineering,Kairos,bike,4.23,14
2435,4,hs_social,EVGR,bike,4.71,16
2436,1,hs_interdisc,Potter,bike,5.65,17
2437,3,engineering,Warehaus,bike,4.33,18
2438,2,hs_interdisc,Sigma Phi Epsilon,bike,5.06,14
2439,1,engineering,Robinson,bike,4.95,17
2440,1,hs_interdisc,Okada,walk,1.56,13
2441,3,hs_social,Ujamaa,bike,5.58,12
2442,3,hs_interdisc,Gavilan,bike,4.96,19
2443,4,hs_interdisc,Pluto,walk,1.35,12
2444,3,engineering,Pluto,bike,4.63,13
2445,3,hs_interdisc,Toussaint,bike,5.69,16
2446,2,hs_interdisc,Sigma Phi Epsilon,bike,4.34,15
2447,2,hs_natural,Pi Beta Phi,bike,4.5,14
2448,1,hs_interdisc,Schiff,bike,5.01,19
2449,1,hs_natural,Branner,bike,4.34,17
2450,2,hs_social,Adelfa,bike,5.5,16
2451,4,engineering,Mirrielees,walk,1.52,12
2452,3,hs_natural,Crothers Memorial,bike,5.55,14
2453,2,hs_interdisc,Trancos,bike,5.6,17
2454,2,hs_interdisc,Meier,walk,1.63,12
2455,1,hs_social,Lantana,walk,1.54,17
2456,3,engineering,Kairos,walk,1.67,14
2457,4,engineering,Otero,bike,5.37,13
2458,3,engineering,Ujamaa,bike,4.68,14
2459,2,hs_social,Hammarskjold,walk,1.48,14
2460,2,hs_interdisc,Kappa Alpha,walk,1.66,14
2461,3,engineering,aKDPhi/Chi Omega,walk,1.33,16
2462,2,hs_interdisc,Potter,walk,1.38,12
2463,1,engineering,Cedro,bike,5.23,14
2464,4,hs_interdisc,Phi Kappa Psi,walk,1.4,15
2465,1,hs_social,Robinson,walk,1.36,15
2466,2,engineering,Roble Hall,bike,4.99,13
2467,4,hs_interdisc,Sally Ride,bike,5.66,19
2468,1,hs_social,Branner,bike,4.15,17
2469,4,hs_social,Enchanted Broccoli Forest,bike,5.53,17
2470,4,engineering,Loro,bike,4.75,18
2471,1,engineering,Cedro,bike,4.72,15
2472,2,engineering,Twain,bike,4.19,14
2473,3,engineering,Roble Hall,bike,4.73,13
2474,1,hs_social,Castano,bike,4.84,12
2475,4,engineering,Ng,walk,1.57,13
2476,4,hs_interdisc,Sally Ride,bike,4.36,17
2477,1,hs_humanities,Branner,bike,4.1,14
2478,1,hs_interdisc,Okada,bike,4.32,13
2479,2,engineering,Meier,bike,4.77,15
2480,3,hs_interdisc,Meier,bike,4.66,15
2481,2,hs_natural,Paloma,walk,1.35,16
2482,4,hs_interdisc,Narnia,bike,4.63,14
2483,4,hs_social,Jerry,bike,5.51,12
2484,3,engineering,Enchanted Broccoli Forest,bike,5.09,14
2485,3,hs_humanities,Sigma Phi Epsilon,bike,5.49,19
2486,2,hs_interdisc,Hammarskjold,bike,4.26,15
2487,2,hs_social,Kappa Alpha,bike,4.2,16
2488,4,engineering,Otero,bike,5.45,18
2489,1,engineering,Otero,bike,4.79,15
2490,2,hs_natural,aKDPhi/Chi Omega,bike,5.61,14
2491,4,engineering,Norcliffe,bike,5.62,14
2492,3,hs_natural,Grove,bike,4.84,15
2493,3,hs_natural,Toyon,walk,1.39,18
2494,1,hs_natural,Branner,bike,5.44,12
2495,4,engineering,Trancos,bike,5.6,15
2496,2,hs_social,Synergy,bike,5.52,14
2497,3,hs_natural,Mirrielees,bike,5.47,15
2498,1,engineering,Otero,bike,4.32,14
2499,3,hs_natural,Govco Suites,walk,1.48,14
2500,4,engineering,Pi Beta Phi,bike,5.13,12
2501,3,hs_interdisc,Okada,bike,4.98,16
2502,4,engineering,Govco Suites,walk,1.61,14
2503,3,engineering,Sigma Nu,walk,1.62,15
2504,4,hs_social,Kappa Sigma,bike,4.4,14
2505,2,hs_social,Potter,bike,5.17,12
2506,1,hs_interdisc,Burbank,walk,1.45,12
2507,4,engineering,Alpha Phi/KKG,walk,1.67,12
2508,2,engineering,Roble Hall,walk,1.62,12
2509,3,hs_natural,Paloma,walk,1.47,13
2510,1,hs_social,Larkin,bike,5.02,12
2511,1,hs_social,West Lagunita,bike,5.7,16
2512,2,engineering,Casa Zapata,electric,7.92,13
2513,4,engineering,EVGR,bike,4.39,18
2514,4,engineering,Norcliffe,bike,4.26,13
2515,2,hs_interdisc,Crothers Memorial,walk,1.56,12
2516,3,hs_interdisc,550 Lasuen,bike,5.52,16
2517,4,engineering,Ujamaa,bike,4.4,16
2518,4,hs_social,Kappa Sigma,electric,6.93,13
2519,4,engineering,Loro,walk,1.43,13
2520,2,hs_interdisc,Trancos,bike,4.17,14
2521,3,engineering,Roble Hall,bike,5.4,17
2522,3,hs_interdisc,Mirrielees,bike,5.35,15
2523,1,hs_interdisc,Soto,bike,4.81,14
2524,4,engineering,Junipero,walk,1.56,16
2525,3,hs_interdisc,Meier,bike,5.34,15
2526,4,hs_social,Mirrielees,bike,4.91,13
2527,4,hs_social,Pi Beta Phi,bike,4.51,12
2528,4,engineering,EVGR,bike,5.73,13
2529,2,hs_interdisc,Okada,bike,4.28,16
2530,1,hs_social,Mirlo,walk,1.37,13
2531,4,hs_interdisc,Adams,walk,1.31,12
2532,1,engineering,Crothers,bike,5.35,16
2533,3,hs_interdisc,Mirrielees,walk,1.62,18
2534,4,hs_natural,Crothers Memorial,bike,5.47,16
2535,1,hs_humanities,Alondra,bike,4.73,12
2536,1,hs_social,Larkin,bike,4.34,18
2537,1,engineering,Otero,walk,1.38,14
2538,1,engineering,Soto,bike,5.5,14
2539,2,hs_interdisc,Kappa Alpha,bike,5.33,12
2540,3,hs_social,Burbank,bike,4.17,13
2541,3,engineering,Casa Zapata,bike,4.57,14
2542,1,hs_interdisc,Lantana,bike,5.23,14
2543,3,engineering,Potter,bike,4.37,14
2544,3,engineering,EVGR,bike,4.3,14
2545,4,hs_interdisc,Sally Ride,bike,4.5,15
2546,3,hs_natural,Narnia,walk,1.46,15
2547,2,hs_social,Kimball,bike,4.86,13
2548,4,hs_social,Mirrielees,bike,5.02,13
2549,2,hs_natural,Ujamaa,bike,4.59,16
2550,2,hs_humanities,Potter,bike,5.56,15
2551,2,hs_natural,Delta Delta Delta,walk,1.53,12
2552,1,hs_interdisc,Crothers,bike,4.46,17
2553,3,engineering,EVGR,bike,4.48,16
2554,2,engineering,Adams,walk,1.57,14
2555,4,engineering,Gavilan,bike,4.26,17
2556,3,hs_social,Pluto,walk,1.36,16
2557,4,engineering,Cardenal,bike,4.36,13
2558,1,hs_interdisc,West Lagunita,bike,5.3,15
2559,4,hs_social,Terra,bike,5.45,12
2560,2,engineering,Norcliffe,electric,7.23,16
2561,4,hs_social,Adams,bike,4.62,14
2562,2,hs_humanities,Loro,bike,5.19,14
2563,1,hs_humanities,Potter,bike,4.64,16
2564,3,hs_interdisc,Warehaus,walk,1.63,13
2565,4,engineering,Crothers Memorial,walk,1.39,15
2566,3,hs_natural,aKDPhi/Chi Omega,bike,4.57,16
2567,1,engineering,Crothers,walk,1.53,14
2568,1,hs_natural,Crothers,bike,4.63,15
2569,3,engineering,Mirrielees,bike,4.54,15
2570,3,engineering,Norcliffe,walk,1.54,12
2571,2,doerr,Crothers Memorial,bike,5.67,16
2572,1,engineering,Crothers,bike,5.8,18
2573,2,hs_interdisc,Roble Hall,walk,1.6,16
2574,3,hs_interdisc,Crothers Memorial,bike,5.21,16
2575,4,hs_interdisc,Murray,electric,7.89,13
2576,4,hs_social,Muwekma-Tah-Ruk,bike,4.06,17
2577,4,engineering,Trancos,walk,1.52,12
2578,1,hs_interdisc,Schiff,bike,5.26,16
2579,2,hs_interdisc,Twain,bike,5.04,12
2580,1,engineering,Otero,walk,1.66,12
2581,4,hs_interdisc,Govco Suites,bike,4.95,12
2582,1,engineering,Otero,bike,5.35,15
2583,2,doerr,Ujamaa,bike,4.83,12
2584,1,hs_social,Crothers,bike,5.13,12
2585,2,engineering,Alpha Phi/KKG,bike,4.01,13
2586,2,hs_interdisc,Potter,walk,1.44,12
2587,3,engineering,Kimball,bike,4.05,13
2588,2,engineering,Norcliffe,walk,1.53,14
2589,2,hs_interdisc,Potter,bike,5.35,12
2590,1,engineering,Lantana,bike,4.73,14
2591,3,engineering,Delta Delta Delta,bike,5.12,13
2592,2,hs_interdisc,Norcliffe,walk,1.65,15
2593,4,hs_social,Ng,bike,4.7,14
2594,2,engineering,Cardenal,bike,4.26,14
2595,4,hs_interdisc,Gavilan,bike,5.36,18
2596,2,engineering,Roble Hall,walk,1.61,16
2597,4,hs_humanities,Kappa Alpha,bike,5.16,14
2598,4,hs_social,EVGR,walk,1.43,14
2599,1,hs_interdisc,Larkin,walk,1.37,13
2600,1,hs_social,Cardenal,bike,4.74,15
2601,4,engineering,Murray,bike,4.54,14
2602,4,engineering,Faisan,bike,5.42,15
2603,4,hs_humanities,Potter,bike,4.21,14
2604,4,engineering,Govco Suites,bike,4.18,17
2605,4,engineering,Cardenal,electric,6.83,16
2606,3,hs_interdisc,Adelfa,walk,1.63,12
2607,3,hs_natural,Potter,bike,5.35,13
2608,1,engineering,Rinconada,bike,5.79,16
2609,3,engineering,BOB,bike,5.44,18
2610,4,engineering,Junipero,bike,4.97,14
2611,3,engineering,Loro,bike,5.25,14
2612,2,engineering,aKDPhi/Chi Omega,bike,4.97,16
2613,2,engineering,Ujamaa,bike,4.49,13
2614,4,engineering,Trancos,bike,4.52,14
2615,4,hs_interdisc,Mars,electric,6.01,16
2616,1,hs_interdisc,Burbank,walk,1.7,13
2617,2,engineering,Roble Hall,bike,4.39,12
2618,1,doerr,Robinson,bike,5.41,12
2619,4,hs_humanities,Paloma,bike,5.24,13
2620,3,engineering,Mirrielees,bike,5.02,14
2621,4,hs_social,Govco Suites,bike,4.04,13
2622,1,hs_social,Cedro,bike,5.75,13
2623,4,hs_interdisc,Sally Ride,walk,1.59,14
2624,2,hs_interdisc,Roble Hall,bike,5.11,12
2625,4,hs_social,Muwekma-Tah-Ruk,bike,4.61,13
2626,3,engineering,Narnia,walk,1.65,17
2627,3,hs_interdisc,Kappa Sigma,bike,4.15,13
2628,2,engineering,Crothers Memorial,electric,7.89,13
2629,2,hs_natural,Murray,electric,7.8,15
2630,1,hs_social,Muwekma-Tah-Ruk,bike,5.59,15
2631,4,hs_social,Otero,bike,4.09,14
2632,4,engineering,EVGR,walk,1.57,13
2633,3,hs_natural,EVGR,bike,5.41,15
2634,2,engineering,Delta Delta Delta,bike,5.11,15
2635,1,hs_humanities,Crothers,bike,5.13,13
2636,3,hs_social,Govco Suites,walk,1.37,12
2637,2,engineering,Kimball,bike,5.71,13
2638,1,hs_interdisc,Alondra,bike,4.77,17
2639,3,engineering,Sigma Phi Epsilon,electric,6.12,17
2640,1,engineering,Casa Zapata,walk,1.6,12
2641,3,hs_interdisc,Mirrielees,bike,5.23,14
2642,1,hs_interdisc,Donner,walk,1.68,13
2643,1,hs_humanities,Arroyo,bike,4.27,16
2644,3,engineering,Durand,walk,1.38,14
2645,2,engineering,Trancos,bike,4.32,13
2646,1,hs_interdisc,Casa Zapata,bike,5.17,14
2647,1,hs_social,Arroyo,bike,5.76,18
2648,4,hs_interdisc,Ng,walk,1.55,14
2649,3,hs_social,Toyon,bike,5.13,12
2650,4,engineering,EVGR,walk,1.38,15
2651,1,engineering,Alondra,bike,5.04,16
2652,2,engineering,Sigma Phi Epsilon,walk,1.54,14
2653,3,hs_humanities,Norcliffe,bike,4.81,14
2654,2,engineering,Burbank,walk,1.68,13
2655,1,hs_interdisc,Soto,bike,4.79,13
2656,1,hs_interdisc,Castano,walk,1.58,16
2657,4,engineering,Neptune,bike,5.16,12
2658,4,hs_natural,EVGR,bike,4.89,13
2659,4,engineering,Adelfa,bike,5.54,16
2660,2,hs_interdisc,Burbank,electric,6.98,16
2661,2,hs_social,Sally Ride,bike,4.6,15
2662,4,hs_social,Twain,electric,7.42,15
2663,4,hs_natural,Neptune,bike,4.76,14
2664,1,hs_interdisc,Schiff,bike,5.71,15
2665,4,engineering,Ujamaa,walk,1.47,12
2666,2,hs_social,Meier,walk,1.44,12
2667,1,engineering,Soto,bike,5.55,15
2668,3,engineering,Cardenal,bike,4.52,14
2669,4,engineering,Ujamaa,bike,4.55,15
2670,2,hs_humanities,Toyon,bike,4.55,18
2671,3,engineering,Faisan,bike,5.57,15
2672,4,hs_interdisc,Xanadu,bike,4.04,13
2673,1,doerr,Okada,bike,4.53,16
2674,1,engineering,Cedro,bike,5.59,14
2675,2,hs_interdisc,Potter,bike,4.61,16
2676,2,hs_social,Kappa Alpha,walk,1.37,16
2677,3,engineering,Kimball,electric,7.44,12
2678,1,engineering,Castano,walk,1.39,17
2679,2,hs_interdisc,Adelfa,bike,4.46,14
2680,4,hs_humanities,Loro,walk,1.55,14
2681,1,engineering,Cedro,bike,4.47,13
2682,4,engineering,Roble Hall,walk,1.67,12
2683,3,hs_social,Murray,bike,5.66,12
2684,2,engineering,Potter,walk,1.54,13
2685,4,engineering,EAST,walk,1.7,15
2686,2,hs_interdisc,Roble Hall,bike,4.33,13
2687,1,hs_interdisc,Robinson,bike,5.02,14
2688,4,engineering,Sigma Nu,walk,1.59,15
2689,1,engineering,Soto,bike,5.2,13
2690,3,hs_interdisc,Ng,bike,4.93,12
2691,2,hs_interdisc,Synergy,bike,4.44,16
2692,1,hs_natural,Mirlo,bike,5.77,19
2693,4,hs_interdisc,Muwekma-Tah-Ruk,electric,7.1,15
2694,4,engineering,Adams,bike,4.96,16
2695,2,hs_natural,Crothers Memorial,bike,4.83,17
2696,1,engineering,Cedro,walk,1.63,14
2697,1,hs_natural,Otero,walk,1.68,14
2698,3,engineering,Govco Suites,bike,5.76,20
2699,1,hs_social,Lantana,walk,1.36,12
2700,3,engineering,EVGR,bike,4.56,13
2701,3,hs_social,Toyon,bike,4.08,15
2702,2,engineering,Loro,bike,4.77,16
2703,1,hs_humanities,Castano,bike,4.34,17
2704,2,hs_interdisc,Kappa Alpha,bike,4.94,12
2705,4,hs_humanities,Grove,bike,5.62,12
2706,1,doerr,Soto,bike,4.74,13
2707,4,hs_social,Kimball,bike,4.25,12
2708,3,hs_interdisc,Crothers Memorial,walk,1.4,18
2709,4,hs_social,Pluto,bike,4.2,14
2710,3,engineering,Alpha Phi/KKG,bike,4.58,14
2711,3,engineering,Twain,bike,5.8,16
2712,1,hs_interdisc,Lantana,bike,5.28,15
2713,4,engineering,576 Alvarado,bike,4.36,12
2714,4,hs_interdisc,Meier,walk,1.47,14
2715,2,engineering,Ng,bike,5.6,15
2716,3,hs_natural,Gavilan,bike,4.09,12
2717,4,engineering,Mirrielees,walk,1.48,13
2718,1,engineering,Rinconada,bike,5.52,14
2719,2,doerr,Burbank,bike,4.75,12
2720,3,hs_interdisc,Mirrielees,bike,5.47,13
2721,2,engineering,Kimball,bike,5.37,16
2722,1,hs_social,Rinconada,bike,4.95,13
2723,2,hs_social,Yost,walk,1.69,16
2724,3,hs_interdisc,Jerry,walk,1.43,19
2725,1,hs_social,Castano,bike,5.63,17
2726,3,hs_interdisc,Mirrielees,bike,4.68,13
2727,4,engineering,Govco Suites,walk,1.56,15
2728,1,engineering,Lantana,bike,5.31,12
2729,2,engineering,Toyon,bike,5.61,15
2730,2,engineering,Kappa Sigma,walk,1.32,13
2731,4,hs_social,EVGR,bike,4.5,15
2732,4,engineering,EVGR,bike,5.41,17
2733,2,hs_social,Ng,bike,5.48,16
2734,1,hs_humanities,Okada,bike,5.77,14
2735,2,hs_interdisc,Ujamaa,bike,5.2,16
2736,2,hs_social,Alpha Phi/KKG,electric,6.51,18
2737,1,engineering,Cardenal,bike,5.43,15
2738,1,hs_interdisc,Crothers,bike,4.3,14
2739,4,engineering,Phi Kappa Psi,bike,4.97,12
2740,3,hs_natural,Gavilan,bike,4.11,12
2741,3,engineering,Okada,walk,1.31,13
2742,1,hs_natural,Casa Zapata,bike,4.3,16
2743,4,engineering,Muwekma-Tah-Ruk,electric,7.0,12
2744,4,hs_humanities,Junipero,bike,4.87,16
2745,2,engineering,Sally Ride,bike,5.74,12
2746,1,engineering,Larkin,bike,4.03,14
2747,2,engineering,Norcliffe,electric,7.36,14
2748,3,hs_humanities,Burbank,bike,5.3,15
2749,1,hs_humanities,Robinson,walk,1.33,12
2750,1,hs_social,Burbank,walk,1.62,12
2751,1,hs_social,Muwekma-Tah-Ruk,bike,4.91,15
2752,3,engineering,Kimball,bike,4.67,13
2753,1,hs_natural,Soto,bike,4.43,14
2754,1,hs_interdisc,Crothers,electric,6.56,14
2755,4,engineering,Norcliffe,walk,1.56,13
2756,4,hs_interdisc,Mirrielees,bike,5.4,15
2757,2,hs_social,Twain,walk,1.58,14
2758,3,engineering,Potter,walk,1.36,14
2759,1,hs_interdisc,West Lagunita,electric,7.62,15
2760,2,hs_interdisc,Ng,bike,5.21,14
2761,2,hs_social,Kimball,bike,5.74,15
2762,4,hs_natural,Junipero,walk,1.61,16
2763,1,hs_interdisc,West Lagunita,walk,1.69,17
2764,3,hs_social,Crothers Memorial,bike,5.17,19
2765,3,hs_humanities,Mirrielees,walk,1.45,15
2766,4,hs_natural,Roble Hall,bike,4.68,14
2767,3,engineering,Pi Beta Phi,bike,5.43,16
2768,2,hs_interdisc,Toyon,walk,1.62,16
2769,1,hs_natural,West Lagunita,walk,1.38,14
2770,4,engineering,Okada,walk,1.56,12
2771,2,engineering,Meier,bike,4.97,14
2772,2,hs_interdisc,Roble Hall,walk,1.36,14
2773,2,hs_interdisc,Ng,walk,1.56,15
2774,1,hs_natural,West Lagunita,bike,4.35,15
2775,4,engineering,Alpha Phi/KKG,bike,4.89,15
2776,4,hs_social,EVGR,bike,5.47,17
2777,3,hs_natural,Phi Kappa Psi,walk,1.53,12
2778,4,hs_interdisc,Delta Delta Delta,walk,1.51,17
2779,3,hs_interdisc,Junipero,bike,4.95,15
2780,4,hs_natural,Storey,bike,4.07,13
2781,4,engineering,680 Lomita,bike,4.27,18
2782,4,doerr,Crothers Memorial,bike,5.61,14
2783,2,hs_interdisc,Potter,bike,5.55,14
2784,1,hs_interdisc,Arroyo,bike,4.05,16
2785,1,hs_interdisc,Arroyo,bike,5.06,14
2786,3,hs_interdisc,Twain,bike,4.88,13
2787,2,engineering,Toyon,walk,1.66,18
2788,3,engineering,EVGR,bike,5.52,16
2789,4,hs_interdisc,Mirrielees,walk,1.66,14
2790,2,doerr,Toyon,bike,4.01,13
2791,3,engineering,Storey,bike,4.49,13
2792,1,hs_natural,Burbank,bike,4.91,15
2793,2,hs_natural,Kimball,bike,4.54,14
2794,4,engineering,Adams,walk,1.36,14
2795,4,hs_interdisc,Burbank,bike,5.43,14
2796,1,hs_social,Branner,bike,5.45,15
2797,1,engineering,Burbank,bike,4.71,12
2798,1,hs_interdisc,Okada,bike,4.84,16
2799,3,engineering,Terra,walk,1.42,18
2800,1,engineering,Cedro,bike,4.96,15
2801,3,hs_natural,Okada,bike,4.28,16
2802,2,engineering,Burbank,bike,5.43,12
2803,4,hs_interdisc,Crothers Memorial,walk,1.51,12
2804,2,engineering,Yost,bike,4.81,12
2805,2,engineering,Yost,bike,5.36,13
2806,2,engineering,Cardenal,walk,1.37,13
2807,4,hs_social,Mars,electric,7.93,14
2808,1,engineering,Casa Zapata,walk,1.44,14
2809,3,hs_interdisc,Xanadu,bike,5.53,12
2810,4,hs_interdisc,Kimball,electric,7.88,17
2811,4,engineering,Kimball,walk,1.65,13
2812,4,hs_natural,Robert Moore North,walk,1.37,18
2813,4,engineering,Mirrielees,bike,4.56,15
2814,3,hs_social,Roble Hall,bike,4.02,14
2815,4,hs_humanities,Mirrielees,walk,1.69,14
2816,1,hs_social,Casa Zapata,bike,5.48,16
2817,1,engineering,Arroyo,bike,4.2,16
2818,3,hs_social,Sally Ride,bike,5.2,13
2819,2,engineering,Robert Moore North,bike,4.36,16
2820,3,engineering,Paloma,electric,7.02,13
2821,4,hs_interdisc,Sigma Nu,bike,4.1,14
2822,4,hs_interdisc,Govco Suites,walk,1.61,12
2823,3,engineering,Pi Beta Phi,walk,1.32,14
2824,1,engineering,Casa Zapata,bike,5.05,18
2825,3,engineering,Enchanted Broccoli Forest,bike,4.63,14
2826,4,engineering,Crothers Memorial,bike,4.82,13
2827,1,engineering,Soto,electric,6.19,13
2828,2,engineering,Norcliffe,bike,5.25,13
2829,2,engineering,Delta Delta Delta,bike,4.73,17
2830,4,engineering,Govco Suites,bike,5.59,14
2831,2,engineering,Cardenal,walk,1.7,18
2832,1,engineering,West Lagunita,bike,4.12,15
2833,4,engineering,ZAP,bike,4.76,13
2834,4,engineering,Junipero,bike,4.93,15
2835,1,hs_humanities,Cardenal,walk,1.65,19
2836,2,hs_interdisc,Kairos,electric,6.56,16
2837,4,doerr,Casa Zapata,bike,5.57,14
2838,2,hs_interdisc,Norcliffe,bike,4.12,14
2839,2,hs_natural,Murray,walk,1.69,16
2840,2,engineering,Roble Hall,electric,6.58,16
2841,2,hs_social,Adams,walk,1.67,14
2842,4,engineering,Adams,bike,5.19,17
2843,3,engineering,Mirrielees,walk,1.51,13
2844,3,hs_humanities,Govco Suites,bike,4.43,18
2845,4,engineering,Robert Moore North,bike,5.79,15
2846,3,hs_humanities,EVGR,bike,5.43,14
2847,2,engineering,Toyon,bike,4.21,19
2848,3,engineering,BOB,bike,4.64,14
2849,2,engineering,Roble Hall,bike,5.55,15
2850,3,engineering,Govco Suites,walk,1.52,14
2851,2,hs_humanities,Casa Zapata,walk,1.56,14
2852,2,engineering,Otero,bike,5.03,12
2853,2,hs_humanities,Kappa Alpha Theta,walk,1.56,15
2854,1,hs_natural,Casa Zapata,walk,1.65,12
2855,4,hs_social,Trancos,bike,4.36,15
2856,2,hs_natural,Burbank,bike,5.39,14
2857,1,engineering,Soto,bike,4.72,16
2858,4,hs_social,Paloma,bike,5.52,17
2859,3,engineering,Jerry,bike,4.56,14
2860,1,hs_interdisc,Crothers,bike,5.48,16
2861,1,engineering,Schiff,bike,5.14,18
2862,4,engineering,BOB,bike,4.89,17
2863,2,hs_social,Sally Ride,bike,4.21,12
2864,3,hs_interdisc,Cardenal,bike,5.4,14
2865,2,hs_interdisc,Twain,walk,1.55,13
2866,2,engineering,Potter,walk,1.67,16
2867,1,hs_humanities,Mirlo,bike,5.22,12
2868,3,hs_interdisc,Kimball,electric,6.41,14
2869,4,hs_interdisc,Roble Hall,bike,4.05,14
2870,2,hs_interdisc,Adelfa,bike,5.64,12
2871,4,hs_natural,EVGR,bike,4.36,16
2872,4,hs_interdisc,Mirrielees,bike,4.38,14
2873,4,engineering,Jerry,electric,6.21,14
2874,3,hs_natural,Trancos,walk,1.35,15
2875,2,engineering,Enchanted Broccoli Forest,walk,1.63,16
2876,3,hs_interdisc,Crothers Memorial,bike,4.68,18
2877,3,engineering,EAST,bike,4.82,15
2878,1,engineering,Arroyo,bike,4.24,18
2879,3,hs_interdisc,Mirrielees,bike,4.07,17
2880,1,hs_social,Branner,bike,4.04,13
2881,2,hs_interdisc,Yost,bike,4.89,13
2882,3,hs_humanities,ZAP,bike,4.88,16
2883,2,hs_humanities,Alpha Phi/KKG,walk,1.32,12
2884,3,hs_interdisc,EVGR,bike,4.63,16
2885,1,hs_interdisc,Casa Zapata,walk,1.64,13
2886,1,hs_natural,Potter,bike,4.44,15
2887,3,engineering,Meier,bike,5.31,17
2888,4,engineering,Ng,bike,4.79,18
2889,4,engineering,Columbae,bike,5.14,17
2890,1,hs_natural,Okada,bike,4.04,18
2891,2,engineering,Crothers Memorial,walk,1.43,16
2892,4,hs_interdisc,Sally Ride,walk,1.65,16
2893,1,hs_interdisc,Soto,bike,4.74,12
2894,2,hs_interdisc,Ng,bike,4.03,13
2895,1,engineering,Okada,bike,5.04,14
2896,1,hs_natural,Castano,electric,6.46,15
2897,3,engineering,Roble Hall,bike,4.38,14
2898,2,hs_interdisc,Sally Ride,bike,5.18,13
2899,3,hs_interdisc,Kappa Sigma,bike,4.13,14
2900,3,hs_humanities,Potter,bike,4.45,13
2901,3,hs_social,Mars,bike,4.13,15
2902,2,hs_humanities,aKDPhi/Chi Omega,walk,1.4,17
2903,4,engineering,Hammarskjold,bike,5.16,14
2904,1,hs_social,Crothers,bike,4.38,17
2905,2,hs_interdisc,Loro,bike,4.01,14
2906,2,hs_interdisc,Yost,bike,4.73,14
2907,4,hs_interdisc,Roble Hall,bike,5.36,13
2908,1,engineering,Potter,bike,4.34,14
2909,4,hs_humanities,Loro,bike,4.63,13
2910,4,hs_interdisc,Faisan,bike,4.24,19
2911,2,engineering,Ujamaa,bike,5.6,15
2912,3,engineering,Govco Suites,bike,5.11,17
2913,2,engineering,Naranja,walk,1.57,17
2914,1,hs_interdisc,Ujamaa,bike,4.95,16
2915,1,hs_interdisc,West Lagunita,walk,1.69,15
2916,2,engineering,Terra,bike,4.13,17
2917,1,hs_social,Donner,walk,1.52,14
2918,2,engineering,Robert Moore North,walk,1.49,14
2919,1,engineering,Crothers,walk,1.5,16
2920,1,hs_social,West Lagunita,walk,1.51,14
2921,3,engineering,Terra,bike,4.44,15
2922,1,engineering,Mirlo,bike,5.22,18
2923,3,hs_interdisc,Mirrielees,electric,7.58,14
2924,4,engineering,Mirrielees,electric,7.33,16
2925,1,hs_humanities,Burbank,bike,5.71,14
2926,4,engineering,Loro,bike,4.6,13
2927,4,engineering,Mars,walk,1.64,17
2928,3,hs_interdisc,Roble Hall,bike,4.1,18
2929,1,engineering,Cardenal,walk,1.39,17
2930,2,hs_interdisc,Twain,bike,4.87,15
2931,2,hs_social,Kimball,bike,5.06,14
2932,3,hs_humanities,Sally Ride,bike,5.61,12
2933,2,engineering,Gavilan,bike,4.5,14
2934,1,hs_humanities,Arroyo,bike,5.65,17
2935,4,hs_social,Toyon,bike,5.74,16
2936,1,hs_natural,West Lagunita,bike,4.4,16
2937,3,hs_humanities,Toyon,electric,7.02,17
2938,3,hs_interdisc,Enchanted Broccoli Forest,walk,1.44,17
2939,1,hs_social,Lantana,bike,5.25,12
2940,4,doerr,Toyon,bike,4.14,15
2941,1,hs_humanities,Muwekma-Tah-Ruk,walk,1.57,17
2942,3,engineering,Mars,walk,1.65,15
2943,3,hs_humanities,Neptune,bike,4.72,17
2944,2,hs_humanities,Gavilan,bike,5.4,17
2945,4,engineering,Ujamaa,bike,4.91,16
2946,2,engineering,Kimball,bike,5.05,14
2947,3,hs_humanities,Sally Ride,bike,4.41,16
2948,2,hs_interdisc,Kimball,walk,1.43,16
2949,4,engineering,EVGR,bike,4.4,14
2950,1,hs_natural,Crothers,bike,4.08,17
2951,1,hs_social,Larkin,bike,4.66,16
2952,4,hs_interdisc,Govco Suites,bike,5.33,13
2953,4,engineering,Govco Suites,walk,1.61,12
2954,4,hs_interdisc,Sally Ride,bike,5.04,18
2955,1,hs_interdisc,Schiff,bike,4.35,14
2956,4,hs_interdisc,Mirrielees,walk,1.48,14
2957,2,hs_social,Otero,bike,4.25,15
2958,4,engineering,Toyon,bike,5.3,17
2959,2,hs_social,Norcliffe,bike,4.66,16
2960,1,engineering,Larkin,bike,5.15,17
2961,1,hs_social,Lantana,bike,5.15,12
2962,3,hs_natural,Govco Suites,walk,1.52,14
2963,3,engineering,Kimball,bike,5.39,14
2964,4,engineering,Kappa Sigma,walk,1.34,15
2965,4,engineering,Toyon,bike,4.58,13
2966,1,engineering,Donner,bike,5.26,17
2967,2,engineering,Adams,electric,6.43,12
2968,4,hs_humanities,Crothers Memorial,bike,4.77,17
2969,2,hs_humanities,Crothers Memorial,bike,4.01,15
2970,3,hs_social,EVGR,bike,5.32,15
2971,4,hs_interdisc,Sally Ride,bike,4.71,12
2972,2,engineering,Pi Beta Phi,bike,4.89,12
2973,2,engineering,Phi Kappa Psi,bike,5.37,14
2974,2,engineering,Sigma Phi Epsilon,walk,1.5,12
2975,3,engineering,Storey,bike,4.23,14
2976,1,hs_social,Ujamaa,bike,4.96,12
2977,4,hs_humanities,Roth,walk,1.47,16
2978,1,hs_social,Okada,bike,5.1,15
2979,4,engineering,Mirrielees,bike,5.36,15
2980,3,engineering,Burbank,bike,5.12,14
2981,4,hs_humanities,Mirrielees,bike,5.76,17
2982,4,hs_interdisc,EVGR,bike,5.17,13
2983,1,engineering,Soto,bike,4.0,17
2984,3,engineering,Crothers Memorial,walk,1.56,18
2985,4,engineering,Crothers Memorial,bike,5.78,18
2986,4,hs_social,Mirrielees,bike,4.18,17
2987,4,hs_natural,Toyon,walk,1.33,17
2988,4,engineering,Sigma Phi Epsilon,bike,5.6,12
2989,1,hs_social,Burbank,bike,5.06,16
2990,3,hs_social,EAST,electric,6.46,14
2991,2,engineering,Roble Hall,bike,5.56,14
2992,1,hs_humanities,Arroyo,bike,5.62,16
2993,1,hs_interdisc,Cedro,bike,5.67,15
2994,4,engineering,Crothers Memorial,walk,1.33,16
2995,4,hs_natural,Pluto,walk,1.65,14
2996,3,hs_social,Loro,bike,5.67,15
2997,3,hs_humanities,Roble Hall,bike,4.81,16
2998,2,hs_interdisc,Crothers Memorial,electric,7.78,19
2999,4,hs_social,EVGR,walk,1.39,15
3000,2,engineering,Trancos,bike,4.62,14
3001,2,engineering,Faisan,bike,5.41,15
3002,2,hs_social,Otero,bike,4.37,15
3003,1,hs_interdisc,Cedro,bike,5.3,12
3004,3,engineering,Ng,walk,1.41,15
3005,2,hs_social,Toyon,bike,4.92,19
3006,3,hs_interdisc,Yost,bike,5.76,15
3007,3,engineering,Loro,bike,5.74,15
3008,2,doerr,Meier,bike,5.14,12
3009,4,engineering,Xanadu,bike,5.45,12
3010,4,hs_natural,Jerry,walk,1.32,16
3011,2,engineering,Junipero,bike,5.75,16
3012,4,hs_social,EVGR,bike,4.51,15
3013,4,hs_social,Govco Suites,bike,5.32,14
3014,4,hs_humanities,Roble Hall,walk,1.32,12
3015,4,hs_natural,Roble Hall,bike,4.91,15
3016,3,engineering,Roble Hall,bike,4.97,16
3017,4,engineering,Kimball,bike,4.53,14
3018,1,engineering,Burbank,walk,1.63,16
3019,2,engineering,Cardenal,bike,5.5,16
3020,1,engineering,Alondra,bike,4.37,12
3021,4,hs_natural,Terra,walk,1.45,18
3022,3,hs_social,Crothers Memorial,bike,4.83,16
3023,1,engineering,Branner,bike,4.14,12
3024,4,hs_social,Sigma Nu,bike,5.17,14
3025,2,engineering,Yost,walk,1.49,12
3026,1,hs_social,Soto,bike,5.67,15
3027,2,engineering,Roble Hall,walk,1.65,13
3028,2,hs_interdisc,Kimball,bike,5.25,15
3029,3,hs_interdisc,Toyon,bike,4.68,13
3030,1,hs_social,Branner,electric,6.29,15
3031,1,engineering,Robinson,bike,4.32,15
3032,1,engineering,Okada,bike,5.4,18
3033,2,hs_natural,Potter,bike,4.87,12
3034,4,engineering,EVGR,bike,4.48,13
3035,4,engineering,Narnia,walk,1.38,15
3036,3,hs_social,Phi Kappa Psi,bike,4.75,12
3037,2,engineering,Roble Hall,walk,1.32,16
3038,1,hs_humanities,Schiff,walk,1.65,13
3039,4,hs_interdisc,Norcliffe,bike,4.73,15
3040,2,engineering,Burbank,bike,4.63,12
3041,2,hs_interdisc,Kimball,bike,5.46,12
3042,2,hs_social,Crothers Memorial,bike,5.32,15
3043,3,hs_social,Crothers Memorial,bike,4.73,13
3044,3,hs_interdisc,Meier,walk,1.31,12
3045,1,engineering,Cedro,bike,4.08,13
3046,1,engineering,Muwekma-Tah-Ruk,bike,4.06,17
3047,3,engineering,EVGR,bike,4.04,14
3048,3,hs_interdisc,EVGR,bike,4.25,15
3049,2,hs_interdisc,Roble Hall,bike,5.71,13
3050,4,hs_natural,Otero,walk,1.39,16
3051,2,hs_natural,Meier,bike,5.63,13
3052,3,hs_interdisc,Otero,walk,1.38,19
3053,2,hs_interdisc,Casa Zapata,bike,5.45,15
3054,1,hs_interdisc,Lantana,bike,5.43,12
3055,4,engineering,BOB,bike,5.2,17
3056,4,hs_humanities,576 Alvarado,bike,5.14,12
3057,3,hs_interdisc,Mirrielees,bike,4.35,13
3058,1,engineering,Muwekma-Tah-Ruk,walk,1.34,13
3059,4,engineering,Junipero,walk,1.47,12
3060,1,hs_humanities,Rinconada,bike,5.63,16
3061,3,engineering,Govco Suites,bike,4.49,15
3062,2,hs_interdisc,576 Alvarado,bike,4.48,18
3063,4,hs_interdisc,Twain,bike,5.53,15
3064,3,engineering,EVGR,bike,5.3,12
3065,3,engineering,Toyon,bike,5.43,18
3066,4,engineering,Enchanted Broccoli Forest,walk,1.42,14
3067,1,hs_humanities,Robinson,bike,4.17,14
3068,4,hs_interdisc,Roble Hall,bike,5.28,12
3069,3,hs_social,Pluto,bike,4.72,17
3070,3,hs_interdisc,EVGR,walk,1.46,15
3071,3,hs_humanities,Synergy,bike,4.72,17
3072,4,engineering,Columbae,bike,4.24,16
3073,3,engineering,EVGR,bike,4.15,19
3074,2,engineering,Kimball,bike,5.2,17
3075,3,hs_social,Neptune,bike,5.47,14
3076,1,hs_natural,Robinson,bike,5.22,16
3077,1,hs_social,Burbank,bike,5.13,17
3078,2,hs_social,EAST,bike,4.56,14
3079,3,hs_interdisc,Robert Moore North,bike,5.46,13
3080,4,hs_interdisc,Sally Ride,bike,5.03,14
3081,3,engineering,Mirrielees,bike,4.4,14
3082,1,doerr,West Lagunita,bike,4.11,15
3083,1,engineering,Robinson,bike,4.77,12
3084,1,engineering,Mirlo,bike,4.27,13
3085,4,engineering,Gavilan,bike,4.88,13
3086,4,hs_social,EVGR,bike,5.05,16
3087,2,hs_natural,Roble Hall,bike,4.02,12
3088,3,hs_natural,Paloma,bike,4.03,12
3089,2,engineering,Murray,walk,1.37,12
3090,1,hs_social,Soto,walk,1.65,13
3091,4,hs_natural,Kappa Alpha,electric,6.36,13
3092,3,engineering,Kappa Sigma,bike,4.6,14
3093,1,engineering,Rinconada,bike,5.5,13
3094,4,hs_interdisc,Govco Suites,walk,1.44,14
3095,3,engineering,Columbae,bike,4.65,15
3096,2,hs_natural,Roble Hall,bike,5.7,14
3097,2,hs_interdisc,Sigma Phi Epsilon,walk,1.55,14
3098,4,hs_interdisc,EVGR,bike,4.03,15
3099,4,engineering,Okada,bike,4.9,13
3100,2,engineering,Twain,bike,4.88,15
3101,2,hs_social,Ng,bike,5.0,15
3102,4,engineering,Otero,bike,4.98,17
3103,4,hs_social,Junipero,bike,4.07,13
3104,3,hs_natural,Junipero,walk,1.37,16
3105,4,hs_social,Govco Suites,bike,4.17,12
3106,3,engineering,Junipero,bike,5.62,13
3107,4,hs_humanities,EVGR,walk,1.39,12
3108,2,engineering,Trancos,walk,1.48,13
3109,2,hs_humanities,EAST,bike,4.19,12
3110,2,hs_natural,Pi Beta Phi,walk,1.34,14
3111,2,engineering,Loro,walk,1.51,15
3112,3,engineering,Sally Ride,bike,4.38,14
3113,3,hs_natural,Toyon,bike,4.43,13
3114,3,hs_interdisc,Crothers Memorial,bike,4.03,16
3115,3,hs_humanities,Loro,walk,1.42,16
3116,3,engineering,EVGR,bike,4.88,13
3117,3,doerr,EAST,electric,6.36,13
3118,4,engineering,Kimball,walk,1.36,16
3119,2,hs_interdisc,Columbae,walk,1.64,13
3120,4,hs_social,Mirrielees,walk,1.53,13
3121,3,engineering,Phi Kappa Psi,bike,4.49,15
3122,4,hs_interdisc,Kimball,bike,5.06,14
3123,3,hs_interdisc,Mirrielees,bike,5.45,15
3124,1,hs_social,Branner,bike,4.1,14
3125,3,hs_interdisc,Sally Ride,walk,1.42,16
3126,4,hs_natural,EVGR,walk,1.42,17
3127,3,hs_social,Xanadu,bike,5.0,12
3128,1,hs_natural,Soto,walk,1.67,17
3129,4,engineering,Crothers Memorial,bike,4.19,15
3130,2,engineering,Toyon,bike,4.14,16
3131,1,engineering,Donner,bike,4.61,19
3132,2,hs_interdisc,Ng,bike,5.04,16
3133,3,hs_social,Casa Zapata,bike,5.42,12
3134,4,hs_interdisc,Neptune,bike,5.78,13
3135,3,engineering,Murray,bike,4.72,12
3136,1,engineering,Mirlo,bike,4.14,13
3137,4,hs_social,Storey,walk,1.45,17
3138,1,hs_interdisc,Okada,walk,1.66,16
3139,1,engineering,Okada,bike,5.35,13
3140,4,hs_interdisc,Kappa Sigma,bike,5.39,16
3141,1,hs_natural,Lantana,electric,6.77,16
3142,2,hs_interdisc,Adams,bike,5.23,16
3143,3,hs_social,Mirrielees,bike,5.66,14
3144,3,hs_social,Sally Ride,walk,1.57,16
3145,1,engineering,Potter,walk,1.49,13
3146,4,hs_interdisc,aKDPhi/Chi Omega,walk,1.48,14
3147,1,engineering,Cedro,walk,1.36,14
3148,1,hs_social,West Lagunita,bike,4.04,14
3149,4,hs_interdisc,Casa Zapata,bike,4.91,15
3150,3,hs_interdisc,Kappa Sigma,bike,4.74,14
3151,2,hs_interdisc,Twain,bike,4.02,12
3152,4,engineering,Enchanted Broccoli Forest,bike,5.66,12
3153,1,hs_social,Crothers,bike,5.06,14
3154,1,hs_interdisc,Cedro,bike,4.33,18
3155,4,hs_interdisc,Terra,bike,5.5,14
3156,1,engineering,Branner,bike,5.19,14
3157,3,hs_natural,EVGR,bike,4.45,17
3158,3,hs_social,Enchanted Broccoli Forest,bike,5.3,15
3159,2,hs_natural,Roble Hall,bike,4.59,12
3160,2,engineering,Roble Hall,bike,4.0,15
3161,3,engineering,Norcliffe,bike,4.8,16
3162,2,doerr,Ng,bike,4.99,15
3163,4,hs_interdisc,Junipero,bike,5.68,12
3164,1,engineering,West Lagunita,bike,4.13,17
3165,3,engineering,Narnia,walk,1.64,15
3166,3,hs_interdisc,Yost,bike,5.52,16
3167,1,hs_social,Mirlo,bike,4.84,12
3168,1,engineering,Branner,bike,5.12,13
3169,1,engineering,Rinconada,bike,5.5,15
3170,1,engineering,Rinconada,bike,4.18,13
3171,3,engineering,Terra,bike,4.57,16
3172,4,engineering,Crothers Memorial,bike,4.25,15
3173,2,hs_social,EAST,bike,5.35,14
3174,1,hs_social,Burbank,bike,4.09,13
3175,3,hs_humanities,Adams,bike,5.24,15
3176,3,hs_natural,Roble Hall,walk,1.45,16
3177,1,hs_interdisc,Muwekma-Tah-Ruk,bike,5.21,14
3178,1,hs_interdisc,Larkin,bike,4.51,17
3179,4,hs_interdisc,Govco Suites,bike,5.41,15
3180,2,engineering,Kappa Sigma,walk,1.58,15
3181,4,engineering,Kappa Alpha Theta,bike,4.37,12
3182,4,hs_social,EVGR,bike,5.16,16
3183,4,hs_interdisc,Roble Hall,bike,5.69,17
3184,1,hs_interdisc,Cardenal,bike,5.35,15
3185,2,hs_interdisc,Adams,bike,4.01,16
3186,2,hs_humanities,Trancos,walk,1.69,12
3187,4,hs_humanities,BOB,electric,6.66,12
3188,1,engineering,Cedro,bike,5.04,13
3189,2,hs_social,Casa Zapata,bike,5.37,12
3190,4,hs_humanities,Ujamaa,bike,4.43,15
3191,3,hs_social,Govco Suites,bike,5.4,17
3192,1,engineering,Larkin,bike,4.2,13
3193,2,hs_interdisc,Adams,walk,1.3,13
3194,3,hs_humanities,Kimball,bike,5.02,15
3195,2,engineering,Pi Beta Phi,electric,6.88,14
3196,1,engineering,Branner,bike,4.41,16
3197,1,engineering,West Lagunita,bike,5.04,13
3198,2,hs_social,Kimball,walk,1.64,13
3199,2,engineering,Okada,walk,1.64,12
3200,1,engineering,Lantana,bike,4.99,15
3201,4,hs_social,Mirrielees,bike,5.66,18
3202,2,engineering,Muwekma-Tah-Ruk,bike,5.23,18
3203,4,hs_social,Robert Moore North,bike,4.28,14
3204,1,hs_interdisc,Robinson,walk,1.48,13
3205,2,hs_humanities,Cardenal,bike,4.0,12
3206,4,hs_social,Sigma Phi Epsilon,bike,4.73,13
3207,1,hs_social,Okada,bike,5.33,15
3208,3,engineering,Mirrielees,bike,4.78,16
3209,1,hs_natural,Ujamaa,walk,1.32,17
3210,1,doerr,Branner,walk,1.32,13
3211,3,hs_natural,EVGR,bike,4.42,12
3212,4,engineering,Mirrielees,bike,5.13,12
3213,4,hs_social,680 Lomita,bike,4.87,14
3214,4,hs_interdisc,Warehaus,walk,1.64,15
3215,3,engineering,Mirrielees,bike,4.82,16
3216,2,engineering,Okada,bike,4.82,15
3217,3,hs_interdisc,Okada,bike,4.77,15
3218,4,hs_social,Columbae,bike,5.53,12
3219,1,hs_interdisc,Burbank,bike,4.22,17
3220,3,engineering,680 Lomita,bike,4.54,12
3221,4,hs_natural,Govco Suites,bike,5.71,17
3222,1,hs_natural,Rinconada,bike,5.76,19
3223,4,hs_interdisc,Ujamaa,bike,5.37,14
3224,3,engineering,Kimball,walk,1.36,13
3225,3,engineering,Delta Delta Delta,bike,4.46,16
3226,4,hs_natural,Burbank,bike,4.32,13
3227,4,engineering,EVGR,bike,4.54,17
3228,4,hs_interdisc,Casa Zapata,walk,1.69,16
3229,4,hs_social,Yost,bike,5.4,13
3230,1,engineering,Burbank,bike,4.9,20
3231,2,hs_social,Burbank,electric,7.72,13
3232,4,hs_social,Terra,walk,1.66,16
3233,4,engineering,Adelfa,electric,6.99,14
3234,4,engineering,Mirrielees,bike,4.13,16
3235,4,hs_humanities,aKDPhi/Chi Omega,bike,5.09,17
3236,3,engineering,Naranja,bike,5.53,12
3237,2,engineering,Otero,electric,6.87,13
3238,4,engineering,Toyon,bike,5.39,13
3239,3,hs_interdisc,550 Lasuen,bike,5.46,13
3240,3,hs_humanities,Mirrielees,bike,4.52,13
3241,3,engineering,Jerry,bike,5.01,15
3242,4,hs_interdisc,Trancos,bike,4.15,18
3243,1,hs_interdisc,Mirlo,walk,1.39,14
3244,4,hs_natural,Ujamaa,walk,1.61,14
3245,2,engineering,Roble Hall,electric,6.34,13
3246,4,doerr,Storey,bike,5.07,13
3247,1,hs_social,Rinconada,walk,1.42,12
3248,2,engineering,Paloma,bike,5.08,15
3249,1,engineering,West Lagunita,walk,1.7,14
3250,2,hs_interdisc,Hammarskjold,bike,4.45,16
3251,2,hs_interdisc,Synergy,electric,7.12,15
3252,3,hs_humanities,EVGR,walk,1.38,16
3253,4,hs_interdisc,Naranja,bike,4.5,14
3254,2,engineering,Toyon,bike,5.29,16
3255,1,engineering,Branner,bike,5.68,19
3256,4,hs_social,EVGR,bike,4.3,15
3257,4,hs_social,Mirrielees,bike,5.24,14
3258,2,engineering,Otero,walk,1.57,14
3259,2,hs_interdisc,Cardenal,bike,4.51,17
3260,4,hs_interdisc,550 Lasuen,bike,4.27,17
3261,1,hs_interdisc,Casa Zapata,bike,4.82,13
3262,2,hs_humanities,Kimball,bike,4.08,15
3263,2,hs_humanities,Crothers Memorial,bike,4.3,17
3264,3,hs_interdisc,Murray,walk,1.65,12
3265,1,hs_interdisc,Branner,bike,4.76,15
3266,2,hs_interdisc,Pi Beta Phi,bike,4.9,15
3267,2,hs_social,Cardenal,walk,1.55,12
3268,3,hs_interdisc,Casa Zapata,bike,5.1,16
3269,4,engineering,Govco Suites,bike,4.01,12
3270,1,engineering,Lantana,bike,5.65,18
3271,2,hs_interdisc,Alpha Phi/KKG,bike,4.69,12
3272,3,hs_social,Meier,walk,1.59,17
3273,1,engineering,Otero,bike,5.07,14
3274,4,engineering,Murray,bike,5.44,19
3275,1,engineering,Rinconada,bike,4.67,16
3276,4,engineering,Neptune,walk,1.66,13
3277,3,engineering,Adams,bike,4.99,15
3278,3,hs_interdisc,Mirrielees,bike,5.61,12
3279,2,hs_social,Cardenal,walk,1.33,14
3280,3,engineering,Gavilan,bike,4.53,13
3281,1,hs_natural,Soto,bike,4.47,12
3282,2,engineering,Kappa Sigma,bike,4.86,15
3283,3,hs_humanities,Okada,bike,4.32,17
3284,1,hs_interdisc,Castano,bike,5.08,17
3285,3,engineering,Durand,walk,1.57,19
3286,2,engineering,Sigma Phi Epsilon,bike,4.16,13
3287,1,engineering,Schiff,bike,5.7,16
3288,1,engineering,Ujamaa,bike,5.05,18
3289,1,engineering,Burbank,bike,5.69,15
3290,2,hs_natural,Trancos,bike,4.86,15
3291,2,engineering,Terra,electric,7.06,12
3292,2,hs_natural,Sally Ride,bike,5.29,14
3293,4,engineering,Mirrielees,walk,1.38,17
3294,4,hs_humanities,EAST,walk,1.5,14
3295,4,hs_natural,Junipero,bike,4.39,14
3296,3,engineering,Kappa Alpha,bike,4.43,12
3297,3,hs_humanities,Sigma Nu,walk,1.56,13
3298,2,engineering,Meier,bike,4.18,16
3299,3,engineering,Crothers Memorial,bike,5.36,15
3300,2,hs_social,Enchanted Broccoli Forest,bike,4.95,16
3301,2,engineering,Adams,electric,6.42,15
3302,4,hs_interdisc,Kimball,electric,6.67,14
3303,2,engineering,Delta Delta Delta,walk,1.63,14
3304,4,engineering,EVGR,walk,1.65,17
3305,3,engineering,Pi Beta Phi,bike,5.0,14
3306,4,doerr,576 Alvarado,walk,1.35,17
3307,4,hs_interdisc,Otero,bike,4.69,16
3308,3,engineering,Naranja,walk,1.56,13
3309,1,engineering,Casa Zapata,bike,5.03,14
3310,4,hs_social,EVGR,walk,1.38,16
3311,4,hs_social,Loro,electric,7.91,17
3312,3,hs_social,Cardenal,bike,4.4,13
3313,4,hs_humanities,Roth,walk,1.44,12
3314,2,hs_social,Kimball,walk,1.51,13
3315,3,hs_interdisc,Twain,bike,5.17,12
3316,2,hs_interdisc,Ujamaa,bike,4.37,12
3317,4,hs_interdisc,Govco Suites,bike,4.25,12
3318,4,engineering,Ng,bike,4.75,15
3319,3,hs_social,Casa Zapata,bike,5.55,17
3320,3,engineering,Kimball,bike,4.72,17
3321,3,hs_natural,Mirrielees,walk,1.31,19
3322,2,engineering,Muwekma-Tah-Ruk,bike,4.5,16
3323,3,hs_social,EAST,bike,4.83,14
3324,2,engineering,Kimball,bike,4.18,13
3325,1,engineering,Cedro,bike,4.26,15
3326,3,engineering,Sigma Phi Epsilon,bike,4.14,17
3327,1,hs_natural,Otero,bike,5.77,16
3328,1,engineering,Branner,bike,5.12,12
3329,3,hs_interdisc,Ujamaa,walk,1.7,19
3330,2,engineering,Terra,walk,1.56,15
3331,1,hs_social,Rinconada,bike,4.42,14
3332,3,hs_humanities,Gavilan,bike,4.6,15
3333,3,hs_interdisc,Potter,walk,1.32,12
3334,2,engineering,Ng,walk,1.69,16
3335,4,hs_social,Enchanted Broccoli Forest,bike,5.24,14
3336,1,hs_humanities,Schiff,bike,4.73,16
3337,2,engineering,Ujamaa,bike,4.27,17
3338,2,hs_humanities,Toyon,bike,5.71,17
3339,3,engineering,Otero,bike,5.23,17
3340,2,hs_social,Faisan,walk,1.32,17
3341,2,engineering,Cardenal,bike,5.47,13
3342,3,hs_interdisc,Toyon,walk,1.67,12
3343,2,hs_natural,Enchanted Broccoli Forest,bike,5.49,17
3344,4,engineering,Mirrielees,bike,4.1,15
3345,4,hs_interdisc,Storey,walk,1.37,15
3346,2,hs_social,Sigma Phi Epsilon,bike,4.75,16
3347,4,hs_social,Govco Suites,bike,5.34,15
3348,3,hs_natural,Mirrielees,walk,1.63,12
3349,2,hs_social,Meier,bike,5.23,14
3350,3,hs_interdisc,Grove,bike,4.12,13
3351,3,engineering,Crothers Memorial,bike,5.55,12
3352,4,hs_humanities,Hammarskjold,walk,1.56,16
3353,3,engineering,Mirrielees,bike,4.72,13
3354,3,hs_natural,EVGR,walk,1.61,14
3355,4,hs_natural,Govco Suites,bike,5.43,13
3356,2,engineering,Delta Delta Delta,bike,5.1,12
3357,3,hs_interdisc,EVGR,bike,4.95,17
3358,1,engineering,Rinconada,bike,4.1,13
3359,3,engineering,Sally Ride,bike,5.66,17
3360,1,engineering,Crothers,bike,4.8,18
3361,4,hs_social,Crothers Memorial,bike,5.53,15
3362,4,engineering,Toussaint,walk,1.43,14
3363,3,engineering,Kimball,bike,4.23,13
3364,1,engineering,Burbank,walk,1.51,13
3365,1,hs_interdisc,Robinson,bike,5.44,15
3366,2,hs_natural,Sally Ride,bike,4.15,16
3367,2,engineering,Pi Beta Phi,electric,6.29,13
3368,3,hs_interdisc,EVGR,bike,5.07,15
3369,1,hs_humanities,Castano,walk,1.41,12
3370,2,hs_humanities,Murray,bike,5.07,14
3371,1,engineering,Burbank,bike,4.81,16
3372,4,engineering,Kappa Sigma,bike,5.46,14
3373,1,hs_interdisc,Castano,walk,1.55,14
3374,1,hs_interdisc,Branner,bike,5.43,14
3375,1,hs_natural,Casa Zapata,bike,5.77,19
3376,1,hs_natural,Donner,bike,4.1,14
3377,1,engineering,Otero,bike,5.47,15
3378,2,hs_humanities,Crothers Memorial,bike,5.49,13
3379,1,hs_humanities,West Lagunita,bike,4.23,13
3380,2,hs_social,Kimball,bike,5.41,13
3381,2,hs_interdisc,Junipero,walk,1.64,20
3382,4,hs_humanities,Ujamaa,bike,4.95,13
3383,4,engineering,Pi Beta Phi,bike,5.79,15
3384,4,engineering,Alpha Phi/KKG,walk,1.54,14
3385,1,engineering,Okada,bike,5.27,13
3386,2,engineering,Casa Zapata,bike,5.69,16
3387,4,hs_humanities,Yost,bike,5.09,14
3388,4,engineering,Govco Suites,bike,5.44,20
3389,3,engineering,Yost,bike,5.13,14
3390,2,hs_interdisc,Kairos,bike,4.68,15
3391,4,hs_social,Toyon,bike,4.37,15
3392,1,engineering,Burbank,bike,5.47,19
3393,1,engineering,Alondra,bike,5.64,15
3394,4,hs_natural,Warehaus,bike,5.29,14
3395,1,hs_social,Cardenal,walk,1.68,15
3396,3,hs_humanities,Adelfa,bike,5.49,13
3397,4,hs_social,Junipero,bike,4.74,16
3398,1,engineering,Ujamaa,bike,5.76,18
3399,3,hs_interdisc,Loro,bike,4.65,16
3400,2,hs_natural,Kappa Sigma,bike,4.39,14
3401,4,engineering,Crothers Memorial,electric,7.55,20
3402,1,hs_interdisc,Burbank,bike,4.35,14
3403,3,engineering,Mirrielees,bike,4.27,13
3404,4,hs_social,EVGR,walk,1.48,17
3405,2,hs_social,Enchanted Broccoli Forest,walk,1.46,17
3406,3,engineering,Roble Hall,bike,4.81,16
3407,3,hs_interdisc,Trancos,walk,1.32,18
3408,4,hs_social,Muwekma-Tah-Ruk,bike,5.09,12
3409,3,doerr,Otero,bike,4.92,12
3410,1,hs_interdisc,Branner,bike,5.19,17
3411,4,hs_natural,Columbae,electric,7.66,15
3412,3,hs_interdisc,Synergy,bike,4.89,12
3413,2,hs_social,Ng,walk,1.42,17
3414,1,engineering,Crothers,bike,4.25,18
3415,3,engineering,Faisan,bike,4.08,13
3416,2,engineering,Roble Hall,electric,6.87,13
3417,4,hs_interdisc,Warehaus,bike,5.15,15
3418,1,hs_humanities,Donner,bike,4.81,14
3419,1,hs_humanities,Cedro,bike,4.52,14
3420,2,engineering,Naranja,bike,5.58,19
3421,2,hs_interdisc,Roble Hall,bike,4.96,15
3422,1,hs_humanities,Potter,bike,4.61,14
3423,2,hs_humanities,Kimball,bike,4.32,14
3424,3,hs_natural,EVGR,bike,4.96,15
3425,1,hs_natural,Potter,bike,4.04,16
3426,2,hs_humanities,Sally Ride,bike,4.88,14
3427,2,engineering,Toyon,bike,4.59,16
3428,1,hs_humanities,Burbank,electric,7.93,12
3429,2,hs_social,Cardenal,electric,6.02,15
3430,3,hs_humanities,Sigma Phi Epsilon,bike,4.54,12
3431,3,hs_interdisc,Warehaus,walk,1.43,17
3432,2,hs_interdisc,Norcliffe,bike,4.29,16
3433,4,hs_social,Columbae,bike,4.74,16
3434,3,hs_humanities,EVGR,bike,5.1,15
3435,4,hs_social,Crothers Memorial,bike,5.19,17
3436,2,hs_interdisc,Toyon,bike,4.14,12
3437,4,doerr,Cardenal,bike,4.84,13
3438,1,hs_interdisc,Rinconada,bike,4.67,17
3439,2,hs_social,Paloma,bike,5.48,15
3440,3,hs_social,Twain,bike,4.55,17
3441,4,engineering,Crothers Memorial,walk,1.7,14
3442,1,hs_social,Potter,bike,5.77,14
3443,3,hs_interdisc,Meier,bike,5.0,12
3444,1,engineering,Casa Zapata,bike,5.63,19
3445,4,hs_natural,Crothers Memorial,walk,1.62,13
3446,2,hs_natural,Kappa Sigma,bike,5.6,12
3447,4,engineering,Xanadu,bike,5.03,12
3448,2,hs_interdisc,Norcliffe,bike,4.59,12
3449,2,hs_social,Roble Hall,bike,5.36,13
3450,2,hs_social,Muwekma-Tah-Ruk,bike,4.57,13
3451,4,hs_humanities,Pluto,walk,1.7,14
3452,4,engineering,Loro,bike,5.63,13
3453,2,hs_interdisc,Terra,bike,5.66,17
3454,4,hs_interdisc,Crothers Memorial,bike,5.08,17
3455,2,hs_social,Delta Delta Delta,bike,5.67,16
3456,1,engineering,Donner,walk,1.59,13
3457,3,hs_natural,EVGR,bike,4.16,12
3458,3,hs_interdisc,680 Lomita,bike,5.09,16
3459,2,engineering,Delta Delta Delta,bike,5.16,13
3460,3,engineering,Kimball,walk,1.33,17
3461,4,engineering,Muwekma-Tah-Ruk,walk,1.41,16
3462,1,engineering,Muwekma-Tah-Ruk,bike,4.38,12
3463,1,hs_interdisc,West Lagunita,bike,5.67,15
3464,1,hs_interdisc,Lantana,bike,4.05,14
3465,2,hs_interdisc,Kimball,bike,5.21,17
3466,1,engineering,Burbank,bike,5.11,16
3467,3,hs_interdisc,Potter,bike,4.9,18
3468,3,engineering,Burbank,bike,5.56,12
3469,3,engineering,Mars,bike,5.43,14
3470,2,hs_natural,Potter,walk,1.46,12
3471,1,hs_interdisc,Schiff,bike,5.63,13
3472,3,hs_interdisc,Crothers Memorial,bike,5.59,15
3473,4,hs_interdisc,Synergy,walk,1.69,17
3474,2,hs_natural,Roble Hall,bike,5.39,14
3475,3,hs_interdisc,Roth,walk,1.32,12
3476,4,hs_humanities,Burbank,bike,5.62,14
3477,2,engineering,Kappa Alpha Theta,bike,4.52,16
3478,1,hs_social,Cedro,bike,4.79,15
3479,1,hs_humanities,West Lagunita,bike,4.68,19
3480,4,engineering,Kappa Sigma,bike,5.43,16
3481,3,hs_natural,Junipero,bike,5.16,18
3482,1,hs_interdisc,Crothers,walk,1.65,14
3483,4,engineering,Terra,bike,5.41,15
3484,2,engineering,Junipero,bike,5.42,17
3485,1,engineering,Okada,bike,5.36,17
3486,4,hs_natural,Adams,bike,4.54,12
3487,4,engineering,Yost,bike,5.8,15
3488,3,hs_interdisc,Roble Hall,bike,5.0,15
3489,3,doerr,Govco Suites,walk,1.61,15
3490,1,hs_interdisc,Potter,walk,1.47,14
3491,2,hs_natural,Crothers Memorial,bike,5.4,12
3492,3,engineering,Kimball,bike,4.4,13
3493,3,engineering,Roble Hall,bike,4.5,13
3494,1,hs_humanities,West Lagunita,bike,5.03,12
3495,3,engineering,Gavilan,walk,1.55,14
3496,1,hs_natural,Ujamaa,walk,1.36,12
3497,1,hs_social,Larkin,bike,5.3,13
3498,4,hs_social,Norcliffe,bike,4.47,17
3499,2,hs_natural,Synergy,bike,5.31,17
3500,1,hs_humanities,Donner,bike,5.18,13
3501,2,engineering,Crothers Memorial,bike,4.05,13
3502,2,hs_interdisc,Kimball,walk,1.54,13
3503,3,hs_interdisc,Kimball,bike,4.55,13
3504,4,engineering,Adams,bike,4.86,13
3505,4,hs_social,Trancos,bike,4.07,13
3506,2,engineering,Roble Hall,bike,4.94,13
3507,4,engineering,EVGR,bike,5.7,14
3508,2,hs_natural,Burbank,walk,1.44,16
3509,1,hs_interdisc,Otero,bike,4.42,14
3510,1,engineering,Okada,electric,6.49,13
3511,2,hs_interdisc,Burbank,walk,1.47,16
3512,4,hs_social,Alpha Phi/KKG,bike,5.5,15
3513,4,engineering,EVGR,walk,1.62,14
3514,4,hs_interdisc,Potter,bike,4.18,14
3515,2,hs_social,Hammarskjold,bike,5.36,13
3516,3,engineering,Toyon,walk,1.48,18
3517,4,hs_interdisc,Robert Moore North,walk,1.3,14
3518,3,hs_humanities,Alpha Phi/KKG,walk,1.58,12
3519,1,hs_social,Castano,bike,4.06,14
3520,3,engineering,Xanadu,bike,4.74,13
3521,2,engineering,Sigma Phi Epsilon,bike,4.14,14
3522,2,engineering,Kimball,walk,1.39,12
3523,2,hs_interdisc,Norcliffe,bike,4.9,15
3524,4,engineering,Kappa Alpha,walk,1.45,16
3525,4,hs_humanities,Junipero,bike,5.42,17
3526,3,hs_natural,Roble Hall,bike,4.22,16
3527,4,engineering,Naranja,bike,4.67,17
3528,1,hs_interdisc,West Lagunita,bike,4.56,16
3529,2,engineering,Sigma Nu,bike,4.57,14
3530,4,engineering,Yost,bike,5.49,17
3531,2,hs_humanities,Okada,bike,4.23,14
3532,3,engineering,Columbae,bike,4.85,14
3533,1,hs_interdisc,Soto,bike,4.44,12
3534,2,engineering,EAST,bike,5.74,12
3535,1,hs_natural,Lantana,electric,6.65,16
3536,4,hs_natural,Ujamaa,bike,5.3,17
3537,2,hs_interdisc,Robert Moore North,bike,4.77,15
3538,1,hs_interdisc,Ujamaa,bike,5.41,15
3539,2,hs_social,Casa Zapata,electric,7.9,15
3540,4,hs_interdisc,Junipero,bike,4.51,13
3541,1,hs_natural,Larkin,bike,4.89,14
3542,4,hs_interdisc,Kimball,walk,1.54,16
3543,3,engineering,Potter,bike,5.25,13
3544,1,engineering,Ujamaa,bike,5.15,14
3545,4,engineering,Meier,bike,5.78,15
3546,3,hs_natural,Loro,bike,5.15,16
3547,1,hs_interdisc,Casa Zapata,bike,5.1,15
3548,1,engineering,Castano,bike,5.3,14
3549,1,engineering,Potter,walk,1.36,14
3550,1,engineering,Robinson,bike,4.1,16
3551,3,hs_interdisc,Trancos,walk,1.32,15
3552,4,hs_interdisc,Toyon,electric,7.56,14
3553,3,hs_natural,Kappa Alpha,bike,5.42,13
3554,4,doerr,Kappa Alpha,walk,1.61,17
3555,3,engineering,Govco Suites,electric,6.19,12
3556,4,engineering,Ng,bike,5.51,12
3557,1,engineering,Donner,walk,1.55,14
3558,4,hs_social,Mirrielees,walk,1.54,14
3559,3,engineering,Otero,bike,4.9,13
3560,4,hs_social,EVGR,bike,4.17,18
3561,4,engineering,EVGR,walk,1.38,15
3562,4,hs_natural,Otero,bike,5.16,13
3563,1,hs_interdisc,Alondra,bike,4.23,16
3564,4,engineering,Adams,bike,5.13,16
3565,3,engineering,EVGR,walk,1.53,13
3566,4,engineering,Ng,bike,4.61,17
3567,3,engineering,Roble Hall,bike,5.41,12
3568,1,engineering,Rinconada,bike,5.58,13
3569,3,hs_natural,Adams,bike,4.97,15
3570,4,engineering,Mirrielees,bike,5.71,13
3571,4,hs_social,Synergy,bike,5.52,14
3572,3,doerr,Ng,bike,4.58,15
3573,2,engineering,Adams,walk,1.32,12
3574,2,engineering,Burbank,walk,1.32,18
3575,3,engineering,Alpha Phi/KKG,walk,1.58,15
3576,1,engineering,Rinconada,walk,1.35,16
3577,3,engineering,Govco Suites,walk,1.43,18
3578,3,hs_interdisc,680 Lomita,bike,5.57,12
3579,2,hs_social,Loro,bike,4.5,17
3580,3,hs_interdisc,Okada,bike,5.46,18
3581,2,engineering,Ng,bike,4.13,15
3582,2,engineering,Potter,bike,4.86,16
3583,3,hs_interdisc,Hammarskjold,bike,4.65,15
3584,4,engineering,Twain,bike,5.07,17
3585,2,hs_interdisc,Ujamaa,walk,1.52,13
3586,2,engineering,Potter,bike,5.16,12
3587,4,engineering,Okada,bike,5.66,15
3588,2,hs_natural,Norcliffe,walk,1.35,15
3589,4,hs_interdisc,Yost,walk,1.35,13
3590,4,hs_interdisc,Toussaint,bike,5.05,13
3591,1,hs_interdisc,Burbank,walk,1.49,13
3592,4,hs_interdisc,Loro,bike,4.28,15
3593,1,hs_interdisc,Rinconada,bike,4.83,17
3594,3,hs_interdisc,Loro,walk,1.53,17
3595,1,hs_interdisc,Schiff,bike,4.4,15
3596,2,hs_natural,Columbae,walk,1.34,18
3597,2,hs_natural,Meier,bike,4.19,13
3598,4,hs_social,EVGR,bike,4.27,12
3599,4,hs_natural,Junipero,bike,4.44,17
3600,3,hs_interdisc,Faisan,bike,4.96,14
3601,1,engineering,Soto,bike,4.32,14
3602,4,hs_natural,Kappa Alpha,bike,5.39,16
3603,1,hs_interdisc,Donner,bike,5.62,15
3604,2,hs_humanities,Gavilan,walk,1.64,16
3605,3,hs_interdisc,Columbae,bike,5.59,17
3606,4,hs_interdisc,Ujamaa,walk,1.32,14
3607,2,hs_social,Cardenal,bike,4.87,14
3608,3,hs_social,Robert Moore North,bike,5.71,13
3609,4,engineering,Synergy,bike,5.62,18
3610,2,hs_natural,Kimball,bike,4.45,15
3611,4,hs_interdisc,Norcliffe,bike,5.76,13
3612,4,engineering,Sally Ride,walk,1.47,17
3613,1,hs_interdisc,Potter,bike,4.93,15
3614,3,hs_social,Govco Suites,bike,4.38,13
3615,4,hs_humanities,Columbae,bike,5.38,12
3616,2,engineering,Enchanted Broccoli Forest,bike,4.26,12
3617,3,hs_social,Warehaus,walk,1.39,16
3618,1,hs_interdisc,Larkin,bike,5.43,14
3619,4,hs_interdisc,Trancos,bike,4.36,13
3620,1,doerr,Branner,bike,4.3,14
3621,1,engineering,Branner,walk,1.59,16
3622,1,hs_humanities,Rinconada,bike,4.79,16
3623,3,hs_natural,Kappa Alpha Theta,electric,7.45,15
3624,3,hs_social,Roth,walk,1.35,12
3625,2,hs_humanities,Toyon,walk,1.47,17
3626,4,hs_humanities,Gavilan,bike,5.72,16
3627,4,engineering,Kimball,bike,4.25,12
3628,4,engineering,Junipero,bike,5.68,12
3629,4,engineering,Mirrielees,bike,4.27,17
3630,3,hs_social,Norcliffe,bike,5.49,12
3631,1,hs_natural,Cedro,bike,5.58,14
3632,4,hs_interdisc,Ujamaa,electric,7.56,18
3633,4,hs_humanities,ZAP,walk,1.37,15
3634,4,engineering,Toyon,walk,1.49,14
3635,1,hs_interdisc,Rinconada,bike,5.61,14
3636,1,hs_interdisc,Larkin,bike,5.73,14
3637,2,hs_natural,Pi Beta Phi,bike,4.03,13
3638,1,hs_interdisc,Soto,bike,4.97,15
3639,1,engineering,Ujamaa,walk,1.36,15
3640,3,hs_interdisc,Alpha Phi/KKG,bike,4.95,17
3641,4,doerr,Columbae,bike,5.43,13
3642,2,hs_humanities,Crothers Memorial,walk,1.52,16
3643,3,engineering,Mars,walk,1.68,20
3644,1,hs_interdisc,Mirlo,bike,4.41,13
3645,1,hs_interdisc,Alondra,bike,4.36,14
3646,3,engineering,Okada,walk,1.39,17
3647,2,hs_humanities,Alpha Phi/KKG,walk,1.36,14
3648,1,hs_interdisc,Branner,walk,1.35,13
3649,1,hs_humanities,Schiff,bike,4.85,14
3650,2,hs_interdisc,Kimball,bike,4.05,16
3651,3,hs_social,EVGR,bike,5.59,13
3652,2,hs_interdisc,Crothers Memorial,walk,1.5,18
3653,1,hs_social,Donner,walk,1.32,14
3654,4,hs_interdisc,Paloma,bike,4.55,15
3655,3,hs_social,Roble Hall,bike,4.77,14
3656,2,hs_interdisc,Kappa Sigma,bike,5.67,14
3657,2,engineering,Potter,bike,4.14,17
3658,2,hs_social,Robert Moore North,bike,4.58,17
3659,1,hs_humanities,Crothers,electric,7.63,19
3660,4,engineering,Yost,bike,4.33,18
3661,2,hs_natural,Kappa Alpha,walk,1.39,15
3662,1,hs_social,Cardenal,bike,4.85,13
3663,3,doerr,Govco Suites,bike,4.22,14
3664,2,hs_interdisc,Kimball,walk,1.38,13
3665,3,hs_humanities,Govco Suites,bike,5.42,16
3666,2,hs_humanities,Pi Beta Phi,walk,1.64,13
3667,4,hs_interdisc,Gavilan,bike,4.93,15
3668,4,hs_social,Toyon,bike,4.07,12
3669,3,engineering,Toyon,bike,5.49,16
3670,3,hs_natural,Mirrielees,walk,1.49,12
3671,1,engineering,Cedro,bike,5.64,14
3672,2,engineering,Crothers Memorial,walk,1.69,15
3673,4,engineering,Alpha Phi/KKG,bike,5.69,17
3674,4,engineering,Govco Suites,walk,1.51,16
3675,4,hs_natural,Yost,bike,4.58,18
3676,1,engineering,Crothers,bike,4.26,12
3677,1,hs_social,Lantana,bike,5.15,13
3678,4,engineering,EVGR,bike,5.63,14
3679,1,engineering,Ujamaa,walk,1.37,19
3680,4,hs_interdisc,Narnia,walk,1.67,17
3681,2,hs_interdisc,Faisan,bike,5.22,12
3682,1,engineering,Branner,bike,5.12,15
3683,1,hs_natural,Ujamaa,bike,4.29,15
3684,1,hs_social,West Lagunita,bike,4.05,15
3685,1,hs_natural,Mirlo,bike,4.24,16
3686,4,engineering,Ng,bike,4.53,15
3687,1,engineering,Lantana,bike,4.32,16
3688,1,hs_humanities,Potter,bike,5.55,13
3689,3,engineering,Terra,walk,1.51,13
3690,2,hs_interdisc,Otero,walk,1.63,15
3691,1,engineering,Okada,bike,5.04,18
3692,3,hs_natural,Synergy,bike,5.12,15
3693,1,engineering,Larkin,electric,7.52,14
3694,3,hs_humanities,Narnia,bike,4.9,16
3695,1,engineering,Lantana,walk,1.39,14
3696,2,hs_natural,Ujamaa,electric,7.53,14
3697,3,hs_interdisc,Roble Hall,bike,5.35,17
3698,1,hs_natural,Crothers,bike,4.36,18
3699,2,hs_interdisc,Delta Delta Delta,bike,4.4,13
3700,4,engineering,Crothers Memorial,bike,5.42,13
3701,1,hs_humanities,Okada,bike,5.23,16
3702,3,hs_social,Toyon,walk,1.63,17
3703,2,hs_interdisc,Columbae,bike,5.38,14
3704,3,doerr,Mirrielees,bike,5.22,13
3705,3,engineering,Delta Delta Delta,bike,4.98,14
3706,2,engineering,Faisan,bike,4.21,15
3707,1,hs_natural,Castano,bike,5.3,17
3708,4,hs_social,Faisan,bike,4.61,15
3709,4,engineering,550 Lasuen,bike,5.22,16
3710,3,hs_natural,Ng,bike,5.24,16
3711,2,engineering,Roble Hall,bike,4.21,14
3712,2,engineering,Paloma,bike,4.74,13
3713,2,hs_interdisc,Adams,bike,4.85,12
3714,4,engineering,Alpha Phi/KKG,bike,4.15,16
3715,2,hs_natural,Roble Hall,walk,1.6,16
3716,3,hs_natural,Kairos,bike,4.79,15
3717,3,hs_interdisc,Roble Hall,bike,5.39,12
3718,2,hs_interdisc,Murray,bike,5.45,12
3719,1,hs_social,Burbank,walk,1.32,14
3720,3,hs_interdisc,Kimball,bike,5.41,12
3721,4,hs_natural,Kappa Sigma,bike,4.75,17
3722,4,hs_social,Twain,bike,4.59,15
3723,1,hs_interdisc,Branner,bike,5.17,13
3724,2,engineering,Kimball,bike,4.22,13
3725,1,engineering,Branner,bike,4.23,17
3726,1,engineering,Branner,electric,7.28,15
3727,3,hs_natural,Crothers Memorial,bike,5.45,16
3728,1,hs_interdisc,Crothers,bike,4.73,14
3729,3,hs_interdisc,Sigma Nu,bike,4.74,18
3730,4,engineering,Sigma Phi Epsilon,bike,5.12,16
3731,1,hs_interdisc,Cardenal,bike,5.25,14
3732,4,hs_interdisc,EVGR,bike,4.77,16
3733,3,engineering,Alpha Phi/KKG,walk,1.34,12
3734,2,hs_social,Meier,bike,5.33,15
3735,2,hs_humanities,EAST,bike,4.88,17
3736,3,hs_interdisc,Adams,bike,4.29,12
3737,3,engineering,Storey,bike,5.3,12
3738,1,engineering,Potter,bike,5.36,15
3739,4,hs_interdisc,BOB,bike,5.39,12
3740,2,hs_social,Roble Hall,bike,4.53,17
3741,2,engineering,Kappa Alpha,bike,5.37,18
3742,3,hs_social,Ujamaa,bike,5.13,12
3743,2,hs_humanities,Trancos,bike,4.77,15
3744,3,engineering,Sally Ride,walk,1.68,12
3745,2,engineering,Otero,bike,5.4,18
3746,2,hs_natural,Cardenal,bike,4.11,12
3747,4,hs_natural,Potter,bike,5.49,15
3748,2,hs_interdisc,Burbank,bike,4.05,14
3749,2,engineering,Cardenal,bike,5.0,14
3750,4,hs_interdisc,Sally Ride,bike,4.45,13
3751,1,hs_humanities,Larkin,walk,1.56,12
3752,2,hs_natural,Trancos,bike,4.85,16
3753,1,hs_interdisc,Arroyo,walk,1.35,14
3754,2,engineering,EAST,bike,4.79,17
3755,3,hs_natural,Yost,bike,4.98,12
3756,2,hs_interdisc,Adams,bike,5.53,14
3757,2,hs_humanities,Naranja,electric,7.53,14
3758,1,engineering,Ujamaa,bike,5.22,15
3759,4,hs_social,Casa Zapata,bike,4.94,17
3760,3,hs_interdisc,Govco Suites,bike,4.1,12
3761,3,hs_natural,Roble Hall,bike,4.6,16
3762,1,hs_social,Lantana,bike,4.64,13
3763,3,hs_social,550 Lasuen,bike,4.87,15
3764,3,hs_natural,Toyon,bike,4.28,16
3765,3,hs_social,Terra,walk,1.6,14
3766,1,hs_humanities,Robinson,bike,4.34,14
3767,3,hs_humanities,Enchanted Broccoli Forest,bike,4.13,15
3768,3,hs_humanities,Okada,bike,5.2,12
3769,3,hs_interdisc,Adams,bike,4.69,17
3770,1,hs_interdisc,Otero,bike,4.43,13
3771,1,hs_social,Crothers,bike,4.33,15
3772,4,hs_interdisc,Adams,walk,1.3,14
3773,3,hs_interdisc,EVGR,bike,5.66,15
3774,2,hs_interdisc,Ng,walk,1.63,14
3775,2,hs_interdisc,Faisan,bike,4.65,14
3776,3,hs_interdisc,Pluto,bike,5.47,13
3777,2,hs_social,Columbae,electric,6.91,13
3778,2,engineering,Gavilan,walk,1.5,18
3779,3,hs_interdisc,Gavilan,bike,4.34,15
3780,4,engineering,Norcliffe,bike,4.67,15
3781,3,hs_interdisc,Trancos,bike,4.19,16
3782,1,engineering,Otero,bike,4.39,14
3783,1,hs_social,Schiff,bike,4.37,12
3784,4,hs_natural,Yost,bike,5.59,13
3785,3,hs_social,EVGR,bike,4.33,12
3786,3,hs_interdisc,Meier,bike,4.81,14
3787,2,hs_social,Roble Hall,walk,1.49,15
3788,4,hs_social,Burbank,bike,5.73,15
3789,4,engineering,Cardenal,bike,4.43,14
3790,3,hs_social,550 Lasuen,bike,5.34,14
3791,4,hs_interdisc,Norcliffe,bike,4.79,12
3792,2,engineering,Casa Zapata,bike,5.36,13
3793,4,hs_humanities,Mirrielees,walk,1.45,13
3794,3,hs_interdisc,680 Lomita,bike,5.71,13
3795,4,hs_natural,Naranja,bike,4.21,14
3796,4,hs_interdisc,Toyon,electric,6.72,12
3797,1,hs_interdisc,Mirlo,walk,1.63,12
3798,3,engineering,Trancos,bike,4.81,13
3799,2,engineering,Casa Zapata,bike,4.25,18
3800,1,hs_natural,West Lagunita,bike,5.05,15
3801,2,engineering,Roble Hall,bike,4.25,14
3802,3,engineering,Mirrielees,walk,1.34,15
3803,4,engineering,Xanadu,bike,4.93,18
3804,1,hs_social,West Lagunita,bike,4.09,14
3805,3,hs_interdisc,Junipero,bike,4.62,14
3806,3,engineering,Cardenal,walk,1.38,14
3807,3,hs_interdisc,Roble Hall,bike,5.07,12
3808,4,hs_natural,Govco Suites,bike,5.0,13
3809,3,engineering,Roble Hall,bike,4.94,14
3810,2,engineering,Ng,bike,4.91,13
3811,1,hs_interdisc,Branner,bike,5.16,15
3812,4,hs_interdisc,Kimball,bike,4.17,16
3813,4,hs_social,Warehaus,bike,5.63,15
3814,1,engineering,West Lagunita,bike,4.95,15
3815,4,engineering,Xanadu,bike,4.01,17
3816,2,hs_social,Kappa Alpha Theta,walk,1.4,12
3817,1,hs_humanities,Ujamaa,bike,5.24,15
3818,1,engineering,Ujamaa,bike,4.29,17
3819,1,hs_interdisc,Rinconada,bike,5.41,17
3820,3,hs_interdisc,Toyon,bike,4.37,13
3821,3,engineering,EVGR,bike,4.23,15
3822,3,engineering,EVGR,bike,4.12,13
3823,1,hs_interdisc,Castano,bike,5.3,14
3824,1,engineering,Ujamaa,bike,4.68,20
3825,4,hs_natural,Roble Hall,bike,4.81,13
3826,1,hs_natural,Schiff,bike,5.54,14
3827,1,hs_interdisc,Donner,bike,4.07,15
3828,4,hs_humanities,Norcliffe,bike,4.29,19
3829,4,hs_humanities,Junipero,walk,1.53,17
3830,2,engineering,Burbank,bike,5.67,17
3831,4,engineering,Narnia,bike,4.11,14
3832,1,hs_natural,Burbank,bike,5.1,12
3833,1,hs_interdisc,Potter,bike,4.27,15
3834,1,engineering,Crothers,walk,1.43,12
3835,3,engineering,Crothers Memorial,bike,5.58,12
3836,1,hs_humanities,Schiff,walk,1.59,12
3837,1,engineering,West Lagunita,bike,4.52,17
3838,4,hs_social,680 Lomita,bike,4.63,16
3839,1,engineering,Crothers,bike,5.06,16
3840,2,hs_natural,Okada,bike,5.37,14
3841,2,engineering,Sigma Nu,bike,5.58,16
3842,4,engineering,Toyon,bike,4.49,14
3843,2,hs_interdisc,Sally Ride,bike,4.49,12
3844,3,engineering,Pluto,bike,5.04,15
3845,3,hs_interdisc,EVGR,walk,1.44,14
3846,4,hs_interdisc,Kimball,bike,5.54,13
3847,2,engineering,576 Alvarado,bike,5.73,14
3848,2,engineering,Meier,bike,4.13,12
3849,1,hs_natural,Castano,bike,5.21,14
3850,3,hs_natural,Kappa Alpha,bike,5.51,16
3851,4,hs_interdisc,Phi Kappa Psi,bike,4.55,16
3852,4,engineering,Mirrielees,electric,6.61,12
3853,4,engineering,Toussaint,walk,1.39,15
3854,2,hs_humanities,Crothers Memorial,walk,1.58,13
3855,2,hs_social,Potter,bike,5.3,15
3856,3,hs_humanities,Roble Hall,bike,5.31,15
3857,4,hs_social,Mirrielees,bike,5.51,16
3858,4,engineering,Pi Beta Phi,walk,1.59,12
3859,4,hs_natural,Roble Hall,bike,5.23,15
3860,2,engineering,Ujamaa,bike,4.97,17
3861,4,engineering,Mirrielees,bike,5.37,15
3862,1,hs_natural,Cardenal,bike,4.42,13
3863,2,hs_interdisc,Trancos,walk,1.37,16
3864,1,engineering,Branner,bike,5.22,15
3865,2,engineering,Trancos,bike,4.45,17
3866,4,engineering,EVGR,bike,4.19,14
3867,4,hs_interdisc,Kappa Alpha,electric,7.01,16
3868,3,engineering,Kappa Alpha,bike,4.86,13
3869,3,engineering,Adelfa,bike,4.46,16
3870,3,hs_interdisc,Roble Hall,electric,6.22,14
3871,4,engineering,Mirrielees,bike,4.95,15
3872,2,hs_natural,Ujamaa,bike,5.49,17
3873,1,hs_social,Cardenal,walk,1.66,15
3874,4,engineering,Ng,bike,4.25,16
3875,1,hs_natural,Branner,bike,5.05,15
3876,2,engineering,Sigma Nu,bike,5.66,17
3877,4,hs_humanities,Toyon,bike,4.08,17
3878,2,hs_interdisc,Yost,bike,4.97,12
3879,2,engineering,Toyon,bike,5.49,13
3880,1,hs_humanities,Branner,bike,4.58,13
3881,4,hs_interdisc,Crothers Memorial,bike,4.04,15
3882,3,hs_interdisc,Pi Beta Phi,bike,4.7,19
3883,4,engineering,EVGR,bike,4.66,17
3884,2,hs_interdisc,Kappa Sigma,bike,4.93,17
3885,2,hs_social,Crothers Memorial,walk,1.52,13
3886,3,engineering,Cardenal,bike,4.9,12
3887,1,engineering,Branner,bike,4.18,15
3888,1,hs_humanities,Larkin,bike,4.24,12
3889,2,hs_interdisc,Roble Hall,bike,4.49,12
3890,2,engineering,Ng,bike,4.76,19
3891,3,hs_social,Faisan,walk,1.62,13
3892,2,hs_interdisc,Toyon,walk,1.66,12
3893,4,engineering,Mars,bike,5.51,17
3894,4,hs_social,Kappa Alpha,walk,1.4,13
3895,4,engineering,Kimball,walk,1.38,15
3896,4,engineering,Mirrielees,electric,6.56,16
3897,3,engineering,Narnia,bike,4.2,14
3898,2,engineering,Synergy,walk,1.32,16
3899,2,hs_interdisc,Toyon,bike,5.01,15
3900,2,hs_humanities,576 Alvarado,bike,4.55,19
3901,4,hs_natural,Grove,bike,4.13,13
3902,1,engineering,Branner,bike,5.08,18
3903,3,engineering,576 Alvarado,electric,6.89,12
3904,3,hs_interdisc,BOB,bike,4.79,14
3905,4,hs_social,Potter,walk,1.65,12
3906,4,engineering,Xanadu,bike,5.54,16
3907,1,hs_social,Cedro,bike,4.38,14
3908,1,hs_interdisc,Cedro,electric,7.34,13
3909,1,engineering,Lantana,bike,4.68,12
3910,4,engineering,Cardenal,bike,4.12,16
3911,4,hs_natural,Storey,bike,4.09,12
3912,2,engineering,Kimball,bike,4.02,14
3913,2,hs_interdisc,Cardenal,bike,4.36,13
3914,1,hs_interdisc,Cedro,bike,4.06,14
3915,4,engineering,Alpha Phi/KKG,bike,5.53,16
3916,4,hs_social,Enchanted Broccoli Forest,bike,5.07,14
3917,2,engineering,Toyon,bike,5.67,18
3918,4,hs_natural,Mirrielees,bike,4.48,14
3919,3,hs_social,Kimball,walk,1.41,14
3920,2,hs_natural,Cardenal,walk,1.43,15
3921,2,hs_social,Terra,walk,1.41,15
3922,2,hs_social,Roble Hall,bike,4.06,18
3923,4,engineering,Junipero,bike,4.46,18
3924,1,engineering,Branner,bike,5.55,13
3925,3,hs_interdisc,Toyon,bike,5.76,18
3926,3,hs_interdisc,Ujamaa,bike,5.19,13
3927,3,engineering,Kimball,walk,1.58,16
3928,3,hs_social,BOB,walk,1.38,17
3929,4,engineering,Columbae,bike,5.19,14
3930,4,engineering,EVGR,bike,4.75,18
3931,3,engineering,Durand,bike,5.02,13
3932,3,engineering,Meier,bike,5.04,13
3933,1,hs_social,Castano,walk,1.64,13
3934,4,engineering,Pi Beta Phi,bike,4.51,16
3935,1,hs_natural,Lantana,bike,4.96,14
3936,2,hs_interdisc,Sigma Phi Epsilon,walk,1.54,14
3937,2,engineering,Kimball,walk,1.62,16
3938,2,hs_social,Sigma Nu,bike,4.12,12
3939,4,hs_natural,Toyon,walk,1.51,15
3940,2,engineering,Kimball,bike,5.76,12
3941,4,hs_interdisc,Terra,bike,5.0,13
3942,2,hs_natural,Roble Hall,bike,5.05,14
3943,1,hs_natural,West Lagunita,bike,4.74,15
3944,1,engineering,Schiff,walk,1.33,14
3945,1,hs_interdisc,Mirlo,bike,5.27,15
3946,1,doerr,Cedro,bike,4.93,18
3947,1,engineering,Ujamaa,walk,1.52,15
3948,2,hs_social,Roble Hall,bike,4.28,15
3949,3,engineering,Kappa Alpha Theta,bike,4.62,16
3950,4,engineering,Okada,electric,6.26,16
3951,1,engineering,Larkin,walk,1.59,14
3952,3,hs_social,Kappa Alpha Theta,bike,4.61,14
3953,4,hs_interdisc,Robert Moore North,bike,4.67,15
3954,1,hs_interdisc,Castano,walk,1.52,12
3955,2,hs_social,Roble Hall,walk,1.6,13
3956,3,hs_natural,Muwekma-Tah-Ruk,bike,4.51,15
3957,2,engineering,Cardenal,bike,4.56,13
3958,1,hs_interdisc,Donner,bike,5.29,12
3959,1,engineering,Burbank,bike,5.77,12
3960,3,engineering,EAST,bike,4.94,15
3961,4,engineering,Sally Ride,bike,5.51,15
3962,3,doerr,Roble Hall,walk,1.35,13
3963,4,hs_interdisc,Phi Kappa Psi,bike,5.29,14
3964,3,engineering,Toyon,bike,5.09,14
3965,4,hs_humanities,Yost,walk,1.33,13
3966,1,hs_natural,Okada,walk,1.6,16
3967,2,hs_natural,Terra,electric,7.48,17
3968,1,doerr,Lantana,bike,4.48,18
3969,1,hs_natural,Larkin,bike,4.65,12
3970,4,hs_humanities,Govco Suites,bike,5.5,14
3971,3,hs_social,Roble Hall,bike,5.25,14
3972,3,engineering,Kappa Alpha,bike,4.04,17
3973,3,engineering,Kimball,bike,4.05,17
3974,1,engineering,Schiff,electric,7.09,15
3975,2,hs_interdisc,Sally Ride,bike,4.36,12
3976,3,hs_natural,Kappa Alpha Theta,bike,4.87,13
3977,3,engineering,EVGR,bike,5.09,16
3978,4,engineering,Mirrielees,walk,1.36,13
3979,2,hs_interdisc,Meier,bike,5.41,12
3980,4,engineering,Phi Kappa Psi,bike,5.27,14
3981,4,hs_interdisc,EVGR,walk,1.44,15
3982,2,hs_interdisc,Trancos,bike,4.34,15
3983,2,engineering,Okada,bike,4.51,14
3984,4,engineering,EVGR,walk,1.56,17
3985,4,engineering,Adams,bike,5.7,18
3986,3,engineering,Roble Hall,bike,4.62,18
3987,2,hs_interdisc,Norcliffe,bike,5.36,14
3988,3,engineering,Ujamaa,bike,5.54,16
3989,2,engineering,Toyon,walk,1.69,13
3990,4,engineering,Meier,bike,4.47,12
3991,2,engineering,Synergy,walk,1.33,13
3992,2,hs_humanities,Cardenal,bike,4.47,16
3993,3,hs_social,Enchanted Broccoli Forest,walk,1.3,18
3994,3,hs_interdisc,Kimball,bike,4.13,15
3995,3,engineering,Toyon,bike,5.06,14
3996,3,engineering,Norcliffe,bike,4.6,15
3997,1,engineering,Castano,bike,5.23,15
3998,2,hs_humanities,Kappa Alpha Theta,bike,5.35,16
3999,2,engineering,Roble Hall,bike,5.37,14
4000,1,engineering,Soto,walk,1.44,14
4001,4,engineering,Casa Zapata,bike,4.16,16
4002,2,hs_natural,Crothers Memorial,walk,1.39,14
4003,4,engineering,Kimball,walk,1.39,16
4004,4,engineering,Mirrielees,walk,1.63,15
4005,1,hs_social,Lantana,bike,5.35,18
4006,4,engineering,Roble Hall,bike,4.57,13
4007,1,hs_social,Robinson,walk,1.69,13
4008,2,engineering,Junipero,walk,1.54,14
4009,2,engineering,Ujamaa,bike,5.08,14
4010,4,hs_social,Kimball,bike,4.7,14
4011,3,engineering,Kimball,walk,1.37,15
4012,4,hs_social,EVGR,bike,4.51,19
4013,1,engineering,Okada,bike,5.67,15
4014,4,engineering,Norcliffe,bike,4.74,15
4015,4,hs_natural,Cardenal,walk,1.67,16
4016,2,engineering,Potter,electric,6.95,15
4017,1,engineering,Arroyo,bike,4.52,12
4018,3,engineering,Roble Hall,bike,4.01,15
4019,1,hs_social,Ujamaa,bike,5.21,18
4020,2,hs_interdisc,Burbank,bike,4.04,16
4021,3,hs_social,Norcliffe,bike,5.06,16
4022,3,engineering,Govco Suites,walk,1.41,17
4023,2,hs_interdisc,Norcliffe,bike,5.02,17
4024,3,hs_social,Junipero,bike,4.95,17
4025,2,hs_natural,Crothers Memorial,walk,1.6,12
4026,3,hs_interdisc,EVGR,bike,4.73,16
4027,2,hs_interdisc,Sigma Phi Epsilon,walk,1.36,17
4028,3,hs_social,EVGR,bike,5.78,17
4029,1,engineering,Ujamaa,walk,1.38,14
4030,2,hs_interdisc,Kappa Alpha Theta,walk,1.52,13
4031,1,engineering,Arroyo,bike,5.16,16
4032,1,hs_social,Rinconada,walk,1.44,15
4033,1,engineering,Castano,bike,5.61,13
4034,3,doerr,Roble Hall,bike,5.17,13
4035,4,engineering,Jerry,bike,4.46,14
4036,3,engineering,Meier,bike,4.27,19
4037,2,hs_interdisc,Burbank,electric,7.82,16
4038,3,hs_social,Crothers Memorial,bike,5.53,14
4039,4,engineering,EVGR,electric,6.31,14
4040,4,engineering,Naranja,bike,4.74,19
4041,3,hs_humanities,Crothers Memorial,bike,5.02,15
4042,1,hs_interdisc,Burbank,bike,4.02,12
4043,1,engineering,Soto,electric,7.27,14
4044,1,engineering,Crothers,bike,4.35,14
4045,3,engineering,Roble Hall,bike,4.14,14
4046,2,hs_social,Crothers Memorial,bike,5.19,14
4047,1,engineering,Crothers,walk,1.69,18
4048,3,engineering,Cardenal,bike,5.3,13
4049,1,engineering,Soto,bike,4.11,13
4050,1,hs_natural,Casa Zapata,bike,4.69,15
4051,3,hs_social,Trancos,electric,6.58,19
4052,4,hs_natural,EVGR,bike,5.26,16
4053,3,engineering,Sally Ride,bike,5.46,16
4054,1,engineering,Alondra,walk,1.66,13
4055,1,hs_social,Branner,bike,4.41,16
4056,3,hs_social,Junipero,bike,5.65,15
4057,4,hs_humanities,Govco Suites,bike,4.31,16
4058,4,hs_natural,Sigma Phi Epsilon,bike,5.27,15
4059,1,hs_interdisc,Branner,walk,1.52,13
4060,4,hs_interdisc,Durand,walk,1.64,17
4061,3,hs_interdisc,Columbae,bike,5.34,16
4062,2,hs_humanities,Ng,bike,4.56,13
4063,2,hs_natural,Roble Hall,electric,6.17,13
4064,1,hs_interdisc,Schiff,bike,5.34,12
4065,1,hs_interdisc,Castano,bike,4.93,12
4066,4,engineering,Mirrielees,bike,4.27,13
4067,2,hs_social,Toyon,bike,5.37,16
4068,2,hs_humanities,Twain,bike,5.55,13
4069,2,hs_natural,Pi Beta Phi,bike,4.87,14
4070,3,engineering,Mirrielees,bike,4.71,12
4071,4,hs_interdisc,Kimball,bike,4.84,13
4072,3,engineering,Junipero,bike,4.84,17
4073,3,engineering,Murray,bike,5.63,15
4074,1,hs_humanities,Alondra,electric,7.66,16
4075,1,hs_humanities,Castano,bike,4.43,12
4076,4,hs_social,Ujamaa,bike,5.19,15
4077,4,hs_interdisc,Cardenal,electric,6.89,16
4078,1,engineering,Robinson,bike,5.43,14
4079,1,hs_social,Cardenal,bike,5.79,14
4080,1,engineering,Robinson,bike,4.14,17
4081,4,hs_social,550 Lasuen,bike,5.31,17
4082,2,engineering,Casa Zapata,bike,4.85,17
4083,2,hs_social,Loro,bike,4.29,14
4084,4,engineering,Murray,electric,6.95,12
4085,3,engineering,Roble Hall,bike,4.42,12
4086,3,engineering,Crothers Memorial,bike,4.81,12
4087,1,hs_social,Burbank,bike,5.51,15
4088,1,engineering,West Lagunita,bike,4.6,15
4089,4,engineering,Sigma Phi Epsilon,bike,5.71,13
4090,3,hs_interdisc,EVGR,electric,7.59,12
4091,2,hs_natural,Sally Ride,bike,5.44,15
4092,1,engineering,Soto,bike,4.08,12
4093,1,hs_interdisc,Donner,bike,4.25,17
4094,4,hs_social,EVGR,bike,4.29,14
4095,3,engineering,EVGR,bike,5.45,17
4096,3,hs_interdisc,Columbae,bike,4.43,15
4097,3,hs_social,Ng,walk,1.33,14
4098,1,doerr,Otero,walk,1.59,15
4099,2,engineering,Delta Delta Delta,bike,4.07,15
4100,2,hs_interdisc,Burbank,bike,5.68,15
4101,4,hs_social,Kappa Alpha Theta,bike,4.85,14
4102,2,hs_social,Muwekma-Tah-Ruk,walk,1.49,15
4103,1,engineering,Burbank,bike,4.68,16
4104,4,engineering,Enchanted Broccoli Forest,bike,4.97,12
4105,1,hs_interdisc,Lantana,bike,4.2,13
4106,3,engineering,Toussaint,walk,1.54,14
4107,1,engineering,Branner,bike,5.27,16
4108,1,hs_natural,Mirlo,bike,5.23,15
4109,4,engineering,Mirrielees,bike,4.27,14
4110,4,hs_interdisc,Burbank,bike,4.26,13
4111,1,hs_natural,Alondra,walk,1.68,14
4112,2,hs_interdisc,Gavilan,bike,4.6,12
4113,4,engineering,Crothers Memorial,bike,5.36,15
4114,4,hs_humanities,Govco Suites,electric,7.25,18
4115,3,engineering,Okada,bike,4.65,17
4116,2,engineering,Phi Kappa Psi,bike,4.38,14
4117,1,hs_humanities,Castano,bike,4.48,15
4118,1,hs_interdisc,Schiff,bike,5.79,18
4119,2,hs_social,Okada,bike,4.77,17
4120,2,engineering,Pi Beta Phi,bike,4.26,16
4121,1,engineering,Rinconada,walk,1.63,16
4122,1,hs_interdisc,Lantana,bike,5.03,15
4123,2,hs_social,Ujamaa,bike,4.33,17
4124,2,engineering,Ng,bike,5.5,19
4125,2,hs_interdisc,Faisan,bike,4.47,16
4126,3,engineering,Synergy,bike,4.28,17
4127,2,engineering,Toyon,bike,4.82,12
4128,4,engineering,Toyon,bike,4.4,14
4129,4,hs_social,Govco Suites,bike,4.31,13
4130,4,engineering,Ujamaa,walk,1.6,13
4131,4,engineering,Pi Beta Phi,walk,1.67,15
4132,3,engineering,Okada,walk,1.63,14
4133,4,engineering,Columbae,bike,4.09,17
4134,2,hs_interdisc,Roble Hall,bike,5.01,14
4135,1,engineering,Crothers,walk,1.32,17
4136,1,hs_natural,Potter,walk,1.53,15
4137,1,doerr,Donner,walk,1.64,16
4138,3,hs_social,Warehaus,bike,4.89,13
4139,3,engineering,Cardenal,bike,4.15,12
4140,2,hs_humanities,Casa Zapata,bike,5.49,13
4141,4,hs_interdisc,Kappa Sigma,walk,1.44,12
4142,1,engineering,Schiff,bike,4.92,16
4143,3,engineering,Mirrielees,bike,4.49,12
4144,2,hs_humanities,Adams,bike,5.64,19
4145,1,hs_interdisc,Ujamaa,bike,4.95,15
4146,3,doerr,Trancos,bike,5.43,14
4147,1,hs_humanities,Cardenal,bike,4.03,13
4148,1,engineering,Arroyo,walk,1.56,12
4149,4,hs_natural,Twain,bike,4.91,14
4150,4,hs_social,Sigma Nu,walk,1.36,12
4151,1,engineering,Cedro,bike,4.22,12
4152,4,hs_humanities,Toyon,bike,4.57,16
4153,3,hs_natural,Warehaus,bike,4.27,16
4154,1,hs_social,Donner,walk,1.58,19
4155,4,engineering,Cardenal,walk,1.41,14
4156,2,engineering,Synergy,walk,1.44,14
4157,3,engineering,EVGR,bike,4.01,15
4158,4,engineering,Govco Suites,walk,1.36,20
4159,4,engineering,Gavilan,bike,4.95,16
4160,1,hs_humanities,Mirlo,bike,4.58,15
4161,3,engineering,Kappa Sigma,bike,4.21,17
4162,3,engineering,Potter,bike,5.41,15
4163,4,engineering,EVGR,walk,1.41,15
4164,1,hs_interdisc,Mirlo,bike,5.36,19
4165,2,engineering,Delta Delta Delta,bike,4.89,12
4166,1,engineering,Soto,bike,5.79,16
4167,2,hs_social,Kimball,bike,5.22,14
4168,2,engineering,Roble Hall,bike,4.37,16
4169,4,hs_natural,Mirrielees,bike,4.25,12
4170,2,hs_interdisc,Junipero,walk,1.67,13
4171,3,hs_natural,576 Alvarado,bike,5.35,13
4172,4,engineering,Roble Hall,bike,5.04,13
4173,2,engineering,Adelfa,electric,6.58,14
4174,1,hs_interdisc,Lantana,bike,4.24,12
4175,1,engineering,Ujamaa,bike,5.37,13
4176,1,hs_natural,Donner,bike,5.11,13
4177,2,engineering,EAST,bike,5.77,16
4178,3,hs_interdisc,Potter,bike,4.76,16
4179,1,engineering,Lantana,bike,5.45,16
4180,3,hs_humanities,Loro,walk,1.31,15
4181,4,hs_natural,Columbae,bike,5.45,15
4182,1,engineering,Burbank,bike,5.12,18
4183,1,engineering,Ujamaa,bike,4.92,17
4184,4,engineering,Meier,walk,1.31,13
4185,3,engineering,Gavilan,bike,4.78,13
4186,1,hs_natural,Otero,bike,5.26,19
4187,1,hs_humanities,Donner,bike,4.97,12
4188,4,hs_social,Otero,bike,5.72,17
4189,3,engineering,Norcliffe,walk,1.63,15
4190,4,engineering,EVGR,electric,7.35,15
4191,2,engineering,Otero,walk,1.32,13
4192,2,engineering,Casa Zapata,bike,5.69,16
4193,4,hs_humanities,Grove,bike,5.11,19
4194,2,hs_social,EAST,walk,1.6,13
4195,4,hs_humanities,Pluto,bike,5.69,17
4196,1,hs_interdisc,Arroyo,bike,5.47,15
4197,4,hs_interdisc,EVGR,bike,5.11,15
4198,3,engineering,Burbank,walk,1.5,14
4199,3,hs_social,Ujamaa,walk,1.6,13
4200,3,hs_social,EVGR,bike,5.16,17
4201,1,hs_interdisc,West Lagunita,walk,1.39,15
4202,1,hs_social,Casa Zapata,bike,4.11,19
4203,3,engineering,Robert Moore North,walk,1.58,15
4204,3,hs_humanities,Twain,bike,5.39,17
4205,4,hs_humanities,Norcliffe,bike,4.4,15
4206,1,hs_interdisc,Branner,walk,1.68,12
4207,4,engineering,Okada,bike,4.63,13
4208,4,engineering,Toyon,bike,4.16,16
4209,2,engineering,Murray,bike,5.15,13
4210,4,engineering,EVGR,bike,4.05,13
4211,1,engineering,Donner,bike,5.75,15
4212,1,hs_humanities,Larkin,walk,1.33,13
4213,2,hs_interdisc,Hammarskjold,bike,5.55,12
4214,3,engineering,Toyon,bike,4.97,14
4215,3,engineering,Delta Delta Delta,bike,5.62,16
4216,3,hs_interdisc,Roble Hall,bike,5.67,15
4217,4,hs_interdisc,Mirrielees,bike,5.37,12
4218,3,hs_interdisc,Delta Delta Delta,bike,5.2,16
4219,3,hs_interdisc,Norcliffe,walk,1.4,15
4220,2,engineering,Kimball,bike,4.42,15
4221,3,hs_social,EVGR,walk,1.42,16
4222,3,engineering,Kimball,bike,4.65,15
4223,3,hs_natural,Roble Hall,bike,4.97,17
4224,1,hs_interdisc,Castano,walk,1.57,16
4225,1,hs_interdisc,Otero,bike,5.32,15
4226,4,engineering,Yost,electric,7.34,16
4227,4,hs_natural,Junipero,walk,1.4,17
4228,1,engineering,Alondra,walk,1.51,15
4229,1,engineering,Branner,walk,1.37,12
4230,1,engineering,Arroyo,bike,5.22,19
4231,2,engineering,Potter,walk,1.69,12
4232,4,doerr,Govco Suites,bike,5.58,13
4233,1,hs_interdisc,Okada,bike,4.72,19
4234,2,hs_social,Kimball,walk,1.43,15
4235,4,engineering,Gavilan,walk,1.6,14
4236,3,engineering,Okada,bike,5.04,16
4237,1,engineering,Branner,walk,1.59,15
4238,2,hs_interdisc,Kimball,bike,5.56,12
4239,4,engineering,Paloma,walk,1.57,14
4240,4,engineering,Kappa Sigma,walk,1.39,18
4241,1,engineering,Arroyo,bike,5.27,15
4242,1,engineering,Castano,bike,4.62,15
4243,3,engineering,Yost,bike,4.43,14
4244,2,engineering,Hammarskjold,bike,4.33,15
4245,3,hs_humanities,Mirrielees,bike,4.29,18
4246,1,hs_interdisc,Okada,walk,1.65,15
4247,1,hs_natural,Larkin,bike,4.9,14
4248,1,hs_social,Casa Zapata,bike,5.51,12
4249,1,hs_social,Potter,bike,4.74,13
4250,4,doerr,Toyon,bike,4.84,13
4251,3,hs_humanities,EVGR,bike,5.76,13
4252,1,engineering,Soto,walk,1.39,13
4253,1,hs_interdisc,Ujamaa,walk,1.55,14
4254,4,engineering,Govco Suites,bike,5.58,14
4255,2,engineering,Roble Hall,bike,5.09,14
4256,3,hs_interdisc,Kappa Alpha Theta,bike,4.65,15
4257,2,hs_social,Alpha Phi/KKG,bike,4.47,12
4258,4,engineering,Sally Ride,bike,5.38,15
4259,4,hs_social,Govco Suites,electric,6.95,12
4260,3,hs_natural,Trancos,walk,1.69,12
4261,4,engineering,Junipero,electric,7.35,17
4262,2,engineering,Potter,bike,4.77,18
4263,2,hs_humanities,Hammarskjold,bike,5.76,12
4264,2,engineering,Kappa Alpha,bike,4.4,12
4265,3,hs_social,Neptune,bike,4.16,15
4266,1,engineering,Otero,walk,1.31,13
4267,4,hs_humanities,Crothers Memorial,bike,5.32,15
4268,1,engineering,Cedro,walk,1.6,15
4269,4,hs_social,Sigma Phi Epsilon,bike,4.14,14
4270,3,hs_social,Mirrielees,bike,5.43,18
4271,1,engineering,Casa Zapata,bike,4.87,16
4272,1,engineering,Crothers,walk,1.48,14
4273,4,hs_natural,EVGR,walk,1.5,14
4274,1,hs_interdisc,West Lagunita,bike,5.51,12
4275,4,engineering,EVGR,bike,4.08,14
4276,2,hs_social,Faisan,bike,4.56,12
4277,2,hs_social,Alpha Phi/KKG,walk,1.33,13
4278,3,hs_natural,EAST,bike,5.65,14
4279,1,engineering,Muwekma-Tah-Ruk,bike,5.13,15
4280,1,hs_social,Rinconada,bike,5.4,12
4281,1,hs_humanities,Potter,bike,5.77,13
4282,2,hs_humanities,Twain,bike,5.6,16
4283,2,hs_natural,Naranja,bike,4.97,15
4284,1,hs_interdisc,Ujamaa,bike,4.34,15
4285,4,engineering,Enchanted Broccoli Forest,bike,4.75,12
4286,4,engineering,Crothers Memorial,walk,1.59,14
4287,3,hs_humanities,Grove,bike,4.46,14
4288,3,hs_interdisc,aKDPhi/Chi Omega,bike,4.63,15
4289,3,hs_natural,Adelfa,bike,4.54,12
4290,4,hs_humanities,EVGR,walk,1.42,14
4291,4,hs_interdisc,Potter,bike,4.06,14
4292,3,engineering,Jerry,bike,4.77,12
4293,4,hs_interdisc,Mirrielees,bike,5.07,12
4294,1,engineering,Okada,bike,4.49,13
4295,1,hs_interdisc,Ujamaa,bike,4.8,14
4296,4,hs_natural,Ng,bike,4.92,12
4297,4,hs_humanities,Adelfa,bike,5.44,12
4298,4,engineering,Mirrielees,walk,1.49,14
4299,1,hs_social,Donner,bike,5.05,14
4300,1,engineering,Otero,bike,4.95,15
4301,3,engineering,Okada,bike,4.47,16
4302,3,hs_interdisc,Neptune,electric,6.82,16
4303,3,engineering,Otero,bike,4.19,14
4304,2,hs_interdisc,Phi Kappa Psi,bike,4.72,13
4305,4,engineering,Robert Moore North,bike,4.55,19
4306,3,engineering,Meier,bike,4.29,17
4307,2,hs_natural,Trancos,bike,4.54,16
4308,3,hs_social,Burbank,walk,1.42,16
4309,4,engineering,Jerry,bike,5.58,17
4310,2,hs_humanities,Paloma,bike,4.37,14
4311,1,hs_interdisc,Okada,bike,5.74,14
4312,4,hs_interdisc,Mirrielees,bike,4.37,16
4313,3,hs_humanities,Roble Hall,bike,5.38,14
4314,2,hs_natural,Norcliffe,walk,1.58,16
4315,2,engineering,Gavilan,electric,6.23,14
4316,3,engineering,EVGR,walk,1.51,16
4317,4,engineering,Govco Suites,electric,6.95,14
4318,2,engineering,Meier,walk,1.58,14
4319,1,hs_interdisc,Branner,bike,4.94,15
4320,1,engineering,Cedro,bike,5.28,15
4321,2,engineering,Kimball,bike,4.6,16
4322,1,engineering,Ujamaa,bike,4.84,13
4323,1,hs_natural,Cedro,bike,4.54,13
4324,3,engineering,Trancos,walk,1.61,16
4325,4,hs_interdisc,Toyon,bike,4.93,16
4326,2,engineering,Ng,bike,4.44,17
4327,4,hs_social,Ujamaa,bike,5.5,13
4328,2,engineering,Murray,walk,1.4,15
4329,2,engineering,Pi Beta Phi,bike,4.23,17
4330,2,hs_interdisc,Ujamaa,bike,5.58,16
4331,4,hs_interdisc,Govco Suites,bike,5.1,13
4332,1,hs_natural,Lantana,bike,4.42,14
4333,2,engineering,Roble Hall,walk,1.4,17
4334,4,hs_social,Crothers Memorial,bike,5.43,15
4335,3,hs_interdisc,Mirrielees,bike,5.68,16
4336,3,engineering,Alpha Phi/KKG,bike,4.02,13
4337,1,hs_humanities,Ujamaa,bike,4.82,15
4338,2,engineering,Roble Hall,bike,4.34,14
4339,1,hs_interdisc,Branner,bike,4.2,18
4340,3,doerr,Kimball,walk,1.42,14
4341,3,hs_interdisc,Columbae,bike,4.06,15
4342,2,hs_interdisc,Casa Zapata,bike,5.22,14
4343,4,hs_interdisc,Mirrielees,bike,4.65,15
4344,4,hs_social,Grove,walk,1.63,15
4345,3,hs_social,Trancos,walk,1.58,17
4346,2,engineering,Sally Ride,walk,1.44,14
4347,2,hs_natural,Naranja,walk,1.6,15
4348,4,engineering,Govco Suites,bike,5.52,13
4349,3,engineering,Govco Suites,walk,1.47,14
4350,2,hs_social,Toyon,walk,1.61,15
4351,3,engineering,Sally Ride,bike,5.67,13
4352,3,engineering,Twain,walk,1.58,16
4353,4,engineering,Burbank,bike,4.36,15
4354,3,hs_humanities,Adams,bike,4.43,14
4355,2,hs_interdisc,Meier,bike,5.21,12
4356,2,engineering,Kimball,bike,4.35,15
4357,2,engineering,Faisan,bike,5.42,13
4358,4,engineering,EVGR,bike,4.86,15
4359,2,hs_interdisc,Ng,electric,7.72,15
4360,4,engineering,Alpha Phi/KKG,bike,4.58,14
4361,4,hs_humanities,Sigma Nu,bike,5.36,17
4362,4,engineering,Govco Suites,bike,4.16,14
4363,2,engineering,Kappa Alpha,walk,1.47,15
4364,1,engineering,Burbank,bike,5.65,15
4365,1,engineering,Donner,walk,1.3,17
4366,1,hs_interdisc,Arroyo,bike,4.69,14
4367,2,engineering,Kimball,walk,1.48,18
4368,4,engineering,Otero,walk,1.69,13
4369,2,engineering,Alpha Phi/KKG,bike,4.16,19
4370,3,hs_interdisc,EVGR,bike,4.93,12
4371,4,engineering,Toussaint,bike,4.97,15
4372,4,hs_humanities,Meier,bike,5.13,15
4373,2,engineering,Crothers Memorial,walk,1.34,12
4374,1,hs_natural,Schiff,bike,5.36,16
4375,3,hs_natural,Roble Hall,bike,4.58,16
4376,3,engineering,Toyon,bike,4.04,14
4377,3,engineering,Durand,bike,5.36,16
4378,2,hs_social,Toyon,electric,6.99,18
4379,4,hs_interdisc,Mirrielees,bike,5.74,15
4380,4,hs_natural,Govco Suites,bike,4.95,12
4381,3,hs_social,Storey,bike,4.77,13
4382,4,hs_interdisc,Toyon,bike,5.4,12
4383,3,hs_social,BOB,bike,4.53,14
4384,4,hs_interdisc,Mirrielees,bike,4.3,12
4385,1,engineering,Okada,bike,4.48,18
4386,3,hs_interdisc,Norcliffe,bike,4.99,14
4387,4,engineering,Mirrielees,electric,6.68,15
4388,3,hs_humanities,Burbank,walk,1.57,16
4389,1,engineering,Castano,electric,7.36,12
4390,4,hs_interdisc,Mirrielees,walk,1.31,13
4391,1,hs_natural,Larkin,bike,5.39,14
4392,3,engineering,EVGR,bike,5.54,15
4393,3,engineering,Terra,walk,1.68,16
4394,3,hs_interdisc,Synergy,bike,5.36,15
4395,2,hs_interdisc,Kappa Alpha,bike,4.44,14
4396,3,hs_social,EAST,walk,1.32,12
4397,1,hs_social,Otero,bike,5.53,13
4398,3,hs_interdisc,Govco Suites,bike,4.78,15
4399,3,hs_natural,BOB,bike,5.11,12
4400,4,hs_interdisc,Roble Hall,bike,5.63,14
4401,4,engineering,EVGR,bike,5.32,17
4402,4,hs_social,Ujamaa,bike,4.41,15
4403,3,engineering,ZAP,bike,4.62,14
4404,3,engineering,Mirrielees,bike,5.06,17
4405,4,hs_natural,Junipero,bike,4.68,15
4406,2,hs_social,Kimball,bike,4.83,15
4407,4,hs_interdisc,Gavilan,bike,4.89,16
4408,4,hs_social,EVGR,bike,4.43,15
4409,3,engineering,Okada,electric,6.63,17
4410,2,engineering,Potter,bike,4.61,13
4411,2,hs_social,Junipero,bike,5.65,18
4412,1,engineering,Mirlo,bike,5.03,14
4413,1,hs_natural,Larkin,walk,1.66,14
4414,2,hs_interdisc,Toyon,bike,5.8,14
4415,3,hs_social,EVGR,walk,1.31,14
4416,1,hs_social,Larkin,bike,4.42,15
4417,1,engineering,West Lagunita,walk,1.56,17
4418,3,hs_interdisc,Roble Hall,electric,7.76,16
4419,1,engineering,Mirlo,bike,4.15,15
4420,1,engineering,Casa Zapata,electric,6.44,15
4421,4,hs_humanities,Sigma Phi Epsilon,bike,5.21,14
4422,1,hs_interdisc,Burbank,bike,4.28,14
4423,3,engineering,Norcliffe,bike,5.79,13
4424,4,hs_interdisc,Mirrielees,electric,7.92,16
4425,2,engineering,Kimball,bike,4.62,13
4426,1,hs_social,Crothers,bike,5.06,14
4427,4,hs_social,Xanadu,bike,4.24,16
4428,1,hs_natural,Okada,bike,5.37,13
4429,2,hs_interdisc,Twain,electric,6.6,16
4430,2,engineering,Sally Ride,bike,5.29,13
4431,1,hs_interdisc,Lantana,bike,4.11,13
4432,4,engineering,680 Lomita,electric,6.92,14
4433,4,hs_social,Kimball,bike,4.93,16
4434,3,engineering,Govco Suites,walk,1.66,15
4435,4,engineering,Twain,walk,1.45,15
4436,2,hs_humanities,Paloma,bike,5.26,15
4437,3,hs_social,Jerry,bike,5.47,19
4438,1,hs_interdisc,Ujamaa,walk,1.52,15
4439,1,hs_interdisc,Ujamaa,walk,1.35,13
4440,4,hs_interdisc,Sally Ride,walk,1.62,17
4441,4,hs_social,Okada,bike,5.66,15
4442,3,engineering,680 Lomita,bike,5.06,14
4443,4,hs_interdisc,Yost,bike,4.51,13
4444,1,hs_interdisc,Mirlo,bike,4.22,13
4445,2,hs_interdisc,Toyon,bike,5.25,13
4446,2,engineering,Adelfa,bike,5.43,16
4447,2,engineering,Sigma Phi Epsilon,walk,1.32,14
4448,4,hs_humanities,Meier,walk,1.61,16
4449,1,hs_interdisc,West Lagunita,bike,5.18,16
4450,3,engineering,Potter,bike,4.34,15
4451,1,engineering,Donner,walk,1.56,12
4452,4,hs_interdisc,Adams,bike,5.68,12
4453,3,hs_interdisc,Terra,walk,1.31,13
4454,1,engineering,Burbank,bike,4.71,15
4455,2,hs_social,Delta Delta Delta,bike,4.71,13
4456,4,engineering,Norcliffe,bike,4.14,17
4457,4,engineering,Ng,walk,1.39,13
4458,3,hs_humanities,Mirrielees,bike,5.01,14
4459,3,hs_social,Kappa Sigma,bike,5.22,13
4460,3,hs_interdisc,Alpha Phi/KKG,bike,5.35,15
4461,2,engineering,Cardenal,walk,1.4,14
4462,4,engineering,Mirrielees,bike,5.44,14
4463,3,engineering,Casa Zapata,bike,5.25,15
4464,3,hs_social,Potter,bike,5.5,15
4465,2,engineering,Crothers Memorial,walk,1.59,14
4466,1,hs_humanities,Burbank,bike,5.76,14
4467,1,hs_humanities,West Lagunita,walk,1.38,16
4468,4,hs_interdisc,Hammarskjold,bike,5.52,16
4469,3,hs_interdisc,Cardenal,bike,5.75,17
4470,3,hs_natural,Crothers Memorial,walk,1.58,13
4471,3,hs_interdisc,Narnia,walk,1.39,12
4472,2,hs_social,Delta Delta Delta,bike,5.08,16
4473,2,hs_humanities,Loro,bike,4.08,15
4474,3,hs_social,Kappa Alpha Theta,bike,5.48,17
4475,2,engineering,Sally Ride,bike,4.71,15
4476,1,engineering,Donner,bike,5.38,12
4477,3,engineering,550 Lasuen,bike,5.15,18
4478,3,engineering,Adams,walk,1.47,14
4479,1,engineering,Potter,bike,4.96,15
4480,2,hs_social,Delta Delta Delta,walk,1.66,14
4481,3,engineering,Mirrielees,bike,4.65,15
4482,2,engineering,Potter,bike,4.89,16
4483,3,hs_interdisc,Crothers Memorial,bike,5.2,17
4484,2,hs_humanities,Alpha Phi/KKG,bike,5.2,15
4485,4,hs_humanities,Govco Suites,bike,5.65,18
4486,1,hs_interdisc,Cedro,bike,4.89,14
4487,4,hs_interdisc,Crothers Memorial,bike,4.65,13
4488,2,engineering,Meier,bike,4.71,16
4489,3,doerr,Meier,bike,5.43,13
4490,4,engineering,Muwekma-Tah-Ruk,walk,1.31,13
4491,3,hs_social,Roth,bike,5.68,14
4492,2,hs_social,Delta Delta Delta,bike,4.22,15
4493,4,hs_social,Toussaint,bike,4.36,13
4494,3,hs_social,Meier,bike,4.65,12
4495,1,engineering,Rinconada,bike,4.07,14
4496,3,hs_social,Kappa Sigma,electric,6.46,13
4497,4,hs_interdisc,Kairos,bike,4.61,13
4498,1,hs_natural,Burbank,walk,1.48,12
4499,1,hs_natural,West Lagunita,bike,5.37,13
4500,3,hs_social,Meier,bike,5.48,12
4501,3,engineering,Mars,bike,4.6,15
4502,2,hs_social,Crothers Memorial,bike,4.46,16
4503,1,hs_social,Arroyo,bike,5.75,14
4504,1,engineering,Larkin,bike,4.1,14
4505,2,hs_humanities,Adams,electric,7.11,19
4506,3,engineering,Govco Suites,bike,4.56,12
4507,4,hs_social,Loro,bike,4.78,15
4508,1,engineering,Soto,bike,4.17,14
4509,2,hs_social,Burbank,bike,4.32,15
4510,2,engineering,Crothers Memorial,bike,4.73,15
4511,3,hs_social,Mirrielees,walk,1.64,17
4512,3,engineering,Toyon,walk,1.59,16
4513,1,engineering,Casa Zapata,bike,4.99,13
4514,1,hs_interdisc,Potter,bike,4.56,15
4515,1,engineering,West Lagunita,bike,4.82,15
4516,2,hs_interdisc,Junipero,bike,4.58,12
4517,3,hs_social,Kairos,walk,1.56,12
4518,3,engineering,Otero,walk,1.39,13
4519,1,engineering,Lantana,electric,7.02,12
4520,3,hs_interdisc,Ujamaa,bike,4.55,18
4521,1,hs_interdisc,Mirlo,bike,5.24,17
4522,2,engineering,Toyon,bike,5.46,15
4523,4,engineering,Neptune,bike,4.68,17
4524,4,hs_social,Naranja,bike,4.39,20
4525,2,engineering,Potter,bike,4.14,16
4526,1,hs_interdisc,Mirlo,bike,4.4,13
4527,1,engineering,Rinconada,walk,1.58,13
4528,1,engineering,Larkin,bike,4.92,13
4529,1,engineering,West Lagunita,bike,4.8,14
4530,3,hs_social,Casa Zapata,bike,5.36,12
4531,3,hs_interdisc,Toyon,walk,1.55,15
4532,1,engineering,Branner,bike,4.03,13
4533,4,hs_humanities,Kimball,bike,5.6,13
4534,2,hs_natural,Roble Hall,bike,5.74,18
4535,3,engineering,Pi Beta Phi,bike,5.03,13
4536,3,hs_interdisc,EVGR,bike,4.71,15
4537,3,hs_interdisc,Burbank,bike,5.32,13
4538,4,doerr,Govco Suites,bike,4.88,13
4539,4,hs_interdisc,Faisan,walk,1.49,12
4540,3,hs_social,Toussaint,walk,1.35,18
4541,2,hs_humanities,Kappa Alpha,bike,5.04,12
4542,4,hs_interdisc,EVGR,bike,4.07,17
4543,4,doerr,Otero,bike,5.06,14
4544,3,engineering,Mirrielees,bike,5.61,16
4545,1,hs_humanities,West Lagunita,electric,6.37,14
4546,2,engineering,Terra,bike,4.14,13
4547,2,hs_interdisc,Synergy,bike,4.12,17
4548,3,engineering,Columbae,bike,4.09,12
4549,4,engineering,Kimball,bike,4.69,14
4550,4,hs_interdisc,Roble Hall,walk,1.38,12
4551,2,engineering,Alpha Phi/KKG,bike,4.76,12
4552,2,hs_social,Toyon,bike,5.04,13
4553,4,engineering,Mars,walk,1.47,14
4554,1,hs_interdisc,Arroyo,walk,1.7,13
4555,4,hs_interdisc,Kimball,walk,1.58,15
4556,3,hs_interdisc,Loro,bike,5.57,14
4557,4,hs_interdisc,aKDPhi/Chi Omega,bike,4.19,14
4558,3,hs_humanities,Trancos,walk,1.33,12
4559,3,engineering,Ujamaa,bike,4.26,15
4560,3,engineering,Twain,walk,1.44,13
4561,3,engineering,Crothers Memorial,bike,5.61,18
4562,3,engineering,EVGR,bike,4.43,15
4563,2,hs_interdisc,Ng,walk,1.57,12
4564,2,hs_interdisc,Ujamaa,bike,5.44,18
4565,4,hs_social,Warehaus,bike,4.31,14
4566,3,hs_humanities,Pi Beta Phi,bike,4.24,15
4567,3,hs_humanities,Govco Suites,bike,4.81,15
4568,2,doerr,Junipero,bike,5.55,13
4569,4,hs_social,Potter,bike,4.15,14
4570,2,engineering,Sally Ride,bike,4.12,16
4571,2,hs_interdisc,Roble Hall,walk,1.7,12
4572,1,hs_interdisc,Cedro,walk,1.42,15
4573,3,engineering,Roble Hall,walk,1.42,14
4574,2,engineering,Kimball,bike,5.01,16
4575,3,hs_interdisc,Potter,bike,4.44,13
4576,2,engineering,Roble Hall,bike,5.46,14
4577,2,hs_interdisc,Junipero,electric,7.24,16
4578,1,doerr,Soto,walk,1.48,16
4579,1,hs_social,Rinconada,walk,1.7,13
4580,2,hs_interdisc,Kappa Sigma,bike,5.72,13
4581,3,hs_interdisc,Norcliffe,bike,4.04,12
4582,2,engineering,Potter,bike,4.39,14
4583,1,hs_natural,Crothers,bike,4.1,16
4584,2,engineering,Roble Hall,bike,4.56,13
4585,4,engineering,ZAP,bike,4.52,12
4586,2,hs_interdisc,Synergy,bike,5.7,16
4587,1,hs_interdisc,Otero,bike,5.44,16
4588,4,hs_natural,680 Lomita,bike,4.93,15
4589,3,engineering,Mirrielees,bike,5.0,16
4590,2,hs_interdisc,Crothers Memorial,bike,5.2,18
4591,2,doerr,Ng,bike,5.73,14
4592,4,hs_interdisc,Ng,bike,5.55,18
4593,3,engineering,Roble Hall,bike,5.69,16
4594,1,engineering,Crothers,bike,4.82,16
4595,4,hs_social,Roble Hall,bike,4.83,15
4596,4,engineering,EVGR,bike,5.65,15
4597,2,hs_natural,Enchanted Broccoli Forest,bike,4.5,12
4598,2,engineering,Norcliffe,bike,4.93,19
4599,4,hs_humanities,Roble Hall,bike,5.55,14
4600,3,hs_humanities,Neptune,walk,1.54,14
4601,3,engineering,Crothers Memorial,bike,4.88,12
4602,2,hs_natural,Potter,bike,5.55,12
4603,2,hs_humanities,576 Alvarado,bike,4.79,14
4604,3,hs_interdisc,Junipero,walk,1.62,12
4605,2,engineering,Gavilan,walk,1.68,15
4606,2,engineering,Otero,bike,4.37,17
4607,4,hs_interdisc,Govco Suites,walk,1.43,15
4608,4,hs_social,Kappa Alpha,bike,5.05,16
4609,1,hs_interdisc,Branner,walk,1.36,12
4610,4,hs_humanities,Gavilan,walk,1.64,13
4611,3,engineering,Sigma Phi Epsilon,bike,5.35,15
4612,1,hs_interdisc,Larkin,electric,6.96,15
4613,3,engineering,Mirrielees,bike,4.23,16
4614,3,engineering,Robert Moore North,bike,4.87,17
4615,3,hs_social,Toyon,bike,4.87,14
4616,2,hs_interdisc,Meier,bike,4.11,14
4617,1,engineering,Schiff,bike,5.78,12
4618,4,hs_humanities,Casa Zapata,bike,4.53,16
4619,4,hs_natural,Kappa Sigma,bike,5.29,16
4620,1,hs_humanities,Soto,bike,4.23,13
4621,4,hs_interdisc,EVGR,bike,5.7,15
4622,3,hs_humanities,Govco Suites,bike,5.56,15
4623,1,hs_social,Larkin,bike,4.74,13
4624,1,hs_social,Castano,bike,4.98,17
4625,2,engineering,Kappa Alpha Theta,bike,4.7,16
4626,3,hs_interdisc,Junipero,bike,5.18,14
4627,4,hs_interdisc,Norcliffe,bike,4.64,14
4628,1,hs_social,Arroyo,bike,4.15,14
4629,2,hs_interdisc,Ng,bike,5.32,15
4630,3,hs_interdisc,Kimball,bike,4.29,12
4631,2,hs_interdisc,Kairos,bike,4.18,15
4632,2,hs_interdisc,Kimball,bike,4.94,17
4633,3,hs_interdisc,Storey,bike,4.1,12
4634,1,engineering,Potter,bike,5.59,17
4635,1,engineering,Castano,bike,4.95,14
4636,1,engineering,Mirlo,bike,4.54,13
4637,2,engineering,Ng,bike,4.6,15
4638,1,engineering,Casa Zapata,bike,4.83,13
4639,2,hs_interdisc,Kimball,bike,5.34,16
4640,4,engineering,Kimball,walk,1.4,16
4641,4,engineering,Norcliffe,walk,1.33,18
4642,1,engineering,Mirlo,walk,1.56,16
4643,1,hs_social,Rinconada,bike,5.25,14
4644,4,engineering,Toyon,bike,5.64,12
4645,4,hs_social,Durand,bike,5.32,14
4646,4,engineering,EVGR,bike,5.15,13
4647,2,engineering,Loro,bike,5.58,16
4648,2,hs_humanities,Kairos,bike,4.72,16
4649,2,engineering,Sally Ride,bike,4.63,14
4650,4,hs_interdisc,Burbank,walk,1.56,13
4651,3,engineering,Crothers Memorial,walk,1.55,17
4652,1,hs_interdisc,Burbank,bike,4.27,12
4653,4,engineering,Faisan,bike,4.61,15
4654,3,engineering,Mirrielees,bike,4.89,14
4655,3,hs_natural,Ujamaa,bike,5.68,15
4656,1,engineering,Soto,bike,4.21,13
4657,3,hs_social,Faisan,bike,5.01,14
4658,1,hs_humanities,Casa Zapata,bike,5.56,15
4659,4,hs_humanities,Pi Beta Phi,bike,4.26,14
4660,2,hs_interdisc,Burbank,bike,5.74,13
4661,3,hs_natural,Delta Delta Delta,bike,4.92,14
4662,2,hs_interdisc,Gavilan,bike,5.11,12
4663,2,engineering,Yost,bike,4.6,17
4664,4,hs_interdisc,Jerry,bike,4.35,14
4665,1,hs_interdisc,Robinson,bike,4.81,12
4666,2,engineering,Roble Hall,bike,4.2,12
4667,3,engineering,Synergy,bike,4.9,14
4668,3,engineering,Govco Suites,bike,4.72,15
4669,3,hs_interdisc,Crothers Memorial,bike,4.6,14
4670,4,engineering,Adams,bike,5.45,14
4671,2,hs_social,Potter,walk,1.6,16
4672,3,engineering,Alpha Phi/KKG,bike,4.74,13
4673,1,hs_interdisc,Burbank,walk,1.67,13
4674,1,engineering,Robinson,bike,5.69,12
4675,1,hs_interdisc,West Lagunita,walk,1.33,15
4676,2,hs_social,Adams,walk,1.31,12
4677,3,engineering,Mirrielees,bike,4.28,13
4678,4,hs_interdisc,Ng,bike,4.37,13
4679,4,hs_natural,Pi Beta Phi,bike,4.58,14
4680,1,engineering,Muwekma-Tah-Ruk,electric,7.02,17
4681,1,hs_social,Branner,bike,4.75,15
4682,4,hs_humanities,ZAP,bike,4.08,14
4683,2,hs_social,Ng,bike,4.67,14
4684,4,hs_interdisc,Adams,bike,5.01,12
4685,2,hs_humanities,Crothers Memorial,bike,4.5,14
4686,4,engineering,Govco Suites,bike,4.47,14
4687,4,hs_humanities,Kappa Sigma,walk,1.35,14
4688,3,engineering,Durand,bike,4.32,14
4689,1,engineering,Ujamaa,walk,1.39,12
4690,4,hs_natural,Loro,bike,4.42,17
4691,4,engineering,Pluto,walk,1.52,17
4692,1,engineering,Okada,bike,5.17,14
4693,3,hs_social,Toyon,bike,5.56,12
4694,4,hs_interdisc,Ujamaa,walk,1.38,16
4695,2,hs_social,Norcliffe,bike,5.75,13
4696,1,hs_social,Larkin,bike,5.54,14
4697,3,hs_humanities,Twain,bike,4.13,18
4698,1,hs_interdisc,Cedro,electric,7.28,14
4699,4,engineering,Jerry,bike,5.37,16
4700,1,hs_interdisc,Larkin,bike,4.62,16
4701,2,engineering,Trancos,bike,4.45,13
4702,4,hs_humanities,Trancos,walk,1.37,13
4703,4,hs_social,Trancos,bike,5.27,15
4704,3,hs_social,Roth,bike,5.34,12
4705,1,engineering,Robinson,bike,4.67,12
4706,2,hs_interdisc,Trancos,walk,1.44,15
4707,1,hs_interdisc,Casa Zapata,bike,4.72,16
4708,1,hs_natural,Arroyo,bike,5.59,13
4709,1,hs_social,Potter,bike,5.11,17
4710,2,hs_social,Gavilan,bike,4.73,12
4711,4,hs_interdisc,Mars,bike,5.06,18
4712,2,hs_social,Crothers Memorial,bike,4.75,15
4713,2,hs_social,Roble Hall,walk,1.67,14
4714,2,hs_social,Loro,bike,4.74,14
4715,2,hs_social,Kappa Sigma,electric,7.55,13
4716,3,engineering,Enchanted Broccoli Forest,bike,4.12,12
4717,1,hs_interdisc,Donner,bike,4.42,13
4718,3,hs_interdisc,Gavilan,bike,5.63,12
4719,1,engineering,Arroyo,bike,5.76,16
4720,3,doerr,Muwekma-Tah-Ruk,electric,6.92,20
4721,2,hs_natural,Phi Kappa Psi,walk,1.6,15
4722,2,hs_interdisc,Roble Hall,bike,4.49,16
4723,1,engineering,Lantana,bike,4.52,16
4724,1,hs_interdisc,Mirlo,walk,1.55,12
4725,2,hs_interdisc,576 Alvarado,bike,4.16,15
4726,3,doerr,Crothers Memorial,bike,4.87,13
4727,1,hs_social,Cardenal,bike,5.39,16
4728,1,engineering,Robinson,bike,5.34,15
4729,4,hs_interdisc,Norcliffe,walk,1.62,12
4730,2,hs_social,Trancos,walk,1.54,15
4731,4,hs_social,Pluto,walk,1.52,12
4732,2,doerr,Burbank,bike,4.3,15
4733,3,hs_interdisc,Sigma Nu,electric,7.61,15
4734,1,doerr,Lantana,walk,1.47,12
4735,4,engineering,Columbae,bike,4.37,15
4736,3,engineering,Pluto,bike,4.8,13
4737,4,engineering,Kimball,walk,1.35,13
4738,4,hs_interdisc,BOB,bike,5.0,16
4739,4,engineering,Crothers Memorial,bike,5.27,15
4740,2,hs_social,Naranja,bike,5.51,18
4741,3,hs_interdisc,Otero,bike,4.79,14
4742,4,engineering,Govco Suites,bike,4.03,15
4743,4,engineering,550 Lasuen,bike,5.06,13
4744,2,hs_humanities,EAST,walk,1.47,15
4745,2,hs_social,Faisan,bike,5.56,14
4746,3,hs_social,Neptune,bike,5.13,13
4747,2,hs_interdisc,EAST,walk,1.6,17
4748,1,engineering,Cedro,bike,5.3,12
4749,4,engineering,Phi Kappa Psi,bike,4.55,17
4750,4,engineering,Burbank,bike,4.3,13
4751,2,hs_interdisc,Ujamaa,bike,4.34,13
4752,4,engineering,Sigma Nu,walk,1.54,14
4753,3,hs_social,Mirrielees,bike,4.43,15
4754,1,hs_social,Mirlo,bike,5.74,15
4755,2,hs_interdisc,Murray,bike,4.39,14
4756,3,engineering,Cardenal,bike,4.03,15
4757,3,hs_humanities,Toussaint,bike,5.34,16
4758,1,hs_social,Cedro,bike,5.01,17
4759,2,engineering,EAST,bike,5.54,14
4760,4,hs_humanities,Burbank,bike,4.54,12
4761,2,engineering,Crothers Memorial,bike,4.14,15
4762,4,engineering,BOB,bike,4.58,12
4763,1,hs_humanities,Soto,bike,5.5,12
4764,1,engineering,Potter,bike,5.16,13
4765,2,engineering,Sally Ride,bike,4.27,18
4766,3,hs_social,Yost,walk,1.56,12
4767,2,hs_interdisc,Okada,bike,5.73,13
4768,3,engineering,Meier,bike,5.02,14
4769,2,engineering,Ng,bike,4.46,16
4770,3,hs_natural,Crothers Memorial,bike,4.06,12
4771,1,hs_social,Branner,bike,4.77,14
4772,1,engineering,Cardenal,bike,4.91,13
4773,3,hs_natural,Okada,bike,5.08,12
4774,3,hs_social,Govco Suites,walk,1.34,14
4775,1,hs_social,West Lagunita,bike,5.64,15
4776,3,hs_interdisc,EAST,bike,4.74,15
4777,4,hs_interdisc,Kimball,bike,4.81,14
4778,1,engineering,Larkin,bike,4.07,14
4779,4,hs_interdisc,Govco Suites,bike,4.3,15
4780,2,hs_interdisc,Sigma Phi Epsilon,bike,4.39,15
4781,4,engineering,Mirrielees,walk,1.6,13
4782,1,engineering,Crothers,walk,1.36,13
4783,3,engineering,680 Lomita,bike,5.76,13
4784,2,hs_humanities,Robert Moore North,bike,5.1,19
4785,4,hs_interdisc,Kimball,electric,7.68,15
4786,1,hs_natural,Lantana,bike,4.21,15
4787,3,hs_humanities,Junipero,walk,1.39,12
4788,4,hs_interdisc,EVGR,bike,4.81,15
4789,4,engineering,Mirrielees,bike,4.54,16
4790,2,hs_social,Roble Hall,bike,4.95,15
4791,4,hs_natural,Pi Beta Phi,electric,6.75,12
4792,1,hs_natural,Schiff,bike,4.83,15
4793,3,hs_interdisc,Toyon,bike,5.16,12
4794,3,engineering,Govco Suites,bike,5.2,16
4795,1,hs_interdisc,Schiff,bike,4.97,15
4796,1,hs_social,Donner,bike,4.0,13
4797,3,hs_natural,Kairos,bike,4.85,15
4798,4,engineering,Jerry,walk,1.31,15
4799,1,engineering,Crothers,walk,1.36,14
4800,2,hs_natural,Roble Hall,walk,1.45,16
4801,1,engineering,Robinson,bike,5.26,17
4802,1,engineering,Casa Zapata,bike,5.18,16
4803,3,engineering,Jerry,walk,1.57,15
4804,1,engineering,West Lagunita,bike,4.31,12
4805,2,hs_natural,aKDPhi/Chi Omega,bike,4.77,13
4806,1,engineering,Branner,bike,4.89,14
4807,3,engineering,Sally Ride,bike,5.46,12
4808,4,engineering,Terra,bike,4.56,12
4809,4,hs_interdisc,Gavilan,bike,5.22,12
4810,1,engineering,Castano,bike,5.38,14
4811,3,hs_interdisc,Trancos,bike,4.19,15
4812,4,hs_interdisc,Yost,bike,5.17,17
4813,4,hs_interdisc,Govco Suites,bike,5.47,12
4814,1,hs_natural,Casa Zapata,bike,5.78,14
4815,3,hs_social,Muwekma-Tah-Ruk,bike,5.46,13
4816,2,hs_social,Phi Kappa Psi,walk,1.42,17
4817,4,hs_social,Kappa Alpha Theta,walk,1.47,15
4818,2,engineering,Ng,bike,4.73,15
4819,2,hs_interdisc,Yost,bike,4.32,12
4820,2,hs_humanities,Toyon,bike,4.7,16
4821,4,hs_interdisc,Jerry,bike,5.18,12
4822,2,engineering,Sigma Phi Epsilon,bike,4.73,14
4823,1,engineering,Crothers,bike,4.29,17
4824,1,hs_interdisc,Donner,walk,1.62,13
4825,2,hs_humanities,Delta Delta Delta,bike,4.11,13
4826,3,engineering,Roth,walk,1.62,15
4827,2,engineering,Kappa Alpha Theta,walk,1.63,18
4828,1,hs_interdisc,Otero,bike,4.26,15
4829,1,hs_social,Alondra,walk,1.46,16
4830,2,hs_social,Otero,bike,5.05,14
4831,3,engineering,Roble Hall,walk,1.4,17
4832,2,hs_natural,Potter,bike,5.6,15
4833,1,hs_natural,Casa Zapata,walk,1.68,14
4834,1,engineering,Robinson,bike,5.6,12
4835,1,hs_interdisc,Larkin,bike,5.29,14
4836,2,engineering,Kappa Alpha Theta,bike,4.8,17
4837,4,hs_social,Adelfa,bike,5.16,15
4838,1,engineering,Larkin,electric,7.45,18
4839,2,hs_interdisc,Adelfa,walk,1.67,14
4840,4,hs_interdisc,Govco Suites,bike,4.92,17
4841,1,engineering,Casa Zapata,bike,5.77,13
4842,1,hs_interdisc,Crothers,bike,4.5,12
4843,3,hs_natural,Trancos,walk,1.6,13
4844,3,hs_interdisc,Kimball,bike,4.01,14
4845,3,engineering,Ujamaa,bike,5.34,17
4846,4,hs_interdisc,Roble Hall,bike,5.43,12
4847,4,hs_interdisc,Adelfa,bike,4.27,16
4848,2,hs_social,Sally Ride,walk,1.59,16
4849,2,engineering,Columbae,bike,4.24,16
4850,4,engineering,EVGR,walk,1.64,13
4851,4,engineering,Roble Hall,bike,5.28,12
4852,3,hs_social,Burbank,walk,1.37,16
4853,4,engineering,Junipero,walk,1.65,14
4854,1,hs_natural,Crothers,bike,4.63,15
4855,1,engineering,Donner,bike,5.51,19
4856,3,engineering,ZAP,bike,4.09,18
4857,4,hs_natural,Sigma Phi Epsilon,bike,5.38,12
4858,4,hs_natural,Mirrielees,bike,5.68,12
4859,4,engineering,Roble Hall,bike,4.42,16
4860,3,engineering,Roble Hall,bike,5.21,13
4861,3,hs_social,Terra,walk,1.5,12
4862,1,hs_natural,Crothers,electric,6.06,16
4863,2,hs_humanities,Delta Delta Delta,walk,1.31,13
4864,1,engineering,Otero,bike,4.02,12
4865,1,hs_natural,Branner,bike,4.43,18
4866,1,hs_social,Donner,bike,4.39,13
4867,4,engineering,Ng,electric,6.87,16
4868,4,engineering,Loro,bike,5.07,12
4869,3,hs_interdisc,Govco Suites,walk,1.48,14
4870,1,engineering,Casa Zapata,bike,4.49,16
4871,3,hs_interdisc,Murray,bike,4.33,18
4872,1,hs_interdisc,Casa Zapata,bike,4.44,14
4873,3,hs_social,Mirrielees,bike,5.34,14
4874,4,hs_social,Casa Zapata,bike,4.17,14
4875,1,hs_interdisc,West Lagunita,bike,5.17,15
4876,2,hs_interdisc,Roble Hall,bike,4.63,13
4877,4,hs_social,Meier,bike,5.58,12
4878,2,hs_interdisc,Crothers Memorial,bike,5.78,17
4879,3,hs_natural,Govco Suites,electric,7.75,14
4880,1,engineering,Branner,bike,5.68,13
4881,4,hs_natural,576 Alvarado,bike,5.15,15
4882,4,hs_social,Gavilan,bike,5.08,12
4883,4,engineering,Govco Suites,walk,1.46,13
4884,4,hs_humanities,Potter,bike,5.58,17
4885,2,engineering,Naranja,bike,4.57,14
4886,4,hs_interdisc,Robert Moore North,electric,6.73,14
4887,2,hs_interdisc,Muwekma-Tah-Ruk,walk,1.4,15
4888,4,hs_interdisc,Xanadu,electric,7.48,14
4889,1,hs_interdisc,Lantana,bike,5.71,17
4890,1,hs_natural,Muwekma-Tah-Ruk,bike,4.25,14
4891,2,hs_interdisc,Toyon,bike,4.43,12
4892,1,engineering,Ujamaa,bike,4.88,15
4893,1,engineering,Potter,walk,1.7,14
4894,4,hs_natural,Jerry,bike,5.65,15
4895,1,hs_interdisc,Crothers,bike,5.8,12
4896,1,engineering,Schiff,walk,1.53,16
4897,3,hs_interdisc,Twain,walk,1.56,14
4898,2,hs_social,Adams,walk,1.49,13
4899,3,engineering,Mirrielees,bike,4.03,15
4900,4,hs_interdisc,Toussaint,bike,4.58,14
4901,3,hs_natural,Sally Ride,electric,7.21,17
4902,1,hs_interdisc,Mirlo,bike,4.42,12
4903,1,engineering,Robinson,bike,4.45,12
4904,4,doerr,550 Lasuen,bike,5.08,17
4905,3,hs_natural,Potter,walk,1.54,16
4906,2,hs_natural,Kimball,bike,5.72,15
4907,3,hs_humanities,Adams,walk,1.68,12
4908,4,hs_natural,Kappa Alpha Theta,bike,4.86,13
4909,2,hs_natural,Terra,electric,7.92,15
4910,3,engineering,Phi Kappa Psi,bike,5.58,12
4911,2,hs_interdisc,Paloma,bike,4.55,16
4912,2,hs_social,Kappa Alpha,bike,5.12,16
4913,4,engineering,680 Lomita,bike,4.51,14
4914,3,engineering,Terra,bike,4.0,14
4915,1,engineering,Castano,bike,4.87,17
4916,3,engineering,Paloma,bike,4.45,12
4917,1,hs_social,Cardenal,bike,4.01,15
4918,1,hs_interdisc,Burbank,walk,1.45,16
4919,3,hs_interdisc,Twain,bike,4.87,13
4920,2,engineering,Meier,bike,5.05,14
4921,4,hs_interdisc,Narnia,walk,1.6,15
4922,4,hs_humanities,Ng,bike,5.21,20
4923,2,engineering,Alpha Phi/KKG,walk,1.52,13
4924,2,hs_social,Trancos,bike,5.29,13
4925,4,hs_interdisc,Synergy,bike,5.37,15
4926,3,hs_interdisc,Sigma Phi Epsilon,bike,4.98,16
4927,1,hs_interdisc,Mirlo,bike,4.26,16
4928,4,hs_interdisc,Warehaus,walk,1.41,15
4929,1,engineering,Larkin,walk,1.62,15
4930,1,hs_natural,Larkin,bike,5.02,13
4931,3,hs_humanities,Norcliffe,bike,5.55,15
4932,4,hs_social,Trancos,bike,4.73,14
4933,2,engineering,Toyon,bike,5.69,17
4934,2,engineering,Norcliffe,walk,1.5,15
4935,2,hs_social,Loro,bike,5.63,15
4936,2,hs_humanities,Otero,bike,4.82,14
4937,3,hs_interdisc,EVGR,bike,4.88,12
4938,1,hs_humanities,Okada,electric,6.13,16
4939,4,engineering,Kappa Alpha Theta,bike,4.23,19
4940,4,engineering,Crothers Memorial,bike,4.16,14
4941,3,hs_interdisc,Roth,walk,1.42,16
4942,1,engineering,Cedro,walk,1.49,14
4943,2,hs_interdisc,Potter,bike,4.64,13
4944,1,hs_social,Ujamaa,bike,5.32,12
4945,2,engineering,Gavilan,bike,5.26,16
4946,4,hs_social,Twain,bike,5.05,16
4947,1,hs_interdisc,Soto,bike,4.51,12
4948,2,engineering,Trancos,bike,4.52,17
4949,3,engineering,Govco Suites,bike,4.9,12
4950,4,engineering,Sally Ride,bike,5.44,14
4951,1,engineering,Burbank,bike,5.46,13
4952,4,engineering,Naranja,bike,4.73,15
4953,3,hs_natural,Faisan,walk,1.55,12
4954,4,engineering,Narnia,bike,4.57,14
4955,2,engineering,Loro,bike,5.55,13
4956,4,hs_natural,Toyon,bike,4.57,15
4957,3,hs_interdisc,Toyon,bike,5.31,16
4958,1,hs_natural,Otero,bike,5.38,14
4959,1,hs_humanities,Soto,bike,5.23,14
4960,1,hs_social,Branner,walk,1.36,12
4961,2,hs_social,Kairos,bike,5.74,12
4962,3,hs_interdisc,Adelfa,bike,5.38,16
4963,4,hs_interdisc,Narnia,walk,1.43,16
4964,1,hs_humanities,Castano,walk,1.57,16
4965,3,engineering,Gavilan,bike,4.7,13
4966,1,hs_interdisc,West Lagunita,walk,1.59,15
4967,4,hs_natural,Hammarskjold,walk,1.6,14
4968,4,hs_interdisc,Cardenal,bike,5.44,17
4969,3,hs_interdisc,Kappa Alpha Theta,bike,4.45,14
4970,1,hs_humanities,Castano,bike,5.42,16
4971,1,engineering,Muwekma-Tah-Ruk,bike,4.11,13
4972,4,hs_humanities,aKDPhi/Chi Omega,bike,5.26,14
4973,4,engineering,Paloma,bike,4.11,15
4974,3,hs_interdisc,Terra,walk,1.46,15
4975,3,engineering,Govco Suites,walk,1.34,14
4976,1,hs_interdisc,Robinson,walk,1.56,15
4977,1,engineering,Schiff,electric,7.54,17
4978,4,hs_interdisc,Roble Hall,bike,5.33,13
4979,3,hs_humanities,Faisan,bike,4.76,13
4980,1,engineering,West Lagunita,walk,1.57,13
4981,4,hs_social,Toyon,bike,4.18,18
4982,3,engineering,Burbank,bike,4.92,15
4983,1,engineering,Otero,walk,1.7,17
4984,3,engineering,Mirrielees,bike,5.3,12
4985,2,engineering,Terra,walk,1.5,12
4986,4,hs_social,Robert Moore North,walk,1.39,17
4987,4,engineering,EVGR,walk,1.64,16
4988,4,hs_interdisc,Toussaint,bike,4.47,13
4989,3,engineering,Adelfa,bike,5.59,15
4990,2,hs_social,Cardenal,bike,5.51,14
4991,2,engineering,Potter,walk,1.34,12
4992,4,engineering,Mirrielees,bike,4.3,15
4993,1,hs_social,Cardenal,bike,4.1,14
4994,3,engineering,Alpha Phi/KKG,bike,5.24,15
4995,2,hs_interdisc,Enchanted Broccoli Forest,bike,4.73,17
4996,3,hs_interdisc,Jerry,bike,5.58,15
4997,2,engineering,Pi Beta Phi,bike,5.75,17
4998,4,engineering,Kappa Alpha Theta,bike,4.0,12
4999,1,engineering,Okada,electric,7.78,12
5000,4,hs_humanities,Kimball,bike,5.55,12
5001,3,hs_interdisc,Adelfa,bike,5.35,13
5002,2,hs_interdisc,Murray,bike,5.22,12
5003,4,hs_interdisc,EVGR,bike,5.6,15
5004,3,hs_interdisc,Delta Delta Delta,walk,1.39,15
5005,3,engineering,Kappa Alpha,walk,1.33,15
5006,4,engineering,EVGR,walk,1.49,14
5007,2,engineering,Potter,bike,5.18,12
5008,4,hs_social,Naranja,bike,4.53,17
5009,2,engineering,Crothers Memorial,bike,4.73,18
5010,4,engineering,Meier,walk,1.45,16
5011,4,hs_social,Crothers Memorial,bike,5.51,13
5012,4,hs_social,Xanadu,bike,4.36,15
5013,2,hs_humanities,Otero,bike,5.32,16
5014,2,hs_social,Junipero,bike,4.57,17
5015,3,hs_social,Synergy,bike,4.03,15
5016,2,hs_interdisc,Alpha Phi/KKG,electric,7.2,13
5017,3,hs_interdisc,Phi Kappa Psi,bike,4.82,15
5018,3,engineering,576 Alvarado,electric,6.2,12
5019,4,hs_interdisc,Naranja,walk,1.31,14
5020,4,hs_humanities,Faisan,bike,4.9,14
5021,3,hs_humanities,Twain,walk,1.57,13
5022,4,hs_humanities,Otero,bike,5.44,12
5023,2,hs_humanities,Faisan,bike,4.21,16
5024,4,hs_social,Phi Kappa Psi,walk,1.64,16
5025,3,engineering,576 Alvarado,bike,4.61,14
5026,2,hs_social,Roble Hall,bike,4.09,15
5027,1,engineering,Larkin,walk,1.31,14
5028,3,hs_social,Twain,electric,6.4,15
5029,2,hs_natural,Crothers Memorial,electric,7.43,13
5030,3,engineering,Potter,bike,5.43,15
5031,1,engineering,Potter,bike,5.18,15
5032,4,engineering,Meier,bike,5.32,15
5033,4,engineering,Casa Zapata,walk,1.41,13
5034,3,hs_interdisc,Xanadu,bike,4.15,14
5035,4,hs_interdisc,EVGR,bike,5.42,14
5036,3,hs_humanities,Kappa Alpha Theta,bike,4.35,16
5037,2,hs_social,Synergy,bike,4.61,17
5038,2,hs_social,Kimball,bike,4.97,14
5039,1,engineering,Ujamaa,bike,4.02,17
5040,3,hs_social,Sally Ride,bike,5.34,15
5041,3,hs_social,Otero,bike,5.6,15
5042,2,hs_social,Kappa Sigma,walk,1.65,17
5043,4,hs_natural,Toussaint,bike,5.73,14
5044,3,hs_interdisc,Otero,walk,1.56,14
5045,4,engineering,Okada,walk,1.32,13
5046,3,engineering,ZAP,bike,5.29,19
5047,1,engineering,Burbank,bike,4.31,16
5048,2,engineering,Faisan,bike,4.7,15
5049,1,engineering,Castano,bike,5.52,14
5050,1,engineering,Castano,bike,4.93,16
5051,2,hs_interdisc,Roble Hall,bike,4.85,16
5052,2,hs_humanities,Loro,bike,5.7,13
5053,2,engineering,Trancos,bike,5.77,16
5054,4,engineering,Pi Beta Phi,walk,1.4,12
5055,2,hs_humanities,Loro,bike,4.83,15
5056,1,hs_social,Ujamaa,walk,1.46,12
5057,3,hs_social,Govco Suites,bike,4.2,12
5058,4,hs_interdisc,Kimball,bike,5.06,16
5059,1,hs_social,Cardenal,bike,4.48,14
5060,3,engineering,Meier,bike,5.76,16
5061,2,hs_interdisc,Toyon,bike,5.78,18
5062,2,engineering,576 Alvarado,bike,4.65,15
5063,1,hs_social,Castano,bike,4.12,18
5064,1,hs_social,Soto,bike,4.7,14
5065,4,hs_interdisc,Synergy,bike,5.3,16
5066,3,engineering,Govco Suites,bike,5.76,15
5067,3,hs_social,Mirrielees,bike,4.36,12
5068,4,hs_humanities,Phi Kappa Psi,bike,4.14,14
5069,1,hs_interdisc,Otero,bike,4.83,15
5070,3,hs_interdisc,Robert Moore North,bike,5.15,16
5071,2,hs_interdisc,Roble Hall,bike,4.76,12
5072,3,engineering,Toyon,walk,1.36,12
5073,3,hs_interdisc,Alpha Phi/KKG,bike,4.7,15
5074,4,hs_social,Murray,bike,5.47,13
5075,3,hs_interdisc,Adams,walk,1.48,13
5076,3,engineering,Pi Beta Phi,electric,6.35,14
5077,2,engineering,Kappa Alpha,electric,6.7,12
5078,1,hs_interdisc,Branner,bike,4.28,14
5079,4,engineering,Warehaus,bike,4.32,17
5080,3,hs_interdisc,550 Lasuen,bike,4.05,16
5081,3,hs_humanities,Twain,bike,4.24,16
5082,1,hs_humanities,Mirlo,walk,1.39,12
5083,2,hs_humanities,Roble Hall,walk,1.55,14
5084,3,hs_social,EVGR,bike,4.66,16
5085,2,hs_interdisc,Potter,walk,1.7,16
5086,1,hs_humanities,Ujamaa,walk,1.67,17
5087,3,hs_social,Naranja,bike,5.32,16
5088,2,hs_interdisc,Enchanted Broccoli Forest,bike,4.24,17
5089,1,hs_interdisc,Castano,bike,5.11,15
5090,3,engineering,Okada,walk,1.53,15
5091,1,hs_social,Branner,bike,5.18,13
5092,4,hs_interdisc,Toyon,walk,1.41,14
5093,3,engineering,Ng,walk,1.6,13
5094,4,hs_interdisc,Govco Suites,walk,1.36,14
5095,1,hs_humanities,Ujamaa,bike,4.94,15
5096,3,engineering,Norcliffe,walk,1.67,14
5097,3,hs_humanities,Adelfa,walk,1.43,16
5098,2,engineering,Ujamaa,bike,5.33,16
5099,4,engineering,Casa Zapata,bike,5.31,15
5100,2,engineering,Murray,bike,4.7,17
5101,2,engineering,Kimball,walk,1.54,16
5102,3,engineering,Norcliffe,walk,1.34,15
5103,1,engineering,Schiff,bike,5.66,18
5104,2,engineering,Naranja,bike,4.84,14
5105,1,engineering,Schiff,bike,5.58,18
5106,4,engineering,Ujamaa,bike,4.39,13
5107,4,engineering,Kimball,walk,1.66,13
5108,4,engineering,Kappa Alpha,walk,1.62,13
5109,1,engineering,Donner,bike,5.49,15
5110,4,engineering,Mirrielees,bike,5.13,17
5111,2,hs_social,Cardenal,bike,5.02,14
5112,4,hs_interdisc,Mirrielees,bike,5.39,17
5113,2,hs_interdisc,aKDPhi/Chi Omega,bike,5.48,13
5114,3,hs_social,Enchanted Broccoli Forest,bike,4.86,12
5115,4,hs_social,Meier,bike,5.55,12
5116,4,hs_social,Narnia,walk,1.6,12
5117,4,engineering,EVGR,bike,4.23,16
5118,3,hs_social,Durand,bike,4.15,16
5119,4,hs_social,Ujamaa,bike,4.49,13
5120,1,engineering,Mirlo,bike,5.17,16
5121,2,hs_natural,Yost,walk,1.61,16
5122,3,engineering,Grove,walk,1.5,14
5123,3,engineering,Ng,bike,4.86,13
5124,3,engineering,Sally Ride,bike,4.68,18
5125,3,hs_social,576 Alvarado,bike,4.36,16
5126,4,engineering,Kimball,bike,5.03,15
5127,1,hs_natural,Cardenal,bike,4.68,15
5128,1,hs_social,Alondra,walk,1.41,17
5129,2,hs_interdisc,Junipero,bike,5.42,14
5130,1,engineering,Castano,bike,4.65,14
5131,2,hs_social,Ujamaa,electric,7.69,15
5132,2,hs_humanities,Robert Moore North,bike,4.11,12
5133,3,hs_social,EAST,bike,5.0,17
5134,3,engineering,Twain,bike,5.15,18
5135,3,engineering,Murray,bike,4.22,12
5136,2,engineering,Crothers Memorial,bike,4.07,12
5137,2,hs_humanities,Norcliffe,bike,5.53,15
5138,4,engineering,Adelfa,bike,4.97,14
5139,3,engineering,Gavilan,bike,5.13,14
5140,3,engineering,Casa Zapata,bike,4.67,14
5141,3,hs_natural,Trancos,bike,4.91,17
5142,1,hs_interdisc,West Lagunita,walk,1.59,15
5143,1,hs_social,Crothers,bike,5.12,17
5144,3,engineering,Kimball,bike,4.62,14
5145,2,engineering,Meier,bike,5.41,12
5146,3,hs_natural,Delta Delta Delta,bike,5.39,13
5147,4,hs_humanities,Toyon,electric,6.8,12
5148,1,hs_interdisc,Branner,walk,1.45,12
5149,1,hs_interdisc,Rinconada,bike,5.19,15
5150,4,hs_natural,Roble Hall,walk,1.51,17
5151,4,hs_natural,EVGR,bike,4.29,13
5152,1,engineering,Branner,bike,5.41,14
5153,4,hs_humanities,Faisan,walk,1.49,17
5154,3,engineering,550 Lasuen,bike,4.49,13
5155,2,engineering,Kappa Sigma,walk,1.64,13
5156,1,hs_social,Branner,walk,1.41,14
5157,4,engineering,Toyon,electric,7.33,13
5158,2,hs_interdisc,Kimball,bike,5.32,17
5159,2,hs_social,Roble Hall,bike,4.21,14
5160,2,hs_social,Roble Hall,bike,4.97,17
5161,3,hs_social,Mirrielees,bike,4.32,16
5162,2,hs_social,Terra,bike,4.49,15
5163,4,hs_interdisc,Xanadu,walk,1.37,15
5164,4,engineering,EVGR,bike,5.64,15
5165,3,engineering,Toyon,bike,4.18,17
5166,1,engineering,Cedro,bike,4.43,17
5167,1,hs_interdisc,Crothers,walk,1.5,17
5168,3,engineering,Potter,bike,4.38,13
5169,1,engineering,Mirlo,walk,1.51,15
5170,4,engineering,Twain,bike,4.42,12
5171,1,engineering,West Lagunita,walk,1.46,16
5172,2,engineering,Naranja,bike,5.78,13
5173,1,hs_natural,Lantana,walk,1.65,13
5174,3,engineering,Adams,bike,5.37,14
5175,3,hs_humanities,EVGR,walk,1.52,13
5176,4,hs_humanities,Narnia,bike,4.1,13
5177,3,hs_social,Kappa Alpha,bike,4.88,12
5178,2,hs_social,Roble Hall,bike,4.75,16
5179,4,engineering,Mirrielees,bike,4.63,15
5180,1,engineering,Crothers,walk,1.68,15
5181,4,hs_interdisc,Pi Beta Phi,bike,4.47,17
5182,4,hs_humanities,Twain,bike,4.91,15
5183,2,hs_interdisc,Loro,walk,1.34,12
5184,4,hs_natural,Delta Delta Delta,bike,4.9,17
5185,2,engineering,Roble Hall,bike,5.75,13
5186,1,engineering,Castano,electric,7.12,12
5187,3,hs_interdisc,Kimball,bike,4.52,15
5188,4,engineering,Pi Beta Phi,bike,4.67,15
5189,2,engineering,Yost,bike,4.88,14
5190,2,hs_humanities,Crothers Memorial,bike,5.08,16
5191,4,engineering,Roble Hall,bike,5.07,14
5192,4,engineering,Storey,bike,5.05,14
5193,4,hs_social,Adams,bike,5.28,16
5194,2,hs_natural,Adams,bike,5.23,17
5195,1,hs_social,Castano,walk,1.34,12
5196,2,engineering,Robert Moore North,bike,5.25,15
5197,1,hs_natural,Rinconada,bike,4.64,12
5198,3,engineering,Govco Suites,bike,4.84,14
5199,3,hs_social,Roble Hall,electric,6.52,20
5200,3,hs_humanities,Neptune,bike,4.74,13
5201,4,hs_interdisc,Durand,bike,4.39,16
5202,3,hs_social,Terra,bike,4.62,16
5203,1,engineering,Rinconada,bike,5.63,12
5204,4,hs_interdisc,Yost,bike,5.78,14
5205,3,engineering,Kimball,walk,1.31,17
5206,1,hs_social,Burbank,bike,4.54,16
5207,2,hs_interdisc,Twain,walk,1.39,12
5208,4,hs_interdisc,Delta Delta Delta,bike,4.23,13
5209,1,hs_social,Castano,bike,5.36,19
5210,2,hs_interdisc,Roble Hall,bike,4.9,15
5211,3,engineering,Synergy,walk,1.59,15
5212,4,engineering,Toyon,walk,1.65,15
5213,2,engineering,Alpha Phi/KKG,bike,5.07,16
5214,2,engineering,Roble Hall,walk,1.7,13
5215,3,engineering,Adams,bike,5.36,14
5216,4,engineering,EVGR,bike,5.56,12
5217,2,hs_interdisc,Sigma Phi Epsilon,walk,1.47,18
5218,2,engineering,Junipero,bike,4.97,17
5219,1,engineering,Crothers,bike,5.13,18
5220,2,hs_social,Sally Ride,bike,5.09,18
5221,3,hs_humanities,EVGR,bike,4.17,14
5222,2,engineering,Roble Hall,walk,1.53,16
5223,2,hs_humanities,Trancos,bike,4.2,13
5224,1,hs_natural,Branner,walk,1.43,18
5225,4,hs_social,Narnia,bike,5.76,13
5226,4,hs_social,Roble Hall,bike,5.22,12
5227,3,hs_natural,EVGR,bike,4.97,17
5228,1,hs_social,Lantana,bike,4.94,16
5229,3,hs_interdisc,Loro,bike,4.72,13
5230,4,hs_interdisc,EAST,bike,5.02,15
5231,2,engineering,Yost,bike,4.95,12
5232,3,engineering,Mirrielees,bike,5.5,13
5233,2,hs_social,Crothers Memorial,electric,7.14,16
5234,2,hs_social,Ujamaa,bike,5.66,18
5235,1,engineering,Cedro,bike,5.17,13
5236,1,engineering,Castano,bike,4.22,15
5237,4,engineering,Mirrielees,bike,4.92,17
5238,3,engineering,Enchanted Broccoli Forest,walk,1.5,16
5239,3,engineering,Terra,electric,6.13,17
5240,1,hs_humanities,Larkin,walk,1.54,14
5241,1,hs_natural,Soto,walk,1.68,16
5242,1,hs_interdisc,Alondra,bike,4.56,17
5243,4,engineering,Sally Ride,bike,5.51,12
5244,1,hs_natural,Mirlo,bike,5.04,12
5245,1,hs_humanities,Lantana,walk,1.61,15
5246,2,hs_interdisc,Ujamaa,walk,1.5,15
5247,3,hs_social,Norcliffe,bike,4.49,12
5248,1,hs_interdisc,Mirlo,bike,4.08,13
5249,2,hs_interdisc,Toyon,bike,5.75,12
5250,1,hs_natural,Cardenal,walk,1.33,18
5251,2,hs_interdisc,Crothers Memorial,electric,7.02,15
5252,1,hs_interdisc,Burbank,walk,1.52,12
5253,2,hs_natural,Toyon,bike,4.38,16
5254,3,engineering,Mirrielees,walk,1.31,13
5255,1,engineering,Branner,bike,4.08,17
5256,1,engineering,Lantana,bike,5.38,14
5257,3,engineering,Paloma,bike,4.64,15
5258,1,hs_social,Lantana,bike,5.76,12
5259,1,engineering,Schiff,bike,5.76,17
5260,3,hs_social,Murray,bike,4.97,16
5261,4,hs_interdisc,Faisan,bike,4.42,16
5262,2,hs_interdisc,Kimball,walk,1.45,12
5263,3,hs_interdisc,Okada,walk,1.41,12
5264,4,engineering,Faisan,walk,1.54,17
5265,3,hs_social,Ujamaa,bike,5.74,15
5266,3,hs_interdisc,Adams,bike,4.01,17
5267,3,hs_humanities,Cardenal,bike,4.01,13
5268,4,hs_social,Kimball,electric,6.51,16
5269,3,hs_natural,Roble Hall,bike,5.13,12
5270,4,engineering,Kimball,bike,4.34,12
5271,2,hs_interdisc,Toyon,bike,5.24,17
5272,2,hs_social,Phi Kappa Psi,bike,5.07,14
5273,2,hs_interdisc,Ujamaa,walk,1.55,14
5274,1,hs_natural,Castano,bike,5.42,12
5275,4,hs_social,Toyon,bike,5.54,15
5276,3,engineering,Enchanted Broccoli Forest,walk,1.56,15
5277,1,engineering,Soto,bike,4.02,13
5278,3,hs_interdisc,Meier,bike,5.56,14
5279,2,engineering,Robert Moore North,bike,4.91,12
5280,1,hs_social,Potter,bike,5.23,13
5281,1,engineering,Burbank,bike,4.98,15
5282,2,hs_interdisc,Roble Hall,bike,4.14,13
5283,4,hs_interdisc,Sigma Phi Epsilon,bike,4.99,12
5284,3,engineering,Meier,bike,4.8,13
5285,4,engineering,Sigma Nu,bike,4.55,16
5286,2,hs_social,Kappa Alpha Theta,bike,4.2,13
5287,3,hs_social,Cardenal,walk,1.34,16
5288,3,hs_humanities,Okada,bike,4.67,14
5289,1,engineering,Castano,bike,5.16,14
5290,3,engineering,Ng,walk,1.36,13
5291,4,hs_humanities,Storey,bike,5.2,12
5292,3,engineering,EVGR,bike,4.42,14
5293,4,hs_humanities,Roble Hall,bike,4.56,15
5294,1,engineering,West Lagunita,bike,5.4,14
5295,2,hs_interdisc,Alpha Phi/KKG,bike,5.0,17
5296,1,hs_humanities,Lantana,bike,4.21,14
5297,3,hs_social,Mirrielees,bike,4.57,19
5298,2,hs_natural,Roble Hall,walk,1.68,12
5299,3,engineering,Kairos,bike,4.47,17
5300,1,hs_interdisc,Branner,bike,4.83,12
5301,3,hs_social,EVGR,bike,4.58,17
5302,1,engineering,Donner,bike,4.91,12
5303,3,hs_humanities,Loro,bike,4.13,13
5304,4,engineering,Kimball,bike,4.53,15
5305,4,hs_social,Roble Hall,bike,5.57,12
5306,3,hs_interdisc,Narnia,walk,1.59,13
5307,3,engineering,Gavilan,bike,5.17,17
5308,2,engineering,Trancos,bike,4.94,19
5309,2,engineering,Okada,bike,5.18,14
5310,4,engineering,680 Lomita,bike,4.38,13
5311,4,hs_humanities,Yost,bike,4.27,16
5312,2,hs_humanities,Sally Ride,walk,1.7,12
5313,1,hs_social,Arroyo,bike,4.35,16
5314,1,hs_natural,Lantana,bike,5.74,17
5315,4,hs_social,EVGR,bike,4.81,16
5316,1,hs_interdisc,Lantana,bike,4.11,13
5317,2,engineering,Roble Hall,bike,4.86,19
5318,3,hs_natural,Okada,bike,5.53,17
5319,4,hs_interdisc,Casa Zapata,walk,1.38,13
5320,4,engineering,Columbae,electric,6.03,13
5321,2,engineering,Naranja,bike,5.05,15
5322,3,engineering,Toyon,walk,1.62,14
5323,1,hs_interdisc,West Lagunita,bike,5.77,18
5324,2,hs_social,Potter,bike,5.54,14
5325,4,engineering,Mirrielees,bike,4.7,14
5326,3,hs_social,Crothers Memorial,bike,5.37,17
5327,2,hs_interdisc,Faisan,bike,4.26,14
5328,3,engineering,Crothers Memorial,bike,5.27,15
5329,3,engineering,Hammarskjold,bike,4.46,14
5330,4,engineering,EAST,walk,1.66,14
5331,4,hs_natural,Roth,walk,1.44,16
5332,4,hs_natural,EVGR,bike,4.87,15
5333,2,engineering,Kimball,walk,1.34,13
5334,3,hs_interdisc,Enchanted Broccoli Forest,bike,4.76,17
5335,3,engineering,Kappa Alpha,bike,4.47,13
5336,2,hs_interdisc,Kappa Alpha,bike,5.04,18
5337,1,hs_social,Cedro,walk,1.35,12
5338,1,hs_natural,Lantana,bike,5.0,15
5339,2,engineering,Naranja,bike,4.71,16
5340,2,engineering,Kimball,walk,1.6,16
5341,1,engineering,Otero,bike,4.7,15
5342,2,hs_interdisc,Kappa Sigma,bike,5.2,16
5343,2,hs_natural,Phi Kappa Psi,bike,4.22,17
5344,1,hs_interdisc,Soto,bike,4.86,12
5345,4,engineering,Crothers Memorial,bike,4.42,14
5346,1,engineering,Donner,electric,7.66,13
5347,1,hs_social,West Lagunita,bike,4.89,13
5348,1,hs_natural,Potter,bike,5.73,13
5349,1,hs_social,Cedro,walk,1.36,14
5350,1,hs_interdisc,Branner,bike,5.09,12
5351,4,engineering,Ujamaa,walk,1.43,15
5352,1,hs_social,Otero,walk,1.3,15
5353,4,engineering,Pi Beta Phi,walk,1.55,12
5354,1,engineering,Cedro,bike,5.6,15
5355,4,hs_social,Terra,walk,1.41,13
5356,1,engineering,Branner,bike,5.24,16
5357,4,hs_social,Trancos,bike,5.34,18
5358,4,hs_interdisc,Toussaint,bike,4.69,14
5359,1,engineering,Cardenal,walk,1.66,13
5360,1,hs_interdisc,Castano,walk,1.32,14
5361,2,hs_interdisc,Otero,walk,1.31,13
5362,4,hs_interdisc,Pi Beta Phi,bike,4.38,12
5363,3,hs_social,Mirrielees,walk,1.52,17
5364,3,engineering,Crothers Memorial,electric,6.93,13
5365,1,hs_interdisc,Alondra,walk,1.68,14
5366,1,hs_social,Castano,walk,1.52,16
5367,2,hs_social,Columbae,bike,5.04,12
5368,1,hs_interdisc,Crothers,walk,1.68,15
5369,2,engineering,Roble Hall,bike,4.7,16
5370,2,hs_humanities,Hammarskjold,walk,1.65,16
5371,2,engineering,Adams,electric,7.53,17
5372,4,engineering,Loro,bike,4.02,16
5373,1,engineering,Schiff,bike,4.44,17
5374,1,hs_social,Donner,walk,1.33,14
5375,2,hs_interdisc,Casa Zapata,electric,6.54,17
5376,3,engineering,Okada,bike,5.0,13
5377,2,hs_natural,Roble Hall,bike,4.05,14
5378,1,engineering,Larkin,electric,6.69,12
5379,4,hs_natural,Terra,bike,4.76,13
5380,1,hs_social,Cedro,electric,7.12,14
5381,4,doerr,Mirrielees,bike,4.62,15
5382,3,engineering,Crothers Memorial,walk,1.37,13
5383,4,hs_social,Burbank,bike,4.79,14
5384,4,engineering,EVGR,walk,1.59,15
5385,4,engineering,Kimball,walk,1.35,15
5386,1,hs_interdisc,Branner,bike,5.28,14
5387,3,hs_social,Alpha Phi/KKG,bike,5.32,14
5388,3,hs_natural,Govco Suites,bike,4.75,15
5389,3,hs_social,Casa Zapata,walk,1.51,16
5390,2,hs_humanities,Trancos,bike,5.5,15
5391,2,engineering,Adams,walk,1.6,13
5392,1,hs_interdisc,Soto,bike,5.74,12
5393,1,hs_natural,Crothers,bike,4.24,14
5394,3,hs_social,Crothers Memorial,bike,5.53,17
5395,4,hs_natural,Toussaint,bike,5.46,13
5396,3,engineering,Ng,bike,5.78,12
5397,4,engineering,Sally Ride,bike,5.73,12
5398,4,hs_natural,Mirrielees,bike,4.7,14
5399,1,engineering,Castano,walk,1.41,16
5400,1,engineering,Castano,walk,1.57,15
5401,3,hs_social,EVGR,bike,4.08,12
5402,3,hs_interdisc,Govco Suites,walk,1.69,14
5403,4,hs_interdisc,Paloma,bike,4.4,14
5404,4,engineering,Loro,bike,5.11,13
5405,1,hs_natural,Castano,bike,4.08,14
5406,3,engineering,Terra,bike,4.69,15
5407,4,engineering,680 Lomita,walk,1.31,14
5408,3,hs_social,Trancos,electric,7.53,13
5409,1,hs_interdisc,Robinson,walk,1.31,15
5410,3,hs_social,Storey,electric,7.68,13
5411,3,engineering,EVGR,bike,4.45,16
5412,2,doerr,Burbank,bike,5.7,13
5413,2,hs_interdisc,Twain,walk,1.4,17
5414,1,engineering,Robinson,bike,5.08,13
5415,1,hs_interdisc,Mirlo,electric,6.35,12
5416,3,hs_natural,Mirrielees,bike,5.06,15
5417,3,engineering,Roble Hall,bike,5.04,15
5418,4,engineering,Mirrielees,bike,4.26,15
5419,4,engineering,EVGR,bike,4.64,14
5420,2,engineering,Twain,bike,4.06,12
5421,3,hs_social,Kairos,bike,4.39,15
5422,2,hs_humanities,Columbae,bike,4.83,15
5423,2,hs_social,Kimball,walk,1.51,14
5424,2,hs_interdisc,Okada,walk,1.38,16
5425,4,engineering,Mars,walk,1.55,15
5426,4,hs_social,680 Lomita,walk,1.63,14
5427,3,hs_social,Robert Moore North,bike,5.28,14
5428,2,engineering,Naranja,bike,5.25,13
5429,3,engineering,Roble Hall,bike,4.39,15
5430,3,engineering,Toyon,bike,4.87,15
5431,4,hs_interdisc,EVGR,bike,4.42,16
5432,3,engineering,Roble Hall,walk,1.39,13
5433,4,hs_natural,Trancos,bike,4.06,12
5434,3,hs_social,Norcliffe,bike,5.51,12
5435,4,engineering,EVGR,bike,4.74,16
5436,3,hs_natural,Govco Suites,bike,5.53,13
5437,2,engineering,Delta Delta Delta,bike,4.78,16
5438,4,engineering,Roble Hall,bike,4.14,17
5439,4,engineering,Govco Suites,electric,6.45,16
5440,1,hs_social,Donner,bike,5.4,15
5441,3,hs_natural,EVGR,bike,4.07,14
5442,4,hs_interdisc,Durand,bike,4.9,13
5443,4,engineering,Potter,bike,4.7,14
5444,1,hs_social,Larkin,bike,4.92,13
5445,2,engineering,Sally Ride,bike,4.55,14
5446,3,engineering,Neptune,bike,4.78,17
5447,1,engineering,Arroyo,bike,4.14,20
5448,3,engineering,Alpha Phi/KKG,bike,4.48,12
5449,3,hs_social,Twain,bike,5.06,16
5450,2,hs_social,Yost,bike,4.48,13
5451,2,hs_social,Toyon,bike,5.32,13
5452,1,hs_natural,Robinson,walk,1.35,12
5453,2,hs_social,Roble Hall,walk,1.42,15
5454,4,hs_natural,Potter,bike,5.55,16
5455,3,engineering,Synergy,bike,4.87,13
5456,2,hs_social,Toyon,bike,5.77,18
5457,1,engineering,Ujamaa,bike,5.39,15
5458,2,engineering,Roble Hall,bike,4.94,15
5459,2,hs_interdisc,Burbank,electric,6.08,13
5460,1,hs_natural,Arroyo,walk,1.39,13
5461,4,engineering,Ng,bike,5.11,15
5462,1,hs_interdisc,Castano,bike,4.49,12
5463,3,hs_interdisc,Govco Suites,electric,7.56,17
5464,4,engineering,Storey,bike,5.01,12
5465,3,hs_social,Mirrielees,bike,4.46,13
5466,3,engineering,Durand,bike,4.53,14
5467,3,doerr,Kimball,bike,5.15,15
5468,4,hs_natural,Ng,bike,5.29,15
5469,4,hs_social,Govco Suites,bike,4.32,16
5470,3,hs_natural,Neptune,walk,1.56,13
5471,2,doerr,Otero,walk,1.46,12
5472,1,engineering,West Lagunita,bike,4.28,15
5473,4,hs_interdisc,Ujamaa,bike,4.39,12
5474,4,engineering,Cardenal,walk,1.32,15
5475,2,hs_social,Potter,bike,5.67,16
5476,4,hs_interdisc,Otero,walk,1.6,12
5477,2,hs_interdisc,Adelfa,walk,1.34,19
5478,1,engineering,Soto,bike,5.77,14
5479,4,engineering,Kimball,bike,5.57,15
5480,2,hs_interdisc,Casa Zapata,bike,5.65,15
5481,2,hs_interdisc,Roble Hall,walk,1.46,14
5482,4,engineering,Govco Suites,bike,5.67,17
5483,1,hs_interdisc,Potter,bike,4.15,13
5484,4,engineering,Norcliffe,bike,4.71,13
5485,1,hs_social,Crothers,bike,4.03,15
5486,2,hs_social,Crothers Memorial,bike,4.54,14
5487,3,engineering,EVGR,bike,4.0,12
5488,1,hs_natural,Robinson,bike,5.5,13
5489,3,engineering,Jerry,walk,1.31,14
5490,3,doerr,EVGR,bike,5.48,12
5491,3,engineering,Terra,walk,1.63,14
5492,2,hs_natural,Casa Zapata,electric,7.9,12
5493,3,engineering,Twain,bike,4.02,14
5494,2,hs_social,Toyon,walk,1.39,13
5495,1,engineering,Alondra,bike,4.05,17
5496,3,engineering,EVGR,bike,5.17,17
5497,1,hs_interdisc,Castano,bike,4.26,19
5498,2,hs_interdisc,Muwekma-Tah-Ruk,bike,4.81,13
5499,4,engineering,Okada,bike,4.58,15
5500,1,hs_natural,Rinconada,walk,1.46,12
5501,3,engineering,Kappa Alpha,bike,4.91,18
5502,4,hs_interdisc,Sally Ride,walk,1.35,13
5503,2,hs_social,Crothers Memorial,bike,4.14,15
5504,2,hs_interdisc,Crothers Memorial,walk,1.53,15
5505,2,engineering,Ng,walk,1.41,13
5506,3,hs_humanities,Govco Suites,walk,1.39,14
5507,2,hs_interdisc,Toyon,bike,4.01,15
5508,1,engineering,Alondra,bike,4.73,17
5509,1,hs_humanities,Alondra,bike,5.03,17
5510,1,engineering,Otero,bike,4.95,14
5511,3,engineering,Toyon,bike,4.72,14
5512,1,engineering,Schiff,walk,1.69,18
5513,1,hs_interdisc,Potter,bike,4.86,17
5514,1,hs_interdisc,Rinconada,bike,5.6,17
5515,1,hs_natural,Soto,bike,5.66,12
5516,4,engineering,Loro,bike,5.77,15
5517,2,hs_interdisc,Burbank,bike,5.74,14
5518,3,hs_interdisc,Murray,bike,4.99,14
5519,3,hs_humanities,Crothers Memorial,electric,7.1,14
5520,1,engineering,West Lagunita,bike,5.36,16
5521,2,hs_interdisc,Hammarskjold,bike,4.39,14
5522,1,hs_interdisc,Crothers,walk,1.63,15
5523,4,hs_social,Adams,walk,1.51,16
5524,2,hs_humanities,Trancos,bike,4.03,12
5525,2,engineering,Enchanted Broccoli Forest,bike,4.37,14
5526,3,engineering,Alpha Phi/KKG,bike,4.81,15
5527,3,hs_social,Potter,walk,1.56,12
5528,4,engineering,Pluto,electric,6.69,13
5529,1,hs_interdisc,Muwekma-Tah-Ruk,electric,6.82,12
5530,4,engineering,Govco Suites,walk,1.69,19
5531,3,engineering,EVGR,walk,1.5,12
5532,2,engineering,Gavilan,electric,7.62,17
5533,3,hs_social,Trancos,bike,5.55,17
5534,4,hs_humanities,Sally Ride,electric,7.77,16
5535,1,hs_social,Potter,walk,1.5,15
5536,2,engineering,Crothers Memorial,bike,4.13,18
5537,3,hs_humanities,EVGR,bike,4.97,14
5538,2,hs_interdisc,Potter,walk,1.43,15
5539,3,hs_humanities,Roble Hall,walk,1.52,12
5540,4,hs_interdisc,Meier,bike,4.89,13
5541,1,engineering,Branner,bike,4.44,12
5542,3,hs_interdisc,Meier,electric,7.27,13
5543,2,hs_interdisc,EAST,bike,4.09,17
5544,4,hs_natural,Otero,walk,1.34,14
5545,1,hs_social,Branner,bike,5.6,15
5546,4,hs_humanities,Alpha Phi/KKG,bike,5.01,14
5547,4,hs_interdisc,ZAP,bike,4.52,15
5548,4,engineering,Norcliffe,electric,6.67,12
5549,1,hs_social,Cedro,walk,1.33,13
5550,3,engineering,EAST,bike,5.71,15
5551,3,hs_humanities,Kappa Alpha Theta,bike,5.42,14
5552,3,hs_interdisc,Crothers Memorial,bike,5.39,14
5553,2,engineering,Crothers Memorial,bike,4.05,15
5554,1,hs_humanities,Casa Zapata,walk,1.33,14
5555,1,hs_social,Arroyo,bike,5.53,16
5556,2,hs_interdisc,Yost,bike,4.27,16
5557,2,engineering,EAST,bike,4.71,17
5558,2,hs_humanities,Crothers Memorial,bike,4.3,18
5559,1,hs_interdisc,Mirlo,walk,1.41,16
5560,2,engineering,Ujamaa,bike,5.27,18
5561,3,engineering,Toyon,bike,5.39,18
5562,3,hs_interdisc,Neptune,bike,5.35,14
5563,2,engineering,Yost,bike,5.2,14
5564,3,hs_interdisc,EAST,walk,1.39,14
5565,1,engineering,Lantana,bike,5.66,15
5566,1,hs_interdisc,Branner,bike,4.67,12
5567,2,hs_interdisc,Robert Moore North,walk,1.68,13
5568,1,hs_social,Larkin,bike,4.98,14
5569,1,hs_humanities,Rinconada,bike,5.42,12
5570,4,hs_interdisc,ZAP,bike,4.81,15
5571,3,engineering,Grove,bike,5.51,16
5572,1,engineering,Mirlo,bike,5.57,16
5573,4,hs_interdisc,Trancos,electric,6.16,15
5574,2,engineering,Roble Hall,bike,4.83,15
5575,2,engineering,Kappa Sigma,bike,5.44,12
5576,1,hs_social,Branner,bike,4.98,14
5577,4,engineering,Terra,bike,5.38,16
5578,3,engineering,ZAP,bike,5.59,16
5579,4,engineering,Neptune,bike,5.2,17
5580,3,hs_social,Faisan,walk,1.53,13
5581,1,hs_social,Soto,walk,1.32,15
5582,3,hs_natural,Twain,walk,1.64,13
5583,4,hs_social,Cardenal,bike,4.32,14
5584,2,hs_interdisc,Alpha Phi/KKG,walk,1.48,12
5585,2,hs_interdisc,576 Alvarado,bike,4.92,12
5586,1,engineering,West Lagunita,walk,1.39,15
5587,3,hs_interdisc,Govco Suites,bike,5.12,17
5588,1,hs_social,Alondra,bike,5.24,16
5589,3,hs_natural,Casa Zapata,bike,4.12,12
5590,4,engineering,Govco Suites,bike,5.55,13
5591,3,engineering,Potter,bike,5.35,18
5592,3,hs_social,Toyon,bike,5.39,14
5593,1,hs_interdisc,Mirlo,bike,4.44,13
5594,3,doerr,Twain,bike,5.2,14
5595,2,engineering,Okada,bike,4.21,13
5596,2,engineering,Roble Hall,bike,5.68,14
5597,4,engineering,Trancos,bike,5.66,13
5598,3,engineering,Mirrielees,bike,5.55,15
5599,1,hs_social,Schiff,bike,4.49,12
5600,2,hs_social,576 Alvarado,bike,4.01,12
5601,2,hs_humanities,Adams,bike,5.68,18
5602,3,hs_natural,Phi Kappa Psi,walk,1.61,15
5603,4,hs_social,Roth,bike,4.45,16
5604,1,hs_natural,Schiff,bike,5.45,15
5605,1,hs_interdisc,Castano,walk,1.51,19
5606,4,hs_interdisc,Toussaint,walk,1.39,19
5607,4,hs_social,Otero,bike,4.08,13
5608,2,hs_interdisc,Roble Hall,walk,1.44,17
5609,2,hs_interdisc,Synergy,walk,1.41,13
5610,3,hs_humanities,Ujamaa,bike,4.88,16
5611,3,hs_interdisc,Loro,walk,1.42,13
5612,1,engineering,Robinson,bike,5.76,14
5613,4,hs_social,Mirrielees,bike,4.83,15
5614,3,hs_natural,Mirrielees,bike,5.03,12
5615,3,hs_social,Sigma Phi Epsilon,walk,1.69,16
5616,1,engineering,Branner,bike,4.07,16
5617,1,engineering,Muwekma-Tah-Ruk,bike,4.12,13
5618,3,hs_interdisc,Naranja,bike,4.26,16
5619,4,hs_interdisc,Crothers Memorial,walk,1.59,12
5620,2,engineering,Faisan,bike,4.2,18
5621,1,hs_humanities,Cedro,walk,1.38,12
5622,3,engineering,Crothers Memorial,bike,4.5,17
5623,2,hs_social,Ng,walk,1.35,17
5624,3,hs_social,Hammarskjold,bike,4.86,14
5625,4,engineering,Synergy,walk,1.31,12
5626,4,hs_humanities,680 Lomita,bike,4.06,13
5627,1,hs_humanities,Alondra,walk,1.53,17
5628,1,hs_social,Cardenal,bike,4.96,17
5629,1,hs_interdisc,Rinconada,bike,4.75,17
5630,3,hs_social,Xanadu,bike,4.11,14
5631,3,hs_interdisc,Trancos,walk,1.49,14
5632,2,engineering,Trancos,bike,5.26,15
5633,3,engineering,Narnia,bike,4.81,16
5634,2,hs_interdisc,Junipero,bike,5.19,16
5635,3,engineering,Kimball,bike,4.09,14
5636,4,hs_social,Crothers Memorial,bike,4.69,14
5637,3,hs_interdisc,Cardenal,walk,1.47,17
5638,3,hs_natural,Ujamaa,bike,5.08,14
5639,3,engineering,Casa Zapata,bike,5.63,14
5640,3,hs_interdisc,Toussaint,bike,4.01,18
5641,4,hs_natural,Grove,bike,5.44,12
5642,1,hs_interdisc,Arroyo,bike,5.09,13
5643,1,engineering,Soto,bike,5.59,14
5644,3,hs_natural,Ng,bike,4.77,14
5645,1,engineering,Robinson,bike,4.21,16
5646,3,engineering,Yost,walk,1.69,15
5647,3,hs_interdisc,Murray,bike,5.2,19
5648,1,engineering,Lantana,bike,5.66,15
5649,2,engineering,Adams,walk,1.45,12
5650,3,engineering,Yost,bike,4.03,14
5651,3,hs_interdisc,Jerry,walk,1.31,16
5652,1,engineering,Okada,bike,4.21,15
5653,1,hs_natural,West Lagunita,bike,5.2,16
5654,4,engineering,EVGR,walk,1.37,13
5655,2,hs_interdisc,Sally Ride,bike,4.95,15
5656,2,hs_social,Phi Kappa Psi,bike,4.64,16
5657,1,hs_interdisc,Crothers,bike,4.25,14
5658,1,engineering,Potter,bike,4.78,18
5659,3,hs_social,680 Lomita,bike,5.02,17
5660,2,hs_humanities,Potter,bike,4.41,15
5661,4,engineering,Junipero,bike,4.01,12
5662,2,engineering,Crothers Memorial,bike,4.31,14
5663,4,engineering,Kimball,walk,1.31,15
5664,2,engineering,Kimball,walk,1.57,14
5665,3,hs_interdisc,Roble Hall,bike,4.01,17
5666,2,hs_interdisc,Norcliffe,bike,5.26,13
5667,2,engineering,Faisan,walk,1.54,19
5668,4,hs_interdisc,Pluto,bike,4.24,16
5669,2,engineering,Sigma Phi Epsilon,walk,1.67,18
5670,4,hs_interdisc,Kappa Alpha,bike,4.72,17
5671,2,hs_interdisc,Terra,bike,5.48,14
5672,1,hs_interdisc,Donner,bike,4.01,12
5673,4,hs_interdisc,Trancos,walk,1.67,16
5674,3,engineering,EVGR,bike,4.94,15
5675,2,engineering,Toyon,bike,4.99,17
5676,2,hs_natural,Crothers Memorial,electric,6.41,15
5677,3,engineering,Gavilan,bike,4.55,12
5678,1,engineering,Schiff,bike,4.74,15
5679,2,engineering,Sally Ride,bike,4.67,13
5680,4,engineering,EVGR,walk,1.69,13
5681,3,engineering,EVGR,bike,5.31,15
5682,3,hs_social,Toyon,bike,5.38,15
5683,1,engineering,Cardenal,bike,5.14,14
5684,4,hs_interdisc,Toyon,bike,5.43,19
5685,2,hs_interdisc,Kimball,bike,4.63,15
5686,1,engineering,Branner,bike,4.28,16
5687,4,hs_interdisc,Mirrielees,electric,7.19,13
5688,1,hs_social,Arroyo,bike,4.19,15
5689,2,hs_social,Terra,bike,4.56,13
5690,3,hs_interdisc,Roble Hall,bike,5.64,13
5691,1,hs_social,Cedro,bike,5.34,15
5692,3,hs_natural,Norcliffe,walk,1.55,14
5693,4,engineering,Roble Hall,bike,4.14,14
5694,1,doerr,Otero,bike,5.34,12
5695,1,engineering,Casa Zapata,walk,1.51,12
5696,3,engineering,Kimball,walk,1.7,17
5697,2,hs_interdisc,Kimball,bike,4.61,14
5698,3,hs_natural,Govco Suites,walk,1.6,15
5699,4,hs_humanities,Neptune,bike,4.53,12
5700,4,engineering,Delta Delta Delta,walk,1.4,15
5701,2,hs_social,Burbank,bike,5.05,15
5702,1,engineering,Soto,bike,4.81,18
5703,4,engineering,Faisan,electric,7.62,17
5704,4,engineering,Govco Suites,bike,4.87,17
5705,4,engineering,Grove,bike,4.97,15
5706,1,hs_humanities,West Lagunita,bike,5.08,12
5707,1,engineering,Branner,bike,4.27,19
5708,3,hs_natural,Burbank,walk,1.59,14
5709,3,engineering,Mirrielees,bike,5.5,16
5710,3,engineering,Jerry,bike,4.19,14
5711,1,hs_humanities,Ujamaa,bike,5.37,16
5712,4,engineering,Ng,bike,5.46,18
5713,4,hs_social,Ng,walk,1.48,15
5714,3,engineering,Toyon,bike,4.43,15
5715,2,hs_interdisc,Toyon,walk,1.6,13
5716,2,hs_natural,576 Alvarado,bike,4.15,13
5717,2,engineering,Twain,bike,4.26,17
5718,3,hs_social,Govco Suites,bike,5.04,14
5719,2,hs_interdisc,Cardenal,walk,1.36,12
5720,2,engineering,Otero,bike,5.17,16
5721,4,hs_natural,BOB,bike,4.32,13
5722,4,hs_interdisc,Delta Delta Delta,walk,1.36,12
5723,1,hs_interdisc,Ujamaa,bike,5.55,12
5724,2,hs_interdisc,Roble Hall,electric,6.55,16
5725,2,hs_interdisc,Adams,bike,4.46,15
5726,3,engineering,Mirrielees,bike,4.19,14
5727,1,engineering,Rinconada,bike,4.24,14
5728,4,hs_interdisc,Sally Ride,bike,4.18,12
5729,4,hs_interdisc,Murray,bike,4.72,15
5730,4,hs_social,Roth,walk,1.41,13
5731,1,hs_natural,Potter,bike,5.6,13
5732,4,hs_interdisc,Kappa Alpha,bike,4.23,14
5733,4,engineering,680 Lomita,bike,5.09,17
5734,1,hs_interdisc,Okada,bike,4.63,14
5735,4,hs_humanities,Govco Suites,bike,5.69,18
5736,3,engineering,Toyon,walk,1.66,14
5737,2,doerr,Alpha Phi/KKG,bike,5.28,15
5738,2,hs_social,Kappa Sigma,bike,4.47,12
5739,3,engineering,Potter,bike,5.0,14
5740,2,engineering,Paloma,bike,4.51,15
5741,2,hs_social,Kimball,bike,5.26,17
5742,2,engineering,Norcliffe,bike,5.07,12
5743,2,hs_interdisc,Junipero,walk,1.35,12
5744,1,hs_humanities,Alondra,walk,1.36,13
5745,2,engineering,Burbank,walk,1.62,14
5746,3,engineering,Adelfa,electric,6.17,13
5747,2,engineering,Roble Hall,bike,4.58,16
5748,2,hs_interdisc,Hammarskjold,bike,4.5,17
5749,3,engineering,Mirrielees,bike,4.45,16
5750,1,engineering,Otero,bike,4.88,19
5751,1,hs_social,Otero,bike,4.78,17
5752,4,engineering,EVGR,bike,4.23,12
5753,3,engineering,Roble Hall,bike,4.17,12
5754,2,hs_interdisc,Meier,bike,4.72,15
5755,1,hs_interdisc,Crothers,bike,4.77,15
5756,2,hs_interdisc,Ujamaa,bike,5.72,15
5757,1,hs_interdisc,Alondra,bike,4.06,16
5758,4,engineering,Junipero,bike,4.47,14
5759,3,hs_natural,EAST,walk,1.48,17
5760,3,hs_social,Mirrielees,walk,1.69,12
5761,1,engineering,Potter,bike,4.01,17
5762,3,hs_natural,Govco Suites,bike,4.84,16
5763,1,hs_interdisc,Okada,bike,5.18,14
5764,1,hs_social,Robinson,bike,5.53,15
5765,2,engineering,Potter,walk,1.37,14
5766,2,hs_interdisc,Kappa Alpha,bike,5.15,14
5767,3,engineering,Mirrielees,bike,5.03,14
5768,4,hs_interdisc,Toyon,bike,5.4,17
5769,4,hs_natural,Crothers Memorial,bike,5.63,15
5770,2,engineering,Ujamaa,bike,5.36,13
5771,1,hs_interdisc,Robinson,bike,4.73,12
5772,4,hs_social,Trancos,bike,4.8,14
5773,4,doerr,Kappa Sigma,bike,4.72,15
5774,3,hs_humanities,Mirrielees,bike,4.72,15
5775,3,hs_interdisc,Faisan,bike,4.54,16
5776,4,hs_social,Adams,bike,5.02,16
5777,1,hs_interdisc,Burbank,walk,1.59,15
5778,4,hs_humanities,Xanadu,bike,4.86,15
5779,1,hs_interdisc,Lantana,bike,5.45,16
5780,2,hs_social,Potter,bike,4.15,14
5781,3,hs_interdisc,Kimball,bike,4.54,16
5782,1,engineering,Mirlo,walk,1.35,13
5783,4,hs_interdisc,Pi Beta Phi,bike,4.1,17
5784,1,hs_natural,Rinconada,bike,5.34,14
5785,4,hs_interdisc,Kimball,bike,4.18,14
5786,3,engineering,Mirrielees,electric,6.15,12
5787,2,engineering,Burbank,bike,4.08,17
5788,2,engineering,Columbae,bike,4.71,13
5789,4,hs_social,576 Alvarado,bike,4.97,12
5790,3,hs_interdisc,680 Lomita,bike,5.36,13
5791,1,hs_social,Ujamaa,walk,1.66,17
5792,3,engineering,Synergy,bike,4.55,14
5793,3,hs_interdisc,Toyon,bike,4.74,12
5794,2,engineering,Adams,walk,1.61,14
5795,4,hs_interdisc,Faisan,bike,4.42,17
5796,4,engineering,Roble Hall,walk,1.46,14
5797,1,engineering,Cardenal,bike,4.63,12
5798,1,hs_natural,Potter,bike,4.84,15
5799,4,engineering,550 Lasuen,bike,5.4,14
5800,2,hs_interdisc,Roble Hall,bike,4.28,18
5801,3,hs_humanities,Mars,bike,4.42,12
5802,3,hs_interdisc,Govco Suites,bike,4.31,12
5803,2,engineering,Crothers Memorial,walk,1.46,17
5804,4,hs_natural,Paloma,bike,4.86,13
5805,3,engineering,Kimball,electric,7.84,12
5806,3,hs_interdisc,Storey,bike,4.22,17
5807,3,engineering,Govco Suites,bike,4.44,14
5808,3,hs_interdisc,Crothers Memorial,bike,5.79,14
5809,3,engineering,Meier,bike,5.15,18
5810,2,engineering,Paloma,walk,1.36,13
5811,4,hs_interdisc,Mirrielees,bike,4.14,12
5812,1,engineering,Lantana,walk,1.57,17
5813,3,hs_interdisc,Warehaus,bike,5.57,12
5814,2,hs_interdisc,Meier,walk,1.62,13
5815,4,engineering,Otero,walk,1.62,15
5816,4,hs_humanities,Kimball,bike,5.43,15
5817,3,hs_interdisc,Kappa Alpha Theta,electric,6.21,16
5818,4,engineering,Neptune,bike,4.43,16
5819,1,engineering,Schiff,walk,1.46,14
5820,2,hs_interdisc,Okada,bike,4.57,14
5821,4,hs_social,Synergy,bike,4.77,13
5822,2,hs_natural,Sigma Phi Epsilon,bike,4.68,16
5823,3,engineering,Twain,walk,1.46,15
5824,2,hs_interdisc,Kimball,walk,1.6,12
5825,4,hs_social,Govco Suites,walk,1.55,16
5826,3,hs_interdisc,Burbank,bike,5.34,14
5827,3,hs_natural,Casa Zapata,bike,5.6,15
5828,2,hs_interdisc,Roble Hall,bike,5.13,17
5829,2,engineering,Roble Hall,walk,1.7,13
5830,1,hs_social,Crothers,bike,5.67,15
5831,1,engineering,Cedro,bike,4.21,14
5832,4,engineering,ZAP,walk,1.54,14
5833,2,hs_interdisc,Okada,bike,5.34,14
5834,3,hs_humanities,Sally Ride,bike,5.44,15
5835,3,engineering,BOB,bike,4.04,17
5836,3,engineering,Durand,bike,4.06,14
5837,4,engineering,Mirrielees,bike,4.14,13
5838,2,hs_social,Sally Ride,walk,1.35,17
5839,2,hs_humanities,Delta Delta Delta,bike,4.97,16
5840,3,engineering,Okada,bike,5.66,19
5841,4,hs_social,Kappa Sigma,walk,1.43,13
5842,3,hs_interdisc,EAST,bike,4.93,18
5843,1,hs_social,Muwekma-Tah-Ruk,bike,4.79,18
5844,4,hs_social,Potter,walk,1.34,13
5845,3,engineering,Mars,bike,4.94,13
5846,2,engineering,Phi Kappa Psi,bike,4.17,14
5847,3,hs_interdisc,EVGR,bike,4.08,14
5848,2,engineering,Phi Kappa Psi,bike,4.72,13
5849,2,engineering,Faisan,walk,1.46,16
5850,4,hs_social,EVGR,bike,4.54,15
5851,3,engineering,Muwekma-Tah-Ruk,bike,4.22,12
5852,1,hs_interdisc,Soto,walk,1.33,12
5853,3,engineering,Roble Hall,walk,1.42,15
5854,1,hs_interdisc,Soto,bike,4.15,17
5855,3,engineering,Ujamaa,bike,4.79,15
5856,3,engineering,Okada,bike,4.59,12
5857,2,engineering,Sally Ride,bike,4.91,17
5858,1,hs_humanities,Mirlo,bike,5.24,13
5859,4,engineering,EVGR,walk,1.63,14
5860,4,hs_natural,Storey,bike,4.39,12
5861,1,hs_social,Crothers,bike,4.44,13
5862,2,hs_interdisc,Crothers Memorial,bike,4.92,17
5863,3,hs_interdisc,EVGR,walk,1.46,13
5864,4,hs_interdisc,Crothers Memorial,bike,5.06,15
5865,1,hs_interdisc,Mirlo,bike,4.13,16
5866,3,doerr,Pluto,walk,1.39,12
5867,3,engineering,Jerry,bike,4.74,15
5868,4,hs_social,Crothers Memorial,bike,4.96,14
5869,3,hs_humanities,Toyon,bike,4.26,14
5870,1,engineering,Arroyo,bike,4.69,17
5871,3,engineering,Sally Ride,bike,4.69,12
5872,1,hs_interdisc,Soto,bike,4.07,14
5873,4,hs_interdisc,Crothers Memorial,walk,1.46,16
5874,4,hs_humanities,EVGR,bike,4.82,13
5875,1,hs_interdisc,Mirlo,walk,1.64,16
5876,4,engineering,Mirrielees,bike,4.13,13
5877,3,hs_interdisc,Xanadu,bike,5.66,17
5878,3,hs_humanities,Delta Delta Delta,bike,5.25,14
5879,3,hs_social,Cardenal,bike,4.07,15
5880,4,hs_humanities,680 Lomita,bike,4.71,14
5881,2,hs_social,Norcliffe,bike,4.16,13
5882,2,engineering,Kimball,bike,5.08,15
5883,3,engineering,EVGR,bike,5.59,16
5884,4,hs_social,Junipero,walk,1.4,12
5885,2,hs_social,Junipero,bike,4.69,16
5886,2,hs_natural,Murray,walk,1.44,15
5887,3,engineering,Crothers Memorial,bike,4.43,12
5888,3,engineering,Casa Zapata,bike,5.02,12
5889,1,hs_interdisc,Schiff,bike,4.08,13
5890,3,engineering,EVGR,electric,6.72,15
5891,3,engineering,Roble Hall,electric,6.26,17
5892,3,engineering,Alpha Phi/KKG,bike,4.21,13
5893,2,hs_social,Roble Hall,bike,5.43,20
5894,1,hs_natural,Schiff,walk,1.4,14
5895,4,hs_interdisc,Phi Kappa Psi,walk,1.33,16
5896,4,hs_interdisc,Kimball,walk,1.69,15
5897,1,hs_social,Okada,walk,1.61,12
5898,3,engineering,Mirrielees,bike,5.72,14
5899,4,hs_interdisc,Trancos,walk,1.63,14
5900,3,hs_social,Toussaint,bike,5.12,14
5901,3,hs_interdisc,Warehaus,bike,4.93,14
5902,2,hs_natural,Phi Kappa Psi,bike,5.69,15
5903,4,hs_humanities,Trancos,electric,7.1,15
5904,4,engineering,Kimball,walk,1.55,17
5905,4,hs_natural,Mirrielees,bike,5.65,14
5906,3,engineering,Crothers Memorial,walk,1.34,12
5907,2,hs_humanities,Meier,bike,4.58,13
5908,1,hs_social,Otero,bike,5.49,13
5909,2,engineering,Ng,walk,1.61,12
5910,3,hs_natural,Trancos,walk,1.59,16
5911,2,hs_humanities,Ng,bike,4.06,12
5912,1,hs_interdisc,Schiff,bike,5.6,12
5913,4,engineering,Crothers Memorial,bike,4.58,12
5914,4,hs_natural,Crothers Memorial,bike,5.09,18
5915,4,hs_natural,Mirrielees,bike,4.19,15
5916,4,hs_social,Paloma,bike,4.16,15
5917,4,hs_humanities,EVGR,bike,5.12,18
5918,2,hs_humanities,Alpha Phi/KKG,bike,4.06,15
5919,3,hs_social,Mirrielees,walk,1.34,14
5920,3,hs_interdisc,Mirrielees,bike,5.32,15
5921,3,hs_interdisc,Phi Kappa Psi,bike,4.05,17
5922,2,hs_interdisc,Casa Zapata,bike,4.6,13
5923,3,hs_social,Roble Hall,walk,1.38,13
5924,1,hs_interdisc,Larkin,walk,1.57,13
5925,4,hs_interdisc,Kappa Alpha Theta,bike,4.92,13
5926,4,engineering,Toyon,bike,4.98,13
5927,4,engineering,Cardenal,bike,4.06,13
5928,1,engineering,Schiff,bike,4.07,15
5929,2,engineering,Burbank,bike,5.25,13
5930,1,engineering,Schiff,bike,5.65,13
5931,2,hs_social,Kimball,bike,5.31,14
5932,4,engineering,Otero,bike,5.34,16
5933,2,hs_natural,Toyon,bike,4.91,19
5934,3,engineering,Naranja,bike,5.31,18
5935,3,hs_interdisc,Roble Hall,bike,5.65,14
5936,4,hs_humanities,Kimball,bike,4.96,13
5937,4,engineering,Gavilan,bike,4.26,15
5938,1,hs_interdisc,Cedro,bike,4.17,12
5939,1,hs_social,Casa Zapata,bike,4.92,15
5940,4,hs_interdisc,Xanadu,bike,5.64,15
5941,3,hs_humanities,Toyon,walk,1.56,13
5942,2,engineering,Sally Ride,walk,1.6,15
5943,1,hs_natural,Mirlo,bike,5.67,16
5944,1,hs_humanities,Alondra,bike,4.83,14
5945,1,hs_natural,Larkin,bike,5.23,14
5946,2,doerr,576 Alvarado,bike,4.95,12
5947,3,engineering,Sally Ride,walk,1.68,15
5948,2,engineering,Kappa Sigma,bike,5.36,16
5949,4,engineering,Storey,bike,5.7,15
5950,3,hs_interdisc,Mirrielees,walk,1.33,18
5951,2,engineering,Casa Zapata,bike,5.14,13
5952,4,hs_natural,Toyon,walk,1.57,14
5953,1,hs_natural,Robinson,bike,4.92,14
5954,1,engineering,Larkin,electric,6.88,14
5955,4,hs_social,Gavilan,walk,1.56,15
5956,1,hs_interdisc,Okada,bike,5.01,17
5957,2,doerr,Twain,bike,5.33,17
5958,2,engineering,Kappa Sigma,bike,4.9,14
5959,4,engineering,Casa Zapata,bike,5.54,12
5960,1,hs_social,Alondra,bike,5.26,20
5961,2,hs_natural,Pi Beta Phi,bike,4.75,12
5962,2,engineering,Crothers Memorial,bike,4.31,14
5963,1,hs_interdisc,Casa Zapata,walk,1.53,16
5964,1,engineering,Branner,bike,4.75,13
5965,3,hs_interdisc,Mirrielees,walk,1.61,17
5966,3,hs_interdisc,Crothers Memorial,bike,5.14,14
5967,4,hs_interdisc,EVGR,walk,1.3,15
5968,1,hs_interdisc,Lantana,bike,5.7,14
5969,2,doerr,Trancos,bike,4.37,17
5970,1,engineering,Branner,bike,4.04,13
5971,3,engineering,Roble Hall,bike,5.62,12
5972,3,engineering,Casa Zapata,bike,5.66,13
5973,1,hs_social,Cedro,bike,5.55,19
5974,4,engineering,Twain,walk,1.45,13
5975,1,engineering,Donner,walk,1.34,16
5976,1,engineering,Otero,bike,5.44,13
5977,2,engineering,EAST,bike,5.61,14
5978,2,hs_social,Sally Ride,bike,4.86,12
5979,2,hs_interdisc,Ujamaa,bike,4.89,16
5980,2,hs_interdisc,Meier,walk,1.45,13
5981,2,hs_interdisc,Adams,bike,4.51,14
5982,1,doerr,Arroyo,bike,4.33,16
5983,3,hs_interdisc,Jerry,bike,5.68,15
5984,4,hs_humanities,Junipero,bike,4.13,13
5985,2,engineering,Adelfa,bike,5.11,15
5986,2,engineering,Sally Ride,walk,1.47,16
5987,4,hs_interdisc,Ng,bike,4.88,13
5988,4,engineering,Roble Hall,bike,5.58,13
5989,1,hs_social,Burbank,bike,4.25,16
5990,4,engineering,Alpha Phi/KKG,bike,5.14,13
5991,2,hs_interdisc,Crothers Memorial,bike,4.75,15
5992,3,doerr,Roble Hall,bike,4.46,14
5993,2,hs_natural,Sally Ride,bike,4.69,16
5994,2,hs_interdisc,Paloma,bike,4.98,17
5995,2,hs_humanities,Roble Hall,bike,5.1,12
5996,3,engineering,Roble Hall,bike,4.81,16
5997,4,engineering,Mirrielees,bike,4.05,12
5998,4,hs_interdisc,Loro,bike,5.33,13
5999,2,engineering,Roble Hall,walk,1.64,16
6000,2,hs_natural,Norcliffe,bike,4.43,16
6001,3,hs_natural,Sigma Phi Epsilon,walk,1.36,12
6002,3,engineering,Toyon,walk,1.34,13
6003,3,engineering,Mirrielees,electric,7.77,12
6004,4,engineering,Mirrielees,bike,4.06,15
6005,1,hs_social,Casa Zapata,walk,1.64,15
6006,1,hs_social,Branner,bike,4.96,14
6007,1,engineering,Arroyo,bike,5.65,16
6008,4,hs_interdisc,Kimball,bike,4.56,17
6009,2,engineering,Robert Moore North,bike,4.81,15
6010,4,engineering,Kappa Sigma,bike,5.44,12
6011,4,engineering,Toyon,bike,4.12,16
6012,1,hs_interdisc,Cardenal,walk,1.54,14
6013,3,hs_social,Sally Ride,bike,4.33,18
6014,2,engineering,Ujamaa,bike,4.95,12
6015,4,hs_humanities,Mirrielees,bike,4.67,15
6016,2,hs_interdisc,Faisan,bike,5.03,17
6017,1,hs_natural,West Lagunita,bike,5.69,16
6018,4,hs_natural,EVGR,bike,4.23,15
6019,4,engineering,Adelfa,electric,6.88,19
6020,4,engineering,Alpha Phi/KKG,walk,1.48,12
6021,4,engineering,Meier,electric,7.66,13
6022,4,engineering,Hammarskjold,bike,5.03,15
6023,4,engineering,Faisan,bike,4.12,14
6024,2,engineering,Meier,bike,5.02,12
6025,1,engineering,Otero,bike,4.4,12
6026,2,hs_interdisc,Faisan,bike,4.37,16
6027,4,hs_social,Okada,walk,1.64,14
6028,1,engineering,Rinconada,bike,5.64,12
6029,1,hs_social,Burbank,bike,4.89,13
6030,2,hs_natural,Burbank,bike,4.18,15
6031,3,engineering,550 Lasuen,bike,5.35,17
6032,2,engineering,Hammarskjold,bike,4.27,14
6033,1,hs_interdisc,Castano,bike,5.17,15
6034,3,engineering,Potter,bike,5.6,14
6035,3,hs_interdisc,Kappa Alpha,bike,4.05,14
6036,1,engineering,Potter,bike,5.33,13
6037,4,hs_natural,Mirrielees,bike,5.32,14
6038,4,hs_interdisc,Twain,bike,5.35,20
6039,3,hs_humanities,Kappa Sigma,bike,4.65,16
6040,2,hs_interdisc,Enchanted Broccoli Forest,bike,4.8,13
6041,4,engineering,Kimball,bike,5.26,16
6042,1,hs_interdisc,Alondra,walk,1.44,15
6043,2,hs_social,Ujamaa,bike,4.89,14
6044,3,engineering,EVGR,bike,4.52,16
6045,2,engineering,Adams,bike,5.3,14
6046,4,hs_humanities,Kimball,bike,4.19,17
6047,2,engineering,Murray,walk,1.63,14
6048,3,hs_interdisc,EVGR,walk,1.43,15
6049,1,engineering,Cedro,bike,5.2,12
6050,2,hs_interdisc,Okada,bike,4.75,12
6051,3,hs_social,Roble Hall,bike,4.79,14
6052,3,hs_natural,Burbank,bike,5.67,12
6053,1,hs_interdisc,Branner,walk,1.5,12
6054,1,hs_humanities,Mirlo,walk,1.36,15
6055,4,engineering,Narnia,walk,1.33,12
6056,4,hs_interdisc,Delta Delta Delta,walk,1.66,12
6057,1,hs_social,Soto,electric,6.97,18
6058,2,hs_interdisc,Meier,walk,1.62,12
6059,2,hs_interdisc,Meier,bike,4.18,16
6060,2,doerr,Ujamaa,bike,4.89,13
6061,2,engineering,Roble Hall,bike,4.99,13
6062,3,hs_interdisc,Ujamaa,bike,5.75,16
6063,4,hs_interdisc,Durand,bike,5.74,12
6064,1,engineering,Larkin,bike,5.17,13
6065,3,engineering,Roth,bike,4.76,13
6066,2,hs_social,Terra,bike,4.72,17
6067,3,hs_interdisc,Toussaint,bike,4.74,15
6068,1,hs_social,West Lagunita,walk,1.34,16
6069,1,hs_natural,Robinson,bike,5.19,17
6070,1,hs_interdisc,Larkin,bike,4.82,14
6071,4,engineering,Xanadu,walk,1.49,15
6072,2,engineering,Otero,bike,4.49,15
6073,2,engineering,Sally Ride,bike,4.11,18
6074,3,hs_interdisc,ZAP,walk,1.52,17
6075,4,hs_social,Crothers Memorial,electric,6.71,12
6076,2,hs_interdisc,Roble Hall,walk,1.59,17
6077,1,engineering,Otero,electric,6.98,13
6078,1,hs_interdisc,Otero,bike,5.26,14
6079,4,hs_humanities,EVGR,bike,4.29,12
6080,3,engineering,Okada,bike,5.5,18
6081,4,hs_interdisc,EVGR,walk,1.34,14
6082,4,hs_humanities,Govco Suites,bike,4.99,15
6083,2,hs_social,Trancos,bike,4.08,14
6084,4,hs_interdisc,Roble Hall,bike,4.66,17
6085,4,engineering,Twain,bike,4.77,16
6086,1,hs_natural,Larkin,bike,5.11,16
6087,2,hs_interdisc,Junipero,bike,5.15,15
6088,2,hs_natural,Adelfa,bike,4.39,18
6089,3,engineering,Mirrielees,bike,5.2,14
6090,4,hs_humanities,Adams,bike,5.63,16
6091,2,hs_humanities,Meier,electric,6.76,14
6092,2,hs_interdisc,Phi Kappa Psi,bike,5.7,16
6093,4,hs_social,Crothers Memorial,bike,4.45,18
6094,4,hs_humanities,Potter,walk,1.41,12
6095,3,hs_interdisc,Kappa Alpha Theta,electric,6.55,16
6096,4,hs_social,Mirrielees,bike,4.39,17
6097,4,engineering,Sigma Phi Epsilon,bike,5.48,12
6098,2,hs_social,Roble Hall,walk,1.39,14
6099,4,hs_social,Cardenal,bike,5.16,16
6100,1,engineering,Crothers,bike,4.61,15
6101,3,hs_interdisc,Kappa Alpha Theta,bike,4.28,14
6102,3,hs_interdisc,Roble Hall,bike,4.2,14
6103,3,hs_interdisc,Phi Kappa Psi,walk,1.63,17
6104,3,hs_interdisc,Toyon,bike,4.2,16
6105,1,doerr,Okada,bike,4.81,12
6106,4,engineering,EAST,bike,4.46,17
6107,4,hs_natural,550 Lasuen,bike,5.18,13
6108,3,hs_natural,EVGR,bike,5.67,14
6109,4,hs_humanities,Ujamaa,bike,4.91,16
6110,1,hs_interdisc,Larkin,bike,5.79,15
6111,2,hs_natural,Otero,bike,4.5,16
6112,4,hs_interdisc,Meier,bike,5.03,14
6113,2,engineering,Kappa Sigma,bike,4.26,18
6114,2,hs_social,Crothers Memorial,bike,4.14,12
6115,3,engineering,Loro,bike,4.07,14
6116,3,engineering,Columbae,bike,4.03,15
6117,1,hs_humanities,Castano,bike,5.21,15
6118,2,engineering,Norcliffe,bike,5.36,16
6119,4,engineering,aKDPhi/Chi Omega,bike,4.23,17
6120,3,engineering,Burbank,bike,5.51,16
6121,2,hs_interdisc,Murray,bike,4.76,14
6122,1,engineering,Branner,walk,1.69,14
6123,1,hs_natural,Otero,bike,4.25,15
6124,3,hs_social,Crothers Memorial,bike,4.5,14
6125,2,hs_interdisc,Sally Ride,bike,5.66,17
6126,1,hs_natural,Mirlo,walk,1.47,15
6127,1,engineering,Crothers,bike,5.27,15
6128,2,hs_natural,Murray,bike,5.04,12
6129,4,engineering,Mirrielees,bike,5.63,15
6130,2,engineering,Meier,bike,5.61,15
6131,2,hs_natural,Hammarskjold,bike,4.65,13
6132,4,hs_interdisc,Toyon,bike,4.15,12
6133,2,hs_interdisc,Norcliffe,bike,4.14,14
6134,2,engineering,Kappa Alpha Theta,bike,4.63,14
6135,3,engineering,Neptune,walk,1.45,15
6136,3,hs_social,ZAP,bike,4.28,17
6137,2,hs_interdisc,Yost,bike,5.26,15
6138,4,hs_social,Toyon,walk,1.31,12
6139,2,engineering,Toyon,bike,4.05,15
6140,4,engineering,Mirrielees,bike,5.6,15
6141,4,engineering,BOB,walk,1.38,13
6142,3,engineering,Kimball,bike,5.52,14
6143,1,engineering,Crothers,bike,4.96,16
6144,3,engineering,Adams,bike,5.27,13
6145,4,engineering,EVGR,walk,1.44,14
6146,2,engineering,Crothers Memorial,bike,5.41,12
6147,4,hs_social,EVGR,walk,1.7,16
6148,2,hs_interdisc,Cardenal,walk,1.48,14
6149,4,engineering,Adams,bike,4.65,15
6150,2,hs_social,Crothers Memorial,walk,1.3,14
6151,2,hs_interdisc,Kappa Alpha Theta,bike,4.33,14
6152,4,hs_interdisc,ZAP,bike,5.79,18
6153,2,hs_interdisc,Sigma Phi Epsilon,bike,5.38,14
6154,3,hs_social,Kappa Alpha,bike,4.45,14
6155,4,hs_humanities,Kimball,bike,4.04,16
6156,4,hs_humanities,Kappa Sigma,bike,4.7,12
6157,1,engineering,Ujamaa,walk,1.57,16
6158,1,engineering,Crothers,walk,1.55,12
6159,2,hs_natural,Trancos,bike,5.08,13
6160,1,engineering,Lantana,bike,4.78,17
6161,1,engineering,Alondra,bike,4.86,16
6162,3,engineering,Xanadu,bike,5.09,14
6163,3,hs_social,Mirrielees,walk,1.66,15
6164,2,hs_social,Loro,walk,1.56,14
6165,1,hs_social,Otero,walk,1.31,16
6166,1,hs_humanities,Donner,bike,4.75,20
6167,2,hs_humanities,Twain,bike,4.89,15
6168,2,hs_social,Sally Ride,bike,4.9,16
6169,4,hs_interdisc,Faisan,bike,5.31,15
6170,2,hs_interdisc,Delta Delta Delta,bike,4.54,15
6171,1,hs_natural,Ujamaa,bike,4.64,14
6172,3,engineering,Adams,bike,4.83,13
6173,2,engineering,Toyon,bike,5.25,17
6174,3,hs_humanities,EVGR,walk,1.43,13
6175,4,engineering,EVGR,bike,5.62,12
6176,3,hs_interdisc,Roble Hall,walk,1.36,17
6177,3,hs_interdisc,Adams,bike,5.69,16
6178,2,engineering,Roble Hall,bike,5.74,17
6179,2,engineering,Ng,bike,4.98,14
6180,1,engineering,Larkin,bike,5.48,12
6181,3,engineering,Narnia,electric,6.57,17
6182,1,hs_social,Larkin,walk,1.38,13
6183,2,engineering,Roble Hall,walk,1.31,14
6184,2,engineering,Casa Zapata,walk,1.59,16
6185,1,hs_social,Castano,bike,4.48,14
6186,2,engineering,Crothers Memorial,bike,5.19,20
6187,2,hs_natural,Paloma,walk,1.51,15
6188,4,engineering,Crothers Memorial,bike,5.52,13
6189,1,hs_interdisc,Otero,bike,5.71,16
6190,4,engineering,EVGR,bike,5.41,16
6191,4,hs_interdisc,Sigma Phi Epsilon,bike,5.35,12
6192,3,hs_natural,Cardenal,bike,5.02,13
6193,1,hs_interdisc,Crothers,bike,5.37,18
6194,3,engineering,Sigma Nu,bike,5.3,14
6195,3,hs_social,Trancos,bike,5.64,16
6196,3,hs_interdisc,Mirrielees,bike,4.25,17
6197,2,engineering,Robert Moore North,bike,4.1,13
6198,1,engineering,West Lagunita,walk,1.52,14
6199,3,doerr,EVGR,bike,4.66,13
6200,2,hs_social,Roble Hall,walk,1.47,13
6201,3,hs_social,Grove,bike,4.53,17
6202,1,hs_interdisc,Crothers,bike,5.34,12
6203,4,hs_social,Narnia,bike,4.94,12
6204,2,hs_interdisc,Gavilan,bike,5.73,13
6205,2,engineering,Kairos,walk,1.62,15
6206,4,hs_interdisc,Norcliffe,bike,4.82,14
6207,3,hs_social,Sigma Nu,bike,5.22,16
6208,2,engineering,Roble Hall,bike,4.18,14
6209,4,engineering,Meier,bike,4.88,12
6210,4,engineering,Govco Suites,bike,4.3,14
6211,3,doerr,Jerry,bike,5.12,15
6212,3,hs_interdisc,Govco Suites,bike,5.73,13
6213,1,engineering,Okada,bike,4.79,15
6214,1,engineering,Crothers,bike,4.93,14
6215,1,engineering,Castano,bike,4.94,14
6216,1,hs_interdisc,Potter,bike,5.04,13
6217,4,engineering,Mirrielees,bike,4.94,16
6218,2,hs_natural,Crothers Memorial,bike,4.12,17
6219,2,hs_interdisc,Kappa Alpha Theta,walk,1.3,12
6220,2,engineering,Kimball,walk,1.4,14
6221,2,engineering,Sigma Nu,bike,4.76,12
6222,2,engineering,Murray,bike,4.63,13
6223,3,hs_natural,Mirrielees,bike,5.13,16
6224,2,hs_social,Casa Zapata,bike,4.51,17
6225,2,hs_natural,Loro,bike,4.62,15
6226,3,doerr,Meier,bike,4.36,13
6227,4,engineering,EVGR,walk,1.62,13
6228,4,hs_interdisc,680 Lomita,walk,1.46,15
6229,1,hs_social,Robinson,bike,5.17,13
6230,3,hs_humanities,Otero,bike,4.02,15
6231,3,hs_humanities,Roble Hall,walk,1.31,17
6232,3,hs_humanities,Kimball,bike,4.87,12
6233,4,hs_natural,Roble Hall,bike,4.37,12
6234,3,hs_humanities,Kappa Sigma,bike,4.44,15
6235,1,engineering,Crothers,bike,4.69,13
6236,2,hs_social,Delta Delta Delta,bike,4.29,12
6237,1,hs_interdisc,Alondra,bike,4.65,16
6238,4,hs_social,BOB,walk,1.33,12
6239,4,engineering,Sally Ride,bike,4.58,13
6240,4,engineering,Pi Beta Phi,walk,1.48,15
6241,1,hs_humanities,Muwekma-Tah-Ruk,bike,4.64,15
6242,2,engineering,Potter,walk,1.57,14
6243,2,hs_social,Crothers Memorial,bike,4.06,13
6244,1,engineering,Donner,walk,1.42,13
6245,3,engineering,EVGR,bike,5.09,15
6246,1,hs_interdisc,Larkin,electric,7.9,12
6247,4,hs_social,680 Lomita,bike,4.59,15
6248,4,engineering,Grove,bike,5.59,12
6249,3,engineering,Mirrielees,bike,5.12,18
6250,3,hs_interdisc,Toyon,bike,5.29,13
6251,1,engineering,West Lagunita,walk,1.6,15
6252,1,hs_interdisc,Robinson,bike,4.32,15
6253,1,hs_interdisc,Potter,bike,4.03,18
6254,2,hs_social,Loro,bike,5.14,13
6255,2,engineering,Crothers Memorial,bike,5.11,17
6256,3,engineering,Norcliffe,bike,4.23,14
6257,1,hs_social,Lantana,bike,5.49,14
6258,2,hs_humanities,Roble Hall,walk,1.61,12
6259,2,hs_natural,Sigma Phi Epsilon,walk,1.46,14
6260,4,hs_natural,Mirrielees,walk,1.32,12
6261,1,engineering,Lantana,bike,5.21,14
6262,1,hs_social,Donner,bike,5.1,16
6263,1,hs_natural,Arroyo,bike,5.58,12
6264,3,engineering,Trancos,bike,5.79,15
6265,4,hs_social,Storey,walk,1.47,13
6266,3,hs_interdisc,EVGR,bike,5.49,13
6267,4,hs_social,Adams,bike,4.5,12
6268,1,hs_interdisc,Robinson,bike,5.54,15
6269,1,hs_humanities,Castano,bike,5.46,18
6270,1,hs_social,Otero,bike,5.28,14
6271,4,engineering,Adelfa,walk,1.68,17
6272,1,engineering,Casa Zapata,walk,1.56,12
6273,4,hs_social,Govco Suites,walk,1.47,12
6274,2,hs_interdisc,Roble Hall,bike,5.66,16
6275,3,hs_social,EVGR,walk,1.55,15
6276,2,hs_interdisc,Paloma,walk,1.61,15
6277,2,hs_interdisc,Sally Ride,bike,5.79,14
6278,1,engineering,Larkin,bike,5.64,15
6279,2,hs_natural,Alpha Phi/KKG,bike,4.95,15
6280,3,engineering,Alpha Phi/KKG,bike,4.93,17
6281,1,hs_natural,Castano,bike,5.4,14
6282,3,engineering,Pluto,walk,1.41,14
6283,4,hs_interdisc,Govco Suites,bike,5.45,15
6284,2,hs_social,Paloma,bike,5.63,15
6285,4,engineering,680 Lomita,bike,4.43,16
6286,4,hs_interdisc,Junipero,bike,4.46,17
6287,4,hs_social,Synergy,bike,5.79,18
6288,1,engineering,Cardenal,walk,1.43,15
6289,3,engineering,Synergy,bike,4.62,17
6290,4,hs_social,Otero,bike,4.14,13
6291,3,engineering,EVGR,bike,4.42,15
6292,1,hs_natural,Donner,bike,4.41,13
6293,2,hs_interdisc,Casa Zapata,walk,1.7,13
6294,1,hs_social,Schiff,bike,5.71,14
6295,4,engineering,Yost,bike,5.29,15
6296,1,engineering,Robinson,bike,4.31,17
6297,4,doerr,Otero,walk,1.51,12
6298,3,engineering,Govco Suites,bike,4.66,14
6299,1,engineering,Muwekma-Tah-Ruk,bike,4.14,15
6300,1,hs_humanities,Ujamaa,bike,5.71,12
6301,4,hs_interdisc,Govco Suites,bike,4.83,13
6302,1,engineering,Castano,bike,4.91,17
6303,4,engineering,Crothers Memorial,walk,1.69,13
6304,1,engineering,Schiff,electric,7.1,14
6305,1,hs_interdisc,West Lagunita,bike,4.35,14
6306,3,hs_social,Junipero,bike,5.51,14
6307,2,hs_humanities,Toyon,bike,5.0,15
6308,3,hs_social,EVGR,bike,5.78,13
6309,4,hs_interdisc,Terra,bike,5.77,13
6310,2,hs_natural,Crothers Memorial,bike,4.94,16
6311,4,engineering,BOB,bike,5.19,12
6312,2,hs_interdisc,Cardenal,bike,4.29,13
6313,4,hs_interdisc,Mirrielees,electric,7.55,15
6314,2,hs_natural,Toyon,bike,4.9,17
6315,4,hs_natural,Potter,walk,1.7,16
6316,3,hs_interdisc,576 Alvarado,walk,1.36,12
6317,2,hs_social,Sigma Phi Epsilon,bike,4.73,17
6318,1,hs_social,West Lagunita,bike,5.17,16
6319,2,hs_social,Kairos,bike,5.21,16
6320,4,hs_interdisc,Toussaint,bike,5.69,13
6321,1,hs_interdisc,Lantana,bike,5.41,12
6322,2,hs_natural,Hammarskjold,bike,5.29,13
6323,2,hs_humanities,Junipero,walk,1.48,14
6324,1,doerr,Crothers,bike,5.53,15
6325,2,hs_interdisc,Kimball,bike,4.99,16
6326,4,engineering,Hammarskjold,bike,4.59,14
6327,3,hs_interdisc,Mirrielees,walk,1.32,15
6328,4,hs_interdisc,Roth,bike,4.46,14
6329,3,engineering,EVGR,electric,6.97,17
6330,4,hs_interdisc,Crothers Memorial,bike,5.24,14
6331,2,hs_natural,Sigma Phi Epsilon,bike,4.24,13
6332,3,engineering,Phi Kappa Psi,walk,1.63,12
6333,4,engineering,Robert Moore North,bike,4.7,16
6334,4,hs_natural,Ng,bike,4.48,15
6335,2,hs_social,Robert Moore North,bike,5.56,12
6336,3,hs_interdisc,Meier,walk,1.33,13
6337,1,hs_interdisc,Casa Zapata,bike,4.3,12
6338,1,hs_social,Crothers,walk,1.67,14
6339,1,engineering,Schiff,bike,4.27,14
6340,4,engineering,Casa Zapata,walk,1.66,14
6341,3,hs_interdisc,576 Alvarado,bike,5.63,14
6342,4,engineering,Toyon,bike,4.36,16
6343,1,engineering,Ujamaa,walk,1.54,12
6344,3,engineering,Faisan,bike,4.42,15
6345,3,hs_humanities,Pi Beta Phi,bike,5.0,17
6346,3,hs_interdisc,Junipero,bike,4.7,17
6347,3,hs_social,Warehaus,bike,5.16,13
6348,3,engineering,Xanadu,bike,5.32,16
6349,1,engineering,Lantana,bike,4.27,15
6350,4,engineering,Kappa Alpha,walk,1.66,14
6351,1,hs_interdisc,Schiff,bike,4.73,15
6352,3,engineering,Roth,walk,1.58,15
6353,2,hs_interdisc,Twain,bike,4.93,15
6354,4,hs_humanities,Meier,walk,1.59,14
6355,4,engineering,Warehaus,walk,1.65,14
6356,1,hs_interdisc,Larkin,bike,4.96,15
6357,2,hs_social,Ujamaa,electric,7.21,12
6358,4,engineering,Murray,bike,4.41,15
6359,4,hs_interdisc,Kappa Alpha Theta,bike,4.22,12
6360,2,hs_natural,Toyon,walk,1.58,15
6361,1,engineering,Alondra,bike,5.49,15
6362,2,hs_interdisc,Paloma,bike,4.11,15
6363,3,engineering,680 Lomita,bike,5.1,17
6364,3,hs_social,Sigma Nu,bike,4.7,16
6365,2,hs_interdisc,Ng,electric,7.21,16
6366,3,hs_social,Govco Suites,bike,4.0,19
6367,4,hs_natural,550 Lasuen,walk,1.68,12
6368,1,hs_interdisc,Donner,bike,5.14,14
6369,3,hs_natural,Mirrielees,walk,1.44,19
6370,4,hs_interdisc,Toyon,bike,5.42,15
6371,2,engineering,Meier,bike,5.05,15
6372,2,engineering,Okada,bike,4.31,13
6373,2,hs_natural,Adams,walk,1.33,15
6374,3,hs_interdisc,Pi Beta Phi,bike,4.46,18
6375,1,engineering,Schiff,bike,5.5,17
6376,2,hs_natural,576 Alvarado,bike,4.73,12
6377,3,engineering,Columbae,walk,1.55,12
6378,1,hs_interdisc,Mirlo,bike,5.64,13
6379,1,hs_natural,Burbank,bike,4.64,13
6380,4,hs_interdisc,Norcliffe,bike,5.21,16
6381,4,hs_interdisc,Paloma,walk,1.52,18
6382,1,hs_interdisc,West Lagunita,bike,5.76,13
6383,4,engineering,Loro,walk,1.68,14
6384,1,engineering,Rinconada,bike,4.04,15
6385,4,hs_natural,EVGR,bike,4.22,18
6386,4,hs_social,Robert Moore North,bike,4.82,18
6387,2,hs_interdisc,Crothers Memorial,walk,1.38,12
6388,4,hs_social,Govco Suites,walk,1.35,18
6389,1,hs_social,Branner,bike,5.18,15
6390,4,hs_natural,Enchanted Broccoli Forest,walk,1.46,16
6391,3,engineering,Mirrielees,bike,5.8,12
6392,4,engineering,Storey,bike,4.56,12
6393,4,hs_humanities,Roth,bike,4.24,13
6394,3,engineering,Potter,bike,5.26,13
6395,4,hs_interdisc,Meier,bike,5.77,14
6396,2,engineering,Casa Zapata,walk,1.31,17
6397,1,hs_natural,Arroyo,bike,5.46,14
6398,4,hs_natural,Govco Suites,bike,5.31,15
6399,3,hs_interdisc,EVGR,bike,4.4,12
6400,2,hs_interdisc,Roble Hall,bike,4.51,20
6401,4,engineering,Murray,bike,5.44,14
6402,3,engineering,Robert Moore North,walk,1.44,15
6403,3,engineering,Narnia,bike,5.15,15
6404,4,engineering,Okada,bike,5.3,14
6405,1,engineering,Ujamaa,bike,4.84,13
6406,4,hs_interdisc,Xanadu,bike,4.47,15
6407,4,hs_interdisc,Potter,bike,5.11,17
6408,3,engineering,Crothers Memorial,walk,1.51,17
6409,3,hs_natural,Casa Zapata,bike,4.78,16
6410,3,hs_social,Norcliffe,bike,5.46,16
6411,2,engineering,Sally Ride,bike,5.4,16
6412,3,engineering,Trancos,walk,1.66,16
6413,3,engineering,Faisan,bike,4.07,13
6414,1,hs_social,Burbank,bike,4.11,12
6415,1,hs_interdisc,Burbank,walk,1.4,12
6416,2,engineering,Sigma Nu,walk,1.62,13
6417,4,hs_social,EAST,electric,6.23,13
6418,3,engineering,Columbae,walk,1.53,12
6419,2,hs_natural,Pi Beta Phi,bike,5.21,15
6420,4,hs_natural,EVGR,bike,4.58,12
6421,3,engineering,Delta Delta Delta,bike,5.31,14
6422,1,hs_social,Robinson,walk,1.47,15
6423,2,engineering,Potter,bike,4.84,16
6424,1,engineering,Branner,walk,1.44,15
6425,4,hs_humanities,Otero,walk,1.5,17
6426,3,hs_interdisc,EVGR,bike,5.68,12
6427,2,engineering,Kimball,bike,5.6,13
6428,1,engineering,Ujamaa,bike,5.35,13
6429,1,engineering,Branner,bike,4.18,12
6430,4,engineering,Mirrielees,walk,1.56,12
6431,4,engineering,Sally Ride,electric,6.23,14
6432,3,engineering,Burbank,bike,5.63,14
6433,4,hs_natural,Kairos,bike,4.07,15
6434,2,hs_interdisc,Crothers Memorial,walk,1.38,16
6435,2,engineering,576 Alvarado,bike,4.88,12
6436,4,engineering,Delta Delta Delta,walk,1.68,14
6437,4,hs_humanities,EVGR,bike,5.33,13
6438,1,hs_natural,Crothers,bike,4.72,19
6439,2,hs_interdisc,Sally Ride,bike,4.22,16
6440,3,hs_humanities,EVGR,walk,1.38,13
6441,2,hs_social,Hammarskjold,walk,1.65,14
6442,4,hs_interdisc,Mirrielees,walk,1.51,13
6443,3,hs_humanities,Govco Suites,bike,4.21,12
6444,2,hs_interdisc,Loro,bike,4.68,14
6445,1,hs_interdisc,Castano,bike,5.41,12
6446,2,hs_social,Adelfa,bike,4.58,17
6447,2,hs_interdisc,Kappa Alpha Theta,walk,1.56,16
6448,1,hs_humanities,Potter,electric,6.8,14
6449,3,hs_interdisc,Ujamaa,walk,1.38,14
6450,1,hs_social,Crothers,bike,4.69,12
6451,1,engineering,Donner,bike,4.17,16
6452,1,hs_humanities,West Lagunita,bike,5.04,15
6453,1,hs_social,Casa Zapata,bike,4.02,18
6454,4,engineering,Potter,bike,5.55,12
6455,1,hs_interdisc,Ujamaa,bike,4.31,13
6456,4,hs_interdisc,Mirrielees,bike,5.7,12
6457,2,hs_social,EAST,bike,5.25,14
6458,2,hs_interdisc,Toyon,bike,4.82,14
6459,1,hs_natural,Ujamaa,bike,5.03,14
6460,2,hs_interdisc,Adelfa,walk,1.35,13
6461,3,hs_natural,550 Lasuen,bike,4.39,17
6462,3,hs_interdisc,Otero,bike,4.33,17
6463,4,hs_interdisc,Meier,walk,1.67,13
6464,2,hs_interdisc,Twain,walk,1.51,12
6465,1,hs_interdisc,Robinson,bike,4.47,13
6466,4,hs_interdisc,Junipero,bike,5.54,16
6467,1,engineering,Arroyo,bike,4.21,14
6468,3,hs_interdisc,BOB,bike,5.12,15
6469,4,hs_interdisc,Norcliffe,bike,5.45,14
6470,2,engineering,Toyon,bike,4.24,17
6471,4,engineering,Trancos,bike,5.73,12
6472,1,hs_interdisc,Robinson,bike,5.07,15
6473,3,hs_natural,Narnia,bike,4.21,12
6474,3,engineering,Ng,bike,4.15,14
6475,1,hs_interdisc,Lantana,bike,5.44,15
6476,1,engineering,Branner,bike,4.15,16
6477,3,hs_natural,Kimball,bike,5.76,14
6478,3,hs_interdisc,Casa Zapata,electric,7.89,12
6479,1,engineering,Donner,bike,4.07,18
6480,4,engineering,Phi Kappa Psi,bike,4.12,14
6481,1,hs_social,Robinson,bike,5.06,17
6482,3,hs_social,Adelfa,bike,5.34,12
6483,3,engineering,Potter,walk,1.31,15
6484,3,hs_interdisc,Okada,bike,4.17,16
6485,4,hs_social,Otero,walk,1.46,17
6486,1,hs_interdisc,Schiff,bike,5.31,12
6487,1,engineering,Crothers,walk,1.43,15
6488,4,hs_natural,Jerry,bike,5.27,12
6489,3,engineering,Mirrielees,bike,4.48,14
6490,1,doerr,Rinconada,bike,5.71,13
6491,4,hs_humanities,Faisan,bike,4.72,18
6492,4,engineering,Govco Suites,bike,4.67,13
6493,4,engineering,Roble Hall,bike,4.77,16
6494,4,engineering,Ng,bike,5.16,15
6495,2,engineering,Ujamaa,bike,4.08,16
6496,4,hs_natural,Grove,walk,1.41,12
6497,3,hs_natural,Twain,bike,5.77,17
6498,2,engineering,Junipero,walk,1.4,15
6499,3,hs_interdisc,EVGR,walk,1.51,16
6500,3,hs_social,Robert Moore North,bike,5.47,17
6501,4,hs_interdisc,Grove,bike,5.17,14
6502,2,hs_humanities,Toyon,walk,1.51,12
6503,4,engineering,Kappa Sigma,bike,5.07,15
6504,4,hs_social,Roble Hall,bike,5.2,12
6505,2,hs_interdisc,Adelfa,bike,5.72,12
6506,1,engineering,Mirlo,bike,5.08,20
6507,2,engineering,Roble Hall,bike,4.32,18
6508,1,engineering,Donner,bike,5.59,14
6509,2,hs_natural,Terra,bike,4.89,17
6510,3,engineering,Okada,bike,5.66,14
6511,3,engineering,Durand,bike,4.63,13
6512,2,hs_humanities,Kappa Alpha Theta,walk,1.41,13
6513,1,hs_interdisc,Donner,walk,1.7,14
6514,1,hs_social,Robinson,bike,4.85,15
6515,2,hs_humanities,Junipero,bike,5.52,18
6516,4,engineering,Crothers Memorial,bike,5.79,17
6517,4,hs_social,Okada,bike,5.51,14
6518,3,engineering,Pi Beta Phi,bike,4.95,15
6519,1,engineering,Crothers,bike,4.74,14
6520,3,engineering,ZAP,bike,5.24,15
6521,3,hs_interdisc,Storey,walk,1.6,18
6522,4,hs_natural,Casa Zapata,bike,4.44,16
6523,3,hs_social,EVGR,electric,6.49,12
6524,4,hs_social,Adams,walk,1.47,16
6525,2,engineering,Norcliffe,bike,4.2,19
6526,1,engineering,Larkin,bike,4.57,17
6527,2,engineering,Adelfa,walk,1.69,16
6528,1,hs_social,Cardenal,bike,5.77,15
6529,1,hs_social,Okada,bike,4.01,17
6530,3,engineering,EVGR,walk,1.62,14
6531,1,hs_interdisc,Branner,bike,4.98,16
6532,3,engineering,Crothers Memorial,walk,1.51,15
6533,4,engineering,EVGR,walk,1.7,12
6534,1,hs_natural,Donner,bike,5.35,14
6535,1,hs_interdisc,Arroyo,bike,4.38,12
6536,3,engineering,Twain,walk,1.65,16
6537,1,hs_social,Donner,bike,4.46,14
6538,4,engineering,Pi Beta Phi,walk,1.48,14
6539,1,engineering,Donner,bike,5.66,13
6540,4,hs_humanities,Potter,bike,5.73,13
6541,3,engineering,Otero,bike,4.14,18
6542,3,engineering,Kimball,walk,1.69,14
6543,1,hs_natural,Ujamaa,bike,5.58,17
6544,1,hs_natural,Ujamaa,bike,5.05,17
6545,2,hs_interdisc,Burbank,bike,4.5,15
6546,3,engineering,Twain,walk,1.5,15
6547,1,hs_social,Cedro,bike,5.12,16
6548,1,engineering,Ujamaa,bike,5.42,15
6549,1,hs_humanities,Rinconada,bike,4.91,16
6550,1,engineering,Robinson,walk,1.33,14
6551,4,engineering,EVGR,bike,4.35,14
6552,1,engineering,Mirlo,bike,4.66,14
6553,3,hs_social,EVGR,bike,4.58,12
6554,4,hs_social,ZAP,bike,4.97,15
6555,3,hs_natural,Roble Hall,bike,5.39,18
6556,3,hs_social,Burbank,bike,4.05,15
6557,2,hs_social,Adams,bike,4.34,16
6558,2,hs_social,Okada,bike,4.93,13
6559,2,hs_natural,EAST,walk,1.58,13
6560,4,engineering,Roth,bike,4.97,17
6561,3,hs_social,Synergy,bike,5.45,16
6562,1,hs_social,Larkin,bike,5.74,13
6563,3,hs_social,Naranja,walk,1.61,16
6564,1,hs_natural,Casa Zapata,bike,4.03,15
6565,1,engineering,Larkin,bike,5.41,13
6566,4,hs_social,Sigma Nu,walk,1.48,12
6567,1,hs_interdisc,Castano,walk,1.52,12
6568,1,hs_social,Ujamaa,bike,4.34,15
6569,3,engineering,Crothers Memorial,bike,4.76,15
6570,1,hs_interdisc,Larkin,bike,5.77,15
6571,4,engineering,Roth,bike,5.12,15
6572,3,hs_social,Crothers Memorial,bike,5.52,13
6573,1,hs_humanities,Muwekma-Tah-Ruk,bike,4.96,13
6574,3,hs_humanities,Adams,bike,5.62,14
6575,4,engineering,Cardenal,electric,6.47,16
6576,1,hs_social,Castano,bike,5.74,16
6577,2,hs_social,Terra,bike,5.79,15
6578,3,engineering,Alpha Phi/KKG,bike,5.23,13
6579,3,hs_natural,Toyon,bike,4.59,16
6580,1,hs_interdisc,Rinconada,bike,4.15,12
6581,4,engineering,EVGR,bike,5.69,12
6582,4,hs_social,Adams,bike,4.41,17
6583,2,hs_social,Trancos,bike,4.44,15
6584,1,engineering,Crothers,bike,4.2,12
6585,3,hs_interdisc,Mirrielees,walk,1.51,14
6586,2,hs_interdisc,Robert Moore North,bike,5.56,17
6587,2,hs_social,Twain,electric,7.17,16
6588,2,hs_interdisc,576 Alvarado,electric,6.5,13
6589,4,hs_interdisc,Potter,bike,5.68,18
6590,2,hs_social,Adelfa,bike,5.36,14
6591,2,engineering,Otero,bike,5.73,15
6592,3,engineering,Mirrielees,bike,5.71,14
6593,3,engineering,Crothers Memorial,bike,5.45,12
6594,3,hs_social,Toyon,bike,5.07,17
6595,4,hs_natural,Roble Hall,bike,5.79,15
6596,3,hs_natural,Roble Hall,bike,5.35,17
6597,1,engineering,West Lagunita,walk,1.34,19
6598,4,hs_humanities,EVGR,electric,6.17,14
6599,1,hs_social,Otero,walk,1.51,13
6600,1,hs_natural,West Lagunita,bike,5.73,12
6601,2,hs_social,Meier,bike,4.86,16
6602,1,hs_natural,Lantana,electric,6.02,14
6603,4,engineering,Robert Moore North,bike,5.11,15
6604,1,hs_humanities,Arroyo,bike,4.95,16
6605,2,engineering,Enchanted Broccoli Forest,bike,4.84,14
6606,4,hs_social,Ujamaa,bike,4.34,17
6607,4,engineering,Crothers Memorial,bike,4.84,14
6608,4,hs_natural,EVGR,walk,1.57,19
6609,1,hs_interdisc,Branner,walk,1.35,13
6610,3,engineering,Kappa Alpha Theta,walk,1.38,13
6611,2,hs_social,Kimball,walk,1.66,15
6612,2,hs_social,Roble Hall,bike,5.78,15
6613,1,hs_interdisc,Alondra,bike,4.67,15
6614,4,engineering,Otero,electric,6.3,15
6615,2,engineering,Otero,bike,4.04,16
6616,2,hs_natural,Twain,bike,5.75,15
6617,1,hs_interdisc,Alondra,bike,5.63,14
6618,2,hs_interdisc,Roble Hall,walk,1.4,17
6619,2,engineering,Twain,bike,4.59,14
6620,4,hs_interdisc,Kimball,bike,5.24,14
6621,2,hs_natural,Okada,bike,5.62,15
6622,4,hs_natural,Jerry,bike,5.56,13
6623,3,engineering,Mirrielees,bike,5.38,14
6624,1,hs_natural,West Lagunita,bike,5.31,12
6625,2,engineering,Phi Kappa Psi,walk,1.45,12
6626,4,hs_social,Delta Delta Delta,bike,5.7,14
6627,3,hs_social,Toussaint,bike,5.32,16
6628,4,engineering,Kimball,walk,1.4,14
6629,1,hs_social,Otero,walk,1.35,14
6630,1,engineering,Alondra,bike,5.27,13
6631,2,hs_interdisc,Synergy,bike,5.45,12
6632,2,engineering,Junipero,walk,1.48,12
6633,3,engineering,Trancos,walk,1.33,15
6634,1,hs_humanities,West Lagunita,bike,5.71,13
6635,2,hs_natural,Potter,bike,4.48,15
6636,4,hs_interdisc,Roble Hall,bike,5.03,14
6637,4,engineering,Kimball,walk,1.58,15
6638,2,hs_interdisc,Sigma Phi Epsilon,walk,1.65,18
6639,4,engineering,Synergy,bike,4.22,16
6640,1,hs_humanities,Rinconada,bike,5.04,12
6641,1,engineering,Arroyo,bike,4.23,12
6642,3,hs_interdisc,Crothers Memorial,bike,4.64,13
6643,4,hs_interdisc,Okada,bike,4.33,14
6644,1,hs_interdisc,Potter,walk,1.47,14
6645,4,hs_social,Okada,bike,4.63,15
6646,4,engineering,Adelfa,bike,4.16,18
6647,1,hs_natural,Lantana,bike,5.11,13
6648,2,hs_interdisc,Columbae,bike,4.88,17
6649,2,hs_social,Cardenal,bike,5.66,13
6650,2,hs_social,Adams,bike,4.35,12
6651,1,hs_social,Donner,bike,4.32,16
6652,3,engineering,Trancos,walk,1.36,14
6653,3,engineering,EAST,bike,4.26,12
6654,3,engineering,Norcliffe,walk,1.39,15
6655,1,hs_natural,Burbank,bike,4.89,15
6656,4,hs_natural,aKDPhi/Chi Omega,walk,1.38,13
6657,1,hs_interdisc,Burbank,bike,5.08,12
6658,3,hs_interdisc,Govco Suites,bike,5.67,16
6659,3,hs_interdisc,Sally Ride,bike,4.08,15
6660,2,hs_interdisc,Hammarskjold,bike,5.53,14
6661,2,engineering,Kappa Alpha Theta,bike,5.5,13
6662,1,engineering,Arroyo,walk,1.56,12
6663,2,hs_social,Meier,walk,1.41,15
6664,3,hs_interdisc,Paloma,walk,1.59,18
6665,3,engineering,Roth,bike,4.09,14
6666,3,hs_humanities,EVGR,bike,5.1,13
6667,3,engineering,550 Lasuen,electric,6.25,13
6668,1,hs_interdisc,Donner,bike,4.86,12
6669,1,hs_social,Ujamaa,bike,4.57,14
6670,2,engineering,Okada,bike,4.27,12
6671,3,hs_interdisc,Synergy,bike,5.19,14
6672,2,engineering,Adelfa,walk,1.52,12
6673,2,engineering,Yost,bike,4.57,13
6674,2,engineering,Kimball,bike,5.34,13
6675,4,hs_social,Roble Hall,electric,6.43,14
6676,2,hs_interdisc,Ujamaa,bike,4.66,17
6677,4,engineering,EVGR,bike,5.41,17
6678,4,hs_natural,Roble Hall,bike,5.8,15
6679,4,hs_social,Meier,bike,5.2,14
6680,1,engineering,Cardenal,bike,5.49,13
6681,1,engineering,Soto,bike,5.56,17
6682,4,hs_interdisc,EVGR,bike,4.95,16
6683,2,hs_social,576 Alvarado,bike,4.44,12
6684,1,hs_social,Okada,walk,1.55,13
6685,4,engineering,Mirrielees,electric,7.34,14
6686,3,engineering,Roth,walk,1.43,15
6687,3,hs_interdisc,Durand,walk,1.45,15
6688,3,engineering,Sigma Phi Epsilon,bike,5.63,13
6689,1,engineering,Castano,walk,1.62,12
6690,1,hs_natural,Crothers,bike,4.2,14
6691,4,engineering,Crothers Memorial,bike,5.24,14
6692,3,engineering,Sigma Nu,bike,4.15,15
6693,3,hs_social,Norcliffe,bike,4.3,13
6694,3,engineering,Norcliffe,bike,4.62,15
6695,4,hs_humanities,Durand,bike,4.14,12
6696,2,engineering,Roble Hall,walk,1.33,19
6697,1,hs_natural,Otero,bike,4.52,17
6698,1,hs_interdisc,Lantana,bike,4.32,18
6699,1,hs_interdisc,Castano,bike,5.63,16
